assay,model,beta_k,beta_sev,D,n_cells,k_max
A4_HUMAN_Seuma_2022,Site_Independent,-0.165,0.83512,-0.67012,6,2
A4_HUMAN_Seuma_2022,EVmutation,-0.27902,0.7314,-0.45238,6,2
A4_HUMAN_Seuma_2022,DeepSequence_ensemble,-0.19601,0.36222,-0.16621,6,2
A4_HUMAN_Seuma_2022,EVE_ensemble,-0.38572,0.67643,-0.29072,6,2
A4_HUMAN_Seuma_2022,MSA_Transformer_ensemble,0.45229,0.82881,-0.37651,6,2
A4_HUMAN_Seuma_2022,ESM1b,-0.19273,0.77486,-0.58213,6,2
A4_HUMAN_Seuma_2022,ESM1v_ensemble,0.17307,0.81218,-0.63911,6,2
A4_HUMAN_Seuma_2022,ESM2_8M,0.12505,0.71773,-0.59269,6,2
A4_HUMAN_Seuma_2022,ESM2_35M,0.21386,0.8067,-0.59283,6,2
A4_HUMAN_Seuma_2022,ESM2_150M,0.22598,0.77231,-0.54633,6,2
A4_HUMAN_Seuma_2022,ESM2_650M,0.0582,0.8601,-0.8019,6,2
A4_HUMAN_Seuma_2022,ESM2_3B,-0.16126,0.76781,-0.60655,6,2
A4_HUMAN_Seuma_2022,ESM2_15B,-0.54815,0.19271,0.35543,6,2
A4_HUMAN_Seuma_2022,RITA_l,0.01118,0.80809,-0.79691,6,2
A4_HUMAN_Seuma_2022,Progen2_large,-0.09797,0.79236,-0.69439,6,2
A4_HUMAN_Seuma_2022,GEMME,-0.07408,0.71853,-0.64445,6,2
A4_HUMAN_Seuma_2022,ProtGPT2,1.04878,0.42664,0.62214,6,2
AMFR_HUMAN_Tsuboyama_2023_4G3O,Site_Independent,0.00959,-0.16863,-0.15905,6,2
AMFR_HUMAN_Tsuboyama_2023_4G3O,EVmutation,-0.60884,-0.11678,0.49206,6,2
AMFR_HUMAN_Tsuboyama_2023_4G3O,DeepSequence_ensemble,-0.80341,-0.46007,0.34333,6,2
AMFR_HUMAN_Tsuboyama_2023_4G3O,EVE_ensemble,-0.79195,-0.36613,0.42582,6,2
AMFR_HUMAN_Tsuboyama_2023_4G3O,MSA_Transformer_ensemble,-0.83995,-0.40565,0.43429,6,2
AMFR_HUMAN_Tsuboyama_2023_4G3O,ESM1b,-0.85681,-0.35004,0.50677,6,2
AMFR_HUMAN_Tsuboyama_2023_4G3O,ESM1v_ensemble,-0.46849,-0.73373,-0.26523,6,2
AMFR_HUMAN_Tsuboyama_2023_4G3O,ESM2_8M,-0.84624,-0.31059,0.53565,6,2
AMFR_HUMAN_Tsuboyama_2023_4G3O,ESM2_35M,0.60469,-0.49744,0.10726,6,2
AMFR_HUMAN_Tsuboyama_2023_4G3O,ESM2_150M,-0.89474,-0.32619,0.56856,6,2
AMFR_HUMAN_Tsuboyama_2023_4G3O,ESM2_650M,-0.87323,-0.31506,0.55817,6,2
AMFR_HUMAN_Tsuboyama_2023_4G3O,ESM2_3B,-0.90164,-0.32414,0.57749,6,2
AMFR_HUMAN_Tsuboyama_2023_4G3O,ESM2_15B,-0.93484,-0.25095,0.68389,6,2
AMFR_HUMAN_Tsuboyama_2023_4G3O,RITA_l,-0.98736,-0.14528,0.84208,6,2
AMFR_HUMAN_Tsuboyama_2023_4G3O,Progen2_large,-0.98876,-0.20599,0.78277,6,2
AMFR_HUMAN_Tsuboyama_2023_4G3O,GEMME,-0.64409,-0.33286,0.31123,6,2
AMFR_HUMAN_Tsuboyama_2023_4G3O,ProtGPT2,-0.93502,-0.28907,0.64595,6,2
BBC1_YEAST_Tsuboyama_2023_1TG0,Site_Independent,-0.96107,-0.10511,0.85595,6,2
BBC1_YEAST_Tsuboyama_2023_1TG0,EVmutation,-0.92781,-0.15794,0.76988,6,2
BBC1_YEAST_Tsuboyama_2023_1TG0,DeepSequence_ensemble,-0.98583,-0.12957,0.85626,6,2
BBC1_YEAST_Tsuboyama_2023_1TG0,EVE_ensemble,-0.98142,-0.11118,0.87023,6,2
BBC1_YEAST_Tsuboyama_2023_1TG0,MSA_Transformer_ensemble,-0.99204,-0.03299,0.95905,6,2
BBC1_YEAST_Tsuboyama_2023_1TG0,ESM1b,-0.98249,-0.14853,0.83396,6,2
BBC1_YEAST_Tsuboyama_2023_1TG0,ESM1v_ensemble,-0.9873,-0.12117,0.86613,6,2
BBC1_YEAST_Tsuboyama_2023_1TG0,ESM2_8M,-0.42782,-0.59031,-0.1625,6,2
BBC1_YEAST_Tsuboyama_2023_1TG0,ESM2_35M,-0.99067,-0.02184,0.96883,6,2
BBC1_YEAST_Tsuboyama_2023_1TG0,ESM2_150M,-0.99328,0.01801,0.97527,6,2
BBC1_YEAST_Tsuboyama_2023_1TG0,ESM2_650M,-0.96839,-0.17872,0.78967,6,2
BBC1_YEAST_Tsuboyama_2023_1TG0,ESM2_3B,-0.96965,-0.19216,0.77749,6,2
BBC1_YEAST_Tsuboyama_2023_1TG0,ESM2_15B,-0.96053,-0.2269,0.73363,6,2
BBC1_YEAST_Tsuboyama_2023_1TG0,RITA_l,-0.98017,-0.09839,0.88178,6,2
BBC1_YEAST_Tsuboyama_2023_1TG0,Progen2_large,-0.9786,-0.12611,0.8525,6,2
BBC1_YEAST_Tsuboyama_2023_1TG0,GEMME,-0.98338,-0.07263,0.91076,6,2
BBC1_YEAST_Tsuboyama_2023_1TG0,ProtGPT2,-0.86353,0.01356,0.84996,6,2
BCHB_CHLTE_Tsuboyama_2023_2KRU,Site_Independent,0.2543,-0.92257,-0.66827,6,2
BCHB_CHLTE_Tsuboyama_2023_2KRU,EVmutation,0.27232,-0.87266,-0.60034,6,2
BCHB_CHLTE_Tsuboyama_2023_2KRU,DeepSequence_ensemble,0.08502,-0.92667,-0.84165,6,2
BCHB_CHLTE_Tsuboyama_2023_2KRU,EVE_ensemble,0.24151,-0.90535,-0.66384,6,2
BCHB_CHLTE_Tsuboyama_2023_2KRU,MSA_Transformer_ensemble,-0.60511,-0.74097,-0.13586,6,2
BCHB_CHLTE_Tsuboyama_2023_2KRU,ESM1b,-0.46786,-0.69736,-0.2295,6,2
BCHB_CHLTE_Tsuboyama_2023_2KRU,ESM1v_ensemble,-0.73862,-0.60866,0.12996,6,2
BCHB_CHLTE_Tsuboyama_2023_2KRU,ESM2_8M,-0.55771,-0.61157,-0.05386,6,2
BCHB_CHLTE_Tsuboyama_2023_2KRU,ESM2_35M,-0.51812,-0.6612,-0.14308,6,2
BCHB_CHLTE_Tsuboyama_2023_2KRU,ESM2_150M,-0.45015,-0.66518,-0.21503,6,2
BCHB_CHLTE_Tsuboyama_2023_2KRU,ESM2_650M,-0.8029,-0.53981,0.26309,6,2
BCHB_CHLTE_Tsuboyama_2023_2KRU,ESM2_3B,-0.36867,-0.82956,-0.46089,6,2
BCHB_CHLTE_Tsuboyama_2023_2KRU,ESM2_15B,-0.46545,-0.78671,-0.32126,6,2
BCHB_CHLTE_Tsuboyama_2023_2KRU,RITA_l,-0.73277,-0.57966,0.15311,6,2
BCHB_CHLTE_Tsuboyama_2023_2KRU,Progen2_large,0.1948,-0.83359,-0.63879,6,2
BCHB_CHLTE_Tsuboyama_2023_2KRU,GEMME,0.88401,-0.37356,0.51046,6,2
BCHB_CHLTE_Tsuboyama_2023_2KRU,ProtGPT2,0.68809,0.1481,0.53999,6,2
CAPSD_AAV2S_Sinai_2021,Site_Independent,0.13602,0.61438,-0.47835,17,26
CAPSD_AAV2S_Sinai_2021,EVmutation,-0.47818,0.42094,0.05724,17,26
CAPSD_AAV2S_Sinai_2021,DeepSequence_ensemble,-0.50231,0.33296,0.16935,17,26
CAPSD_AAV2S_Sinai_2021,EVE_ensemble,-0.49149,0.51209,-0.0206,17,26
CAPSD_AAV2S_Sinai_2021,MSA_Transformer_ensemble,-0.29946,0.69808,-0.39862,17,26
CAPSD_AAV2S_Sinai_2021,ESM1b,-0.53924,-0.01709,0.52215,17,26
CAPSD_AAV2S_Sinai_2021,ESM1v_ensemble,-0.04402,0.42719,-0.38317,17,26
CAPSD_AAV2S_Sinai_2021,ESM2_8M,-0.04592,0.41887,-0.37295,17,26
CAPSD_AAV2S_Sinai_2021,ESM2_35M,0.00143,0.44291,-0.44147,17,26
CAPSD_AAV2S_Sinai_2021,ESM2_150M,-0.01991,0.59578,-0.57587,17,26
CAPSD_AAV2S_Sinai_2021,ESM2_650M,-0.16759,0.48819,-0.3206,17,26
CAPSD_AAV2S_Sinai_2021,ESM2_3B,0.30924,0.18744,0.1218,17,26
CAPSD_AAV2S_Sinai_2021,ESM2_15B,0.41397,-0.58439,-0.17042,17,26
CAPSD_AAV2S_Sinai_2021,RITA_l,0.06481,0.17041,-0.1056,17,26
CAPSD_AAV2S_Sinai_2021,Progen2_large,-0.06249,0.4188,-0.3563,17,26
CAPSD_AAV2S_Sinai_2021,GEMME,0.05213,0.74851,-0.69638,17,26
CAPSD_AAV2S_Sinai_2021,ProtGPT2,-0.83238,0.01887,0.81351,17,26
CATR_CHLRE_Tsuboyama_2023_2AMI,Site_Independent,-0.87006,0.14874,0.72133,6,2
CATR_CHLRE_Tsuboyama_2023_2AMI,EVmutation,-0.93826,0.12412,0.81415,6,2
CATR_CHLRE_Tsuboyama_2023_2AMI,DeepSequence_ensemble,-0.83132,0.34653,0.48479,6,2
CATR_CHLRE_Tsuboyama_2023_2AMI,EVE_ensemble,-0.85987,0.29973,0.56014,6,2
CATR_CHLRE_Tsuboyama_2023_2AMI,MSA_Transformer_ensemble,0.86187,-0.1809,0.68097,6,2
CATR_CHLRE_Tsuboyama_2023_2AMI,ESM1b,0.84576,-0.1225,0.72326,6,2
CATR_CHLRE_Tsuboyama_2023_2AMI,ESM1v_ensemble,0.68954,-0.21893,0.4706,6,2
CATR_CHLRE_Tsuboyama_2023_2AMI,ESM2_8M,0.63138,-0.54362,0.08775,6,2
CATR_CHLRE_Tsuboyama_2023_2AMI,ESM2_35M,0.7438,-0.31724,0.42656,6,2
CATR_CHLRE_Tsuboyama_2023_2AMI,ESM2_150M,0.89158,-0.16899,0.72259,6,2
CATR_CHLRE_Tsuboyama_2023_2AMI,ESM2_650M,0.58075,-0.14818,0.43257,6,2
CATR_CHLRE_Tsuboyama_2023_2AMI,ESM2_3B,0.66615,-0.23904,0.4271,6,2
CATR_CHLRE_Tsuboyama_2023_2AMI,ESM2_15B,0.61073,-0.28414,0.3266,6,2
CATR_CHLRE_Tsuboyama_2023_2AMI,RITA_l,0.64479,-0.20511,0.43968,6,2
CATR_CHLRE_Tsuboyama_2023_2AMI,Progen2_large,0.62056,-0.34549,0.27506,6,2
CATR_CHLRE_Tsuboyama_2023_2AMI,GEMME,-0.41126,0.56469,-0.15343,6,2
CATR_CHLRE_Tsuboyama_2023_2AMI,ProtGPT2,0.58894,-0.12477,0.46417,6,2
CBPA2_HUMAN_Tsuboyama_2023_1O6X,Site_Independent,-0.38825,-0.34878,0.03947,6,2
CBPA2_HUMAN_Tsuboyama_2023_1O6X,EVmutation,-0.42604,-0.36295,0.0631,6,2
CBPA2_HUMAN_Tsuboyama_2023_1O6X,DeepSequence_ensemble,-0.5224,-0.34122,0.18117,6,2
CBPA2_HUMAN_Tsuboyama_2023_1O6X,EVE_ensemble,-0.58331,-0.35021,0.2331,6,2
CBPA2_HUMAN_Tsuboyama_2023_1O6X,MSA_Transformer_ensemble,-0.81253,-0.28435,0.52818,6,2
CBPA2_HUMAN_Tsuboyama_2023_1O6X,ESM1b,-0.73156,-0.0746,0.65695,6,2
CBPA2_HUMAN_Tsuboyama_2023_1O6X,ESM1v_ensemble,-0.80793,-0.04433,0.7636,6,2
CBPA2_HUMAN_Tsuboyama_2023_1O6X,ESM2_8M,-0.9454,0.18096,0.76444,6,2
CBPA2_HUMAN_Tsuboyama_2023_1O6X,ESM2_35M,-0.96561,0.14638,0.81923,6,2
CBPA2_HUMAN_Tsuboyama_2023_1O6X,ESM2_150M,-0.88583,0.19499,0.69084,6,2
CBPA2_HUMAN_Tsuboyama_2023_1O6X,ESM2_650M,-0.81455,-0.07431,0.74024,6,2
CBPA2_HUMAN_Tsuboyama_2023_1O6X,ESM2_3B,-0.94405,-0.05915,0.8849,6,2
CBPA2_HUMAN_Tsuboyama_2023_1O6X,ESM2_15B,-0.84226,-0.25105,0.59121,6,2
CBPA2_HUMAN_Tsuboyama_2023_1O6X,RITA_l,-0.81239,-0.31354,0.49885,6,2
CBPA2_HUMAN_Tsuboyama_2023_1O6X,Progen2_large,-0.46578,-0.41562,0.05016,6,2
CBPA2_HUMAN_Tsuboyama_2023_1O6X,GEMME,-0.30401,-0.03311,0.2709,6,2
CBPA2_HUMAN_Tsuboyama_2023_1O6X,ProtGPT2,0.603,0.59475,0.00825,6,2
CBX4_HUMAN_Tsuboyama_2023_2K28,Site_Independent,-0.85529,0.24233,0.61296,6,2
CBX4_HUMAN_Tsuboyama_2023_2K28,EVmutation,-0.88892,-0.45376,0.43516,6,2
CBX4_HUMAN_Tsuboyama_2023_2K28,DeepSequence_ensemble,0.66521,0.14389,0.52132,6,2
CBX4_HUMAN_Tsuboyama_2023_2K28,EVE_ensemble,-0.20918,0.37213,-0.16296,6,2
CBX4_HUMAN_Tsuboyama_2023_2K28,MSA_Transformer_ensemble,-0.99071,-0.10575,0.88496,6,2
CBX4_HUMAN_Tsuboyama_2023_2K28,ESM1b,-0.06974,-0.15601,-0.08626,6,2
CBX4_HUMAN_Tsuboyama_2023_2K28,ESM1v_ensemble,-0.0201,0.21509,-0.19499,6,2
CBX4_HUMAN_Tsuboyama_2023_2K28,ESM2_8M,-0.71058,-0.63295,0.07763,6,2
CBX4_HUMAN_Tsuboyama_2023_2K28,ESM2_35M,-0.50491,0.19672,0.30819,6,2
CBX4_HUMAN_Tsuboyama_2023_2K28,ESM2_150M,-0.68379,0.14281,0.54098,6,2
CBX4_HUMAN_Tsuboyama_2023_2K28,ESM2_650M,-0.66021,0.39061,0.26959,6,2
CBX4_HUMAN_Tsuboyama_2023_2K28,ESM2_3B,-0.98342,-0.16423,0.81919,6,2
CBX4_HUMAN_Tsuboyama_2023_2K28,ESM2_15B,-0.74485,0.13876,0.60608,6,2
CBX4_HUMAN_Tsuboyama_2023_2K28,RITA_l,0.50107,0.27709,0.22399,6,2
CBX4_HUMAN_Tsuboyama_2023_2K28,Progen2_large,0.24447,0.35295,-0.10847,6,2
CBX4_HUMAN_Tsuboyama_2023_2K28,GEMME,-0.87248,0.30633,0.56614,6,2
CBX4_HUMAN_Tsuboyama_2023_2K28,ProtGPT2,0.61926,0.66721,-0.04795,6,2
CSN4_MOUSE_Tsuboyama_2023_1UFM,Site_Independent,-0.03781,-0.69341,-0.65559,6,2
CSN4_MOUSE_Tsuboyama_2023_1UFM,EVmutation,-0.13682,-0.50243,-0.36561,6,2
CSN4_MOUSE_Tsuboyama_2023_1UFM,DeepSequence_ensemble,-0.87698,-0.55435,0.32263,6,2
CSN4_MOUSE_Tsuboyama_2023_1UFM,EVE_ensemble,-0.79792,-0.5226,0.27532,6,2
CSN4_MOUSE_Tsuboyama_2023_1UFM,MSA_Transformer_ensemble,-0.79645,-0.62784,0.1686,6,2
CSN4_MOUSE_Tsuboyama_2023_1UFM,ESM1b,-0.62152,-0.67102,-0.04951,6,2
CSN4_MOUSE_Tsuboyama_2023_1UFM,ESM1v_ensemble,-0.7056,-0.4961,0.2095,6,2
CSN4_MOUSE_Tsuboyama_2023_1UFM,ESM2_8M,0.64992,-0.09819,0.55172,6,2
CSN4_MOUSE_Tsuboyama_2023_1UFM,ESM2_35M,-0.64846,-0.60662,0.04184,6,2
CSN4_MOUSE_Tsuboyama_2023_1UFM,ESM2_150M,-0.94569,-0.28843,0.65726,6,2
CSN4_MOUSE_Tsuboyama_2023_1UFM,ESM2_650M,0.09331,-0.73428,-0.64098,6,2
CSN4_MOUSE_Tsuboyama_2023_1UFM,ESM2_3B,-0.88139,-0.46121,0.42018,6,2
CSN4_MOUSE_Tsuboyama_2023_1UFM,ESM2_15B,-0.79747,-0.69962,0.09785,6,2
CSN4_MOUSE_Tsuboyama_2023_1UFM,RITA_l,-0.3005,-0.74493,-0.44444,6,2
CSN4_MOUSE_Tsuboyama_2023_1UFM,Progen2_large,-0.6583,-0.73631,-0.07801,6,2
CSN4_MOUSE_Tsuboyama_2023_1UFM,GEMME,-0.6145,-0.08918,0.52532,6,2
CSN4_MOUSE_Tsuboyama_2023_1UFM,ProtGPT2,-0.93267,0.13609,0.79658,6,2
CUE1_YEAST_Tsuboyama_2023_2MYX,Site_Independent,-0.53196,-0.76946,-0.2375,6,2
CUE1_YEAST_Tsuboyama_2023_2MYX,EVmutation,-0.85147,-0.44444,0.40703,6,2
CUE1_YEAST_Tsuboyama_2023_2MYX,DeepSequence_ensemble,-0.83423,-0.46287,0.37136,6,2
CUE1_YEAST_Tsuboyama_2023_2MYX,EVE_ensemble,-0.83285,-0.49625,0.3366,6,2
CUE1_YEAST_Tsuboyama_2023_2MYX,MSA_Transformer_ensemble,-0.92084,-0.22365,0.69719,6,2
CUE1_YEAST_Tsuboyama_2023_2MYX,ESM1b,-0.44501,-0.30982,0.13519,6,2
CUE1_YEAST_Tsuboyama_2023_2MYX,ESM1v_ensemble,-0.08732,-0.77246,-0.68514,6,2
CUE1_YEAST_Tsuboyama_2023_2MYX,ESM2_8M,-0.59548,-0.62152,-0.02604,6,2
CUE1_YEAST_Tsuboyama_2023_2MYX,ESM2_35M,0.58282,-0.45359,0.12923,6,2
CUE1_YEAST_Tsuboyama_2023_2MYX,ESM2_150M,-0.55437,-0.78308,-0.22872,6,2
CUE1_YEAST_Tsuboyama_2023_2MYX,ESM2_650M,-0.59845,-0.67811,-0.07966,6,2
CUE1_YEAST_Tsuboyama_2023_2MYX,ESM2_3B,-0.84426,-0.6065,0.23776,6,2
CUE1_YEAST_Tsuboyama_2023_2MYX,ESM2_15B,-0.90628,-0.3799,0.52638,6,2
CUE1_YEAST_Tsuboyama_2023_2MYX,RITA_l,-0.57475,-0.45662,0.11813,6,2
CUE1_YEAST_Tsuboyama_2023_2MYX,Progen2_large,-0.8332,-0.49292,0.34028,6,2
CUE1_YEAST_Tsuboyama_2023_2MYX,GEMME,-0.82613,-0.26907,0.55706,6,2
CUE1_YEAST_Tsuboyama_2023_2MYX,ProtGPT2,0.45496,-0.28159,0.17337,6,2
D7PM05_CLYGR_Somermeyer_2022,Site_Independent,-0.79879,-0.08339,0.7154,18,23
D7PM05_CLYGR_Somermeyer_2022,EVmutation,-0.82246,-0.23668,0.58578,18,23
D7PM05_CLYGR_Somermeyer_2022,DeepSequence_ensemble,-0.84712,-0.11129,0.73584,18,23
D7PM05_CLYGR_Somermeyer_2022,EVE_ensemble,-0.84766,-0.19918,0.64848,18,23
D7PM05_CLYGR_Somermeyer_2022,MSA_Transformer_ensemble,-0.84485,-0.21972,0.62513,18,23
D7PM05_CLYGR_Somermeyer_2022,ESM1b,0.34814,-0.28953,0.05862,18,23
D7PM05_CLYGR_Somermeyer_2022,ESM1v_ensemble,0.39677,-0.28294,0.11384,18,23
D7PM05_CLYGR_Somermeyer_2022,ESM2_8M,0.20151,-0.20865,-0.00714,18,23
D7PM05_CLYGR_Somermeyer_2022,ESM2_35M,0.27086,-0.27109,-0.00023,18,23
D7PM05_CLYGR_Somermeyer_2022,ESM2_150M,0.53868,-0.21918,0.3195,18,23
D7PM05_CLYGR_Somermeyer_2022,ESM2_650M,0.43739,-0.27935,0.15804,18,23
D7PM05_CLYGR_Somermeyer_2022,ESM2_3B,0.20729,-0.03821,0.16908,18,23
D7PM05_CLYGR_Somermeyer_2022,ESM2_15B,-0.25796,-0.38164,-0.12369,18,23
D7PM05_CLYGR_Somermeyer_2022,RITA_l,0.13027,-0.54624,-0.41596,18,23
D7PM05_CLYGR_Somermeyer_2022,Progen2_large,0.40866,0.06913,0.33953,18,23
D7PM05_CLYGR_Somermeyer_2022,GEMME,-0.82777,-0.22528,0.6025,18,23
D7PM05_CLYGR_Somermeyer_2022,ProtGPT2,0.23043,-0.11799,0.11244,18,23
DLG4_HUMAN_Faure_2021,Site_Independent,0.73944,-0.07137,0.66807,6,2
DLG4_HUMAN_Faure_2021,EVmutation,0.8046,-0.22232,0.58228,6,2
DLG4_HUMAN_Faure_2021,DeepSequence_ensemble,0.9389,-0.12539,0.81351,6,2
DLG4_HUMAN_Faure_2021,EVE_ensemble,0.91828,-0.10353,0.81474,6,2
DLG4_HUMAN_Faure_2021,MSA_Transformer_ensemble,0.72893,0.0463,0.68262,6,2
DLG4_HUMAN_Faure_2021,ESM1b,0.98692,-0.04037,0.94655,6,2
DLG4_HUMAN_Faure_2021,ESM1v_ensemble,0.97884,0.10588,0.87295,6,2
DLG4_HUMAN_Faure_2021,ESM2_8M,0.30941,0.31227,-0.00286,6,2
DLG4_HUMAN_Faure_2021,ESM2_35M,0.53559,0.38954,0.14605,6,2
DLG4_HUMAN_Faure_2021,ESM2_150M,0.75281,0.04567,0.70714,6,2
DLG4_HUMAN_Faure_2021,ESM2_650M,0.72714,0.19686,0.53028,6,2
DLG4_HUMAN_Faure_2021,ESM2_3B,0.23807,-0.34424,-0.10617,6,2
DLG4_HUMAN_Faure_2021,ESM2_15B,0.12288,-0.64792,-0.52504,6,2
DLG4_HUMAN_Faure_2021,RITA_l,0.9082,0.30423,0.60397,6,2
DLG4_HUMAN_Faure_2021,Progen2_large,0.83608,0.48512,0.35096,6,2
DLG4_HUMAN_Faure_2021,GEMME,0.93013,0.33733,0.5928,6,2
DLG4_HUMAN_Faure_2021,ProtGPT2,0.85028,0.38033,0.46995,6,2
DNJA1_HUMAN_Tsuboyama_2023_2LO1,Site_Independent,-0.56863,-0.42933,0.1393,6,2
DNJA1_HUMAN_Tsuboyama_2023_2LO1,EVmutation,-0.46385,-0.40779,0.05606,6,2
DNJA1_HUMAN_Tsuboyama_2023_2LO1,DeepSequence_ensemble,-0.82562,-0.39847,0.42715,6,2
DNJA1_HUMAN_Tsuboyama_2023_2LO1,EVE_ensemble,-0.76071,-0.49215,0.26856,6,2
DNJA1_HUMAN_Tsuboyama_2023_2LO1,MSA_Transformer_ensemble,0.65839,0.46982,0.18857,6,2
DNJA1_HUMAN_Tsuboyama_2023_2LO1,ESM1b,-0.49102,-0.71369,-0.22267,6,2
DNJA1_HUMAN_Tsuboyama_2023_2LO1,ESM1v_ensemble,-0.84702,-0.30922,0.53781,6,2
DNJA1_HUMAN_Tsuboyama_2023_2LO1,ESM2_8M,-0.65965,0.12281,0.53684,6,2
DNJA1_HUMAN_Tsuboyama_2023_2LO1,ESM2_35M,-0.90843,-0.15149,0.75695,6,2
DNJA1_HUMAN_Tsuboyama_2023_2LO1,ESM2_150M,-0.92629,-0.14998,0.7763,6,2
DNJA1_HUMAN_Tsuboyama_2023_2LO1,ESM2_650M,-0.93965,-0.09051,0.84914,6,2
DNJA1_HUMAN_Tsuboyama_2023_2LO1,ESM2_3B,-0.90824,-0.29878,0.60945,6,2
DNJA1_HUMAN_Tsuboyama_2023_2LO1,ESM2_15B,-0.95055,-0.21465,0.7359,6,2
DNJA1_HUMAN_Tsuboyama_2023_2LO1,RITA_l,0.90693,0.2927,0.61423,6,2
DNJA1_HUMAN_Tsuboyama_2023_2LO1,Progen2_large,0.91059,0.20576,0.70483,6,2
DNJA1_HUMAN_Tsuboyama_2023_2LO1,GEMME,-0.67262,-0.18475,0.48787,6,2
DNJA1_HUMAN_Tsuboyama_2023_2LO1,ProtGPT2,0.89408,0.09754,0.79654,6,2
DOCK1_MOUSE_Tsuboyama_2023_2M0Y,Site_Independent,-0.14203,0.41868,-0.27664,6,2
DOCK1_MOUSE_Tsuboyama_2023_2M0Y,EVmutation,0.04066,0.36997,-0.32931,6,2
DOCK1_MOUSE_Tsuboyama_2023_2M0Y,DeepSequence_ensemble,-0.1298,0.57088,-0.44108,6,2
DOCK1_MOUSE_Tsuboyama_2023_2M0Y,EVE_ensemble,0.65212,0.45409,0.19803,6,2
DOCK1_MOUSE_Tsuboyama_2023_2M0Y,MSA_Transformer_ensemble,-0.62107,0.10079,0.52028,6,2
DOCK1_MOUSE_Tsuboyama_2023_2M0Y,ESM1b,-0.84265,-0.03995,0.8027,6,2
DOCK1_MOUSE_Tsuboyama_2023_2M0Y,ESM1v_ensemble,-0.83541,-0.09046,0.74495,6,2
DOCK1_MOUSE_Tsuboyama_2023_2M0Y,ESM2_8M,-0.48564,0.40886,0.07678,6,2
DOCK1_MOUSE_Tsuboyama_2023_2M0Y,ESM2_35M,-0.85097,0.03894,0.81203,6,2
DOCK1_MOUSE_Tsuboyama_2023_2M0Y,ESM2_150M,-0.87564,0.01596,0.85968,6,2
DOCK1_MOUSE_Tsuboyama_2023_2M0Y,ESM2_650M,-0.86464,0.03636,0.82828,6,2
DOCK1_MOUSE_Tsuboyama_2023_2M0Y,ESM2_3B,-0.89027,-0.12921,0.76106,6,2
DOCK1_MOUSE_Tsuboyama_2023_2M0Y,ESM2_15B,-0.8344,-0.23182,0.60258,6,2
DOCK1_MOUSE_Tsuboyama_2023_2M0Y,RITA_l,-0.79872,0.00454,0.79418,6,2
DOCK1_MOUSE_Tsuboyama_2023_2M0Y,Progen2_large,-0.90439,-0.02935,0.87505,6,2
DOCK1_MOUSE_Tsuboyama_2023_2M0Y,GEMME,-0.59296,0.29671,0.29624,6,2
DOCK1_MOUSE_Tsuboyama_2023_2M0Y,ProtGPT2,-0.84134,0.01134,0.83,6,2
EPHB2_HUMAN_Tsuboyama_2023_1F0M,Site_Independent,-0.75021,-0.3952,0.35501,6,2
EPHB2_HUMAN_Tsuboyama_2023_1F0M,EVmutation,-0.84849,-0.29311,0.55538,6,2
EPHB2_HUMAN_Tsuboyama_2023_1F0M,DeepSequence_ensemble,-0.81043,-0.37625,0.43418,6,2
EPHB2_HUMAN_Tsuboyama_2023_1F0M,EVE_ensemble,-0.83049,-0.34977,0.48072,6,2
EPHB2_HUMAN_Tsuboyama_2023_1F0M,MSA_Transformer_ensemble,-0.8764,-0.30007,0.57633,6,2
EPHB2_HUMAN_Tsuboyama_2023_1F0M,ESM1b,-0.87313,-0.31402,0.55911,6,2
EPHB2_HUMAN_Tsuboyama_2023_1F0M,ESM1v_ensemble,-0.83077,-0.32302,0.50775,6,2
EPHB2_HUMAN_Tsuboyama_2023_1F0M,ESM2_8M,-0.48207,-0.14783,0.33424,6,2
EPHB2_HUMAN_Tsuboyama_2023_1F0M,ESM2_35M,-0.80181,-0.38011,0.4217,6,2
EPHB2_HUMAN_Tsuboyama_2023_1F0M,ESM2_150M,-0.86899,-0.29562,0.57337,6,2
EPHB2_HUMAN_Tsuboyama_2023_1F0M,ESM2_650M,-0.88158,-0.27675,0.60483,6,2
EPHB2_HUMAN_Tsuboyama_2023_1F0M,ESM2_3B,-0.83756,-0.33849,0.49907,6,2
EPHB2_HUMAN_Tsuboyama_2023_1F0M,ESM2_15B,-0.87201,-0.32526,0.54676,6,2
EPHB2_HUMAN_Tsuboyama_2023_1F0M,RITA_l,-0.82791,-0.37216,0.45575,6,2
EPHB2_HUMAN_Tsuboyama_2023_1F0M,Progen2_large,-0.78092,-0.4493,0.33162,6,2
EPHB2_HUMAN_Tsuboyama_2023_1F0M,GEMME,-0.90512,-0.07501,0.8301,6,2
EPHB2_HUMAN_Tsuboyama_2023_1F0M,ProtGPT2,-0.51807,-0.44062,0.07745,6,2
F7YBW8_MESOW_Aakre_2015,Site_Independent,0.77821,-0.34504,0.43317,9,4
F7YBW8_MESOW_Aakre_2015,EVmutation,-0.93929,-0.23853,0.70076,9,4
F7YBW8_MESOW_Aakre_2015,DeepSequence_ensemble,-0.94258,-0.26455,0.67803,9,4
F7YBW8_MESOW_Aakre_2015,EVE_ensemble,-0.86164,-0.40815,0.45349,9,4
F7YBW8_MESOW_Aakre_2015,MSA_Transformer_ensemble,-0.49092,-0.66264,-0.17173,9,4
F7YBW8_MESOW_Aakre_2015,ESM1b,-0.60778,-0.47928,0.1285,9,4
F7YBW8_MESOW_Aakre_2015,ESM1v_ensemble,-0.54254,-0.61529,-0.07275,9,4
F7YBW8_MESOW_Aakre_2015,ESM2_8M,0.91135,-0.16538,0.74598,9,4
F7YBW8_MESOW_Aakre_2015,ESM2_35M,0.84348,-0.31033,0.53315,9,4
F7YBW8_MESOW_Aakre_2015,ESM2_150M,0.89101,-0.24463,0.64637,9,4
F7YBW8_MESOW_Aakre_2015,ESM2_650M,-0.49089,-0.42988,0.06102,9,4
F7YBW8_MESOW_Aakre_2015,ESM2_3B,0.47028,-0.55897,-0.08869,9,4
F7YBW8_MESOW_Aakre_2015,ESM2_15B,-0.76073,-0.37501,0.38571,9,4
F7YBW8_MESOW_Aakre_2015,RITA_l,0.76891,-0.34849,0.42042,9,4
F7YBW8_MESOW_Aakre_2015,Progen2_large,-0.79653,-0.51753,0.27899,9,4
F7YBW8_MESOW_Aakre_2015,GEMME,-0.38286,-0.78804,-0.40518,9,4
F7YBW8_MESOW_Aakre_2015,ProtGPT2,0.76665,-0.27943,0.48722,9,4
F7YBW8_MESOW_Ding_2023,Site_Independent,-0.53887,0.07102,0.46786,18,10
F7YBW8_MESOW_Ding_2023,EVmutation,-0.55114,-0.12293,0.42821,18,10
F7YBW8_MESOW_Ding_2023,DeepSequence_ensemble,-0.44847,-0.16411,0.28435,18,10
F7YBW8_MESOW_Ding_2023,EVE_ensemble,-0.47564,-0.2652,0.21044,18,10
F7YBW8_MESOW_Ding_2023,MSA_Transformer_ensemble,-0.03528,-0.54416,-0.50888,18,10
F7YBW8_MESOW_Ding_2023,ESM1b,-0.07264,-0.46996,-0.39733,18,10
F7YBW8_MESOW_Ding_2023,ESM1v_ensemble,-0.07986,-0.52125,-0.44139,18,10
F7YBW8_MESOW_Ding_2023,ESM2_8M,-0.66549,-0.1194,0.54609,18,10
F7YBW8_MESOW_Ding_2023,ESM2_35M,-0.78767,0.03968,0.74799,18,10
F7YBW8_MESOW_Ding_2023,ESM2_150M,-0.83128,-0.02558,0.8057,18,10
F7YBW8_MESOW_Ding_2023,ESM2_650M,-0.25656,-0.36567,-0.10912,18,10
F7YBW8_MESOW_Ding_2023,ESM2_3B,-0.14286,-0.49271,-0.34985,18,10
F7YBW8_MESOW_Ding_2023,ESM2_15B,-0.26514,-0.56057,-0.29544,18,10
F7YBW8_MESOW_Ding_2023,RITA_l,-0.25714,-0.24991,0.00723,18,10
F7YBW8_MESOW_Ding_2023,Progen2_large,0.07735,-0.48708,-0.40973,18,10
F7YBW8_MESOW_Ding_2023,GEMME,-0.29022,-0.52399,-0.23378,18,10
F7YBW8_MESOW_Ding_2023,ProtGPT2,-0.16102,-0.04442,0.11659,18,10
FECA_ECOLI_Tsuboyama_2023_2D1U,Site_Independent,0.40633,-0.57614,-0.16982,6,2
FECA_ECOLI_Tsuboyama_2023_2D1U,EVmutation,0.12682,-0.77678,-0.64996,6,2
FECA_ECOLI_Tsuboyama_2023_2D1U,DeepSequence_ensemble,-0.13617,-0.11928,0.01689,6,2
FECA_ECOLI_Tsuboyama_2023_2D1U,EVE_ensemble,0.21113,-0.22028,-0.00915,6,2
FECA_ECOLI_Tsuboyama_2023_2D1U,MSA_Transformer_ensemble,-0.44742,-0.34818,0.09924,6,2
FECA_ECOLI_Tsuboyama_2023_2D1U,ESM1b,-0.66039,-0.43034,0.23005,6,2
FECA_ECOLI_Tsuboyama_2023_2D1U,ESM1v_ensemble,-0.365,-0.86172,-0.49672,6,2
FECA_ECOLI_Tsuboyama_2023_2D1U,ESM2_8M,-0.57041,-0.85119,-0.28078,6,2
FECA_ECOLI_Tsuboyama_2023_2D1U,ESM2_35M,-0.37593,-0.8669,-0.49097,6,2
FECA_ECOLI_Tsuboyama_2023_2D1U,ESM2_150M,-0.66908,-0.52478,0.1443,6,2
FECA_ECOLI_Tsuboyama_2023_2D1U,ESM2_650M,-0.70409,-0.44819,0.2559,6,2
FECA_ECOLI_Tsuboyama_2023_2D1U,ESM2_3B,-0.30373,-0.42438,-0.12066,6,2
FECA_ECOLI_Tsuboyama_2023_2D1U,ESM2_15B,-0.00652,-0.48082,-0.47429,6,2
FECA_ECOLI_Tsuboyama_2023_2D1U,RITA_l,0.11842,-0.11752,0.00091,6,2
FECA_ECOLI_Tsuboyama_2023_2D1U,Progen2_large,-0.54333,-0.77789,-0.23456,6,2
FECA_ECOLI_Tsuboyama_2023_2D1U,GEMME,-0.54843,0.67163,-0.12321,6,2
FECA_ECOLI_Tsuboyama_2023_2D1U,ProtGPT2,-0.36912,0.56008,-0.19096,6,2
GCN4_YEAST_Staller_2018,Site_Independent,-0.25394,0.23414,0.0198,13,44
GCN4_YEAST_Staller_2018,EVmutation,-0.16035,0.43643,-0.27608,13,44
GCN4_YEAST_Staller_2018,DeepSequence_ensemble,0.11393,0.41683,-0.30289,13,44
GCN4_YEAST_Staller_2018,EVE_ensemble,0.24221,0.33365,-0.09144,13,44
GCN4_YEAST_Staller_2018,MSA_Transformer_ensemble,-0.74129,-0.04346,0.69783,13,44
GCN4_YEAST_Staller_2018,ESM1b,-0.74238,0.25698,0.48539,13,44
GCN4_YEAST_Staller_2018,ESM1v_ensemble,-0.74623,0.3299,0.41633,13,44
GCN4_YEAST_Staller_2018,ESM2_8M,-0.66874,0.56667,0.10208,13,44
GCN4_YEAST_Staller_2018,ESM2_35M,-0.747,0.44302,0.30398,13,44
GCN4_YEAST_Staller_2018,ESM2_150M,-0.75665,0.29866,0.458,13,44
GCN4_YEAST_Staller_2018,ESM2_650M,-0.7789,0.29803,0.48087,13,44
GCN4_YEAST_Staller_2018,ESM2_3B,-0.77189,0.18747,0.58442,13,44
GCN4_YEAST_Staller_2018,ESM2_15B,-0.68973,0.02656,0.66317,13,44
GCN4_YEAST_Staller_2018,RITA_l,-0.79679,0.45162,0.34517,13,44
GCN4_YEAST_Staller_2018,Progen2_large,-0.70831,0.49384,0.21447,13,44
GCN4_YEAST_Staller_2018,GEMME,0.02289,-0.54161,-0.51872,13,44
GCN4_YEAST_Staller_2018,ProtGPT2,0.01632,-0.57775,-0.56143,13,44
GFP_AEQVI_Sarkisyan_2016,Site_Independent,-0.60357,-0.33426,0.26931,22,13
GFP_AEQVI_Sarkisyan_2016,EVmutation,-0.59895,-0.30202,0.29693,22,13
GFP_AEQVI_Sarkisyan_2016,DeepSequence_ensemble,-0.65409,-0.24357,0.41052,22,13
GFP_AEQVI_Sarkisyan_2016,EVE_ensemble,-0.65154,-0.24094,0.4106,22,13
GFP_AEQVI_Sarkisyan_2016,MSA_Transformer_ensemble,-0.61487,-0.15307,0.46179,22,13
GFP_AEQVI_Sarkisyan_2016,ESM1b,0.0132,-0.28795,-0.27475,22,13
GFP_AEQVI_Sarkisyan_2016,ESM1v_ensemble,-0.22748,-0.19426,0.03321,22,13
GFP_AEQVI_Sarkisyan_2016,ESM2_8M,-0.17063,-0.06462,0.10601,22,13
GFP_AEQVI_Sarkisyan_2016,ESM2_35M,-0.31901,-0.18823,0.13078,22,13
GFP_AEQVI_Sarkisyan_2016,ESM2_150M,-0.12372,-0.24234,-0.11862,22,13
GFP_AEQVI_Sarkisyan_2016,ESM2_650M,-0.1651,-0.262,-0.0969,22,13
GFP_AEQVI_Sarkisyan_2016,ESM2_3B,-0.12114,-0.24721,-0.12607,22,13
GFP_AEQVI_Sarkisyan_2016,ESM2_15B,-0.37542,-0.25053,0.12489,22,13
GFP_AEQVI_Sarkisyan_2016,RITA_l,-0.46591,0.17512,0.29079,22,13
GFP_AEQVI_Sarkisyan_2016,Progen2_large,-0.71718,-0.03082,0.68635,22,13
GFP_AEQVI_Sarkisyan_2016,GEMME,-0.66138,-0.20979,0.45159,22,13
GFP_AEQVI_Sarkisyan_2016,ProtGPT2,-0.51154,-0.032,0.47954,22,13
HECD1_HUMAN_Tsuboyama_2023_3DKM,Site_Independent,-0.97408,-0.20088,0.77321,6,2
HECD1_HUMAN_Tsuboyama_2023_3DKM,EVmutation,-0.97969,0.09488,0.88481,6,2
HECD1_HUMAN_Tsuboyama_2023_3DKM,DeepSequence_ensemble,-0.9743,0.12086,0.85343,6,2
HECD1_HUMAN_Tsuboyama_2023_3DKM,EVE_ensemble,-0.9943,-0.034,0.9603,6,2
HECD1_HUMAN_Tsuboyama_2023_3DKM,MSA_Transformer_ensemble,-0.99365,0.03877,0.95488,6,2
HECD1_HUMAN_Tsuboyama_2023_3DKM,ESM1b,-0.98957,-0.12336,0.86621,6,2
HECD1_HUMAN_Tsuboyama_2023_3DKM,ESM1v_ensemble,-0.12503,-0.72598,-0.60096,6,2
HECD1_HUMAN_Tsuboyama_2023_3DKM,ESM2_8M,-0.01196,-0.48764,-0.47569,6,2
HECD1_HUMAN_Tsuboyama_2023_3DKM,ESM2_35M,0.46362,-0.43254,0.03108,6,2
HECD1_HUMAN_Tsuboyama_2023_3DKM,ESM2_150M,-0.92929,-0.25018,0.67911,6,2
HECD1_HUMAN_Tsuboyama_2023_3DKM,ESM2_650M,-0.99747,-0.04081,0.95666,6,2
HECD1_HUMAN_Tsuboyama_2023_3DKM,ESM2_3B,-0.99309,-0.00468,0.98841,6,2
HECD1_HUMAN_Tsuboyama_2023_3DKM,ESM2_15B,-0.98097,0.08311,0.89786,6,2
HECD1_HUMAN_Tsuboyama_2023_3DKM,RITA_l,-0.96997,-0.17168,0.79829,6,2
HECD1_HUMAN_Tsuboyama_2023_3DKM,Progen2_large,-0.95089,0.07965,0.87124,6,2
HECD1_HUMAN_Tsuboyama_2023_3DKM,GEMME,-0.98798,0.04357,0.94442,6,2
HECD1_HUMAN_Tsuboyama_2023_3DKM,ProtGPT2,-0.9145,-0.14326,0.77125,6,2
HIS7_YEAST_Pokusaeva_2019,Site_Independent,0.49326,0.69143,-0.19817,21,22
HIS7_YEAST_Pokusaeva_2019,EVmutation,0.49072,0.76947,-0.27875,21,22
HIS7_YEAST_Pokusaeva_2019,DeepSequence_ensemble,0.40915,0.8014,-0.39225,21,22
HIS7_YEAST_Pokusaeva_2019,EVE_ensemble,0.47149,0.74538,-0.27389,21,22
HIS7_YEAST_Pokusaeva_2019,MSA_Transformer_ensemble,0.48072,0.77992,-0.29919,21,22
HIS7_YEAST_Pokusaeva_2019,ESM1b,0.46074,0.85224,-0.3915,21,22
HIS7_YEAST_Pokusaeva_2019,ESM1v_ensemble,0.46521,0.81084,-0.34562,21,22
HIS7_YEAST_Pokusaeva_2019,ESM2_8M,0.65053,0.57085,0.07968,21,22
HIS7_YEAST_Pokusaeva_2019,ESM2_35M,0.65108,0.45169,0.1994,21,22
HIS7_YEAST_Pokusaeva_2019,ESM2_150M,0.66718,0.66186,0.00532,21,22
HIS7_YEAST_Pokusaeva_2019,ESM2_650M,0.44004,0.80701,-0.36697,21,22
HIS7_YEAST_Pokusaeva_2019,ESM2_3B,0.54097,0.67558,-0.13461,21,22
HIS7_YEAST_Pokusaeva_2019,ESM2_15B,0.54196,0.74493,-0.20297,21,22
HIS7_YEAST_Pokusaeva_2019,RITA_l,0.45476,0.8018,-0.34704,21,22
HIS7_YEAST_Pokusaeva_2019,Progen2_large,0.49347,0.77728,-0.28381,21,22
HIS7_YEAST_Pokusaeva_2019,GEMME,0.32763,0.87246,-0.54484,21,22
HIS7_YEAST_Pokusaeva_2019,ProtGPT2,0.4026,0.67175,-0.26915,21,22
ISDH_STAAW_Tsuboyama_2023_2LHR,Site_Independent,0.89287,-0.23493,0.65795,6,2
ISDH_STAAW_Tsuboyama_2023_2LHR,EVmutation,0.976,0.03048,0.94552,6,2
ISDH_STAAW_Tsuboyama_2023_2LHR,DeepSequence_ensemble,0.88058,-0.17691,0.70367,6,2
ISDH_STAAW_Tsuboyama_2023_2LHR,EVE_ensemble,0.8441,-0.22135,0.62275,6,2
ISDH_STAAW_Tsuboyama_2023_2LHR,MSA_Transformer_ensemble,0.48039,-0.51886,-0.03847,6,2
ISDH_STAAW_Tsuboyama_2023_2LHR,ESM1b,0.8072,-0.20784,0.59936,6,2
ISDH_STAAW_Tsuboyama_2023_2LHR,ESM1v_ensemble,0.71425,-0.2876,0.42664,6,2
ISDH_STAAW_Tsuboyama_2023_2LHR,ESM2_8M,0.77336,-0.21229,0.56106,6,2
ISDH_STAAW_Tsuboyama_2023_2LHR,ESM2_35M,0.78768,-0.15101,0.63668,6,2
ISDH_STAAW_Tsuboyama_2023_2LHR,ESM2_150M,0.60758,-0.50025,0.10732,6,2
ISDH_STAAW_Tsuboyama_2023_2LHR,ESM2_650M,0.62693,-0.54113,0.0858,6,2
ISDH_STAAW_Tsuboyama_2023_2LHR,ESM2_3B,0.77625,-0.29704,0.47921,6,2
ISDH_STAAW_Tsuboyama_2023_2LHR,ESM2_15B,0.57619,-0.41069,0.1655,6,2
ISDH_STAAW_Tsuboyama_2023_2LHR,RITA_l,-0.89384,0.15146,0.74238,6,2
ISDH_STAAW_Tsuboyama_2023_2LHR,Progen2_large,0.07857,-0.49915,-0.42058,6,2
ISDH_STAAW_Tsuboyama_2023_2LHR,GEMME,0.61566,-0.1687,0.44697,6,2
ISDH_STAAW_Tsuboyama_2023_2LHR,ProtGPT2,-0.59659,-0.24883,0.34777,6,2
MAFG_MOUSE_Tsuboyama_2023_1K1V,Site_Independent,0.1879,-0.80894,-0.62105,6,2
MAFG_MOUSE_Tsuboyama_2023_1K1V,EVmutation,0.248,-0.7353,-0.4873,6,2
MAFG_MOUSE_Tsuboyama_2023_1K1V,DeepSequence_ensemble,0.59133,-0.54669,0.04465,6,2
MAFG_MOUSE_Tsuboyama_2023_1K1V,EVE_ensemble,0.617,-0.52462,0.09238,6,2
MAFG_MOUSE_Tsuboyama_2023_1K1V,MSA_Transformer_ensemble,0.18757,-0.58351,-0.39594,6,2
MAFG_MOUSE_Tsuboyama_2023_1K1V,ESM1b,-1.00672,-0.20982,0.7969,6,2
MAFG_MOUSE_Tsuboyama_2023_1K1V,ESM1v_ensemble,-1.00968,-0.13968,0.87,6,2
MAFG_MOUSE_Tsuboyama_2023_1K1V,ESM2_8M,-0.99661,-0.11482,0.88179,6,2
MAFG_MOUSE_Tsuboyama_2023_1K1V,ESM2_35M,-0.97979,-0.07083,0.90896,6,2
MAFG_MOUSE_Tsuboyama_2023_1K1V,ESM2_150M,-0.9863,-0.05097,0.93533,6,2
MAFG_MOUSE_Tsuboyama_2023_1K1V,ESM2_650M,-0.99432,-0.04116,0.95316,6,2
MAFG_MOUSE_Tsuboyama_2023_1K1V,ESM2_3B,-0.99208,-0.02737,0.9647,6,2
MAFG_MOUSE_Tsuboyama_2023_1K1V,ESM2_15B,-0.93708,-0.04364,0.89344,6,2
MAFG_MOUSE_Tsuboyama_2023_1K1V,RITA_l,-1.01878,-0.15296,0.86582,6,2
MAFG_MOUSE_Tsuboyama_2023_1K1V,Progen2_large,-1.01353,-0.24458,0.76895,6,2
MAFG_MOUSE_Tsuboyama_2023_1K1V,GEMME,0.77939,-0.38449,0.39489,6,2
MAFG_MOUSE_Tsuboyama_2023_1K1V,ProtGPT2,-0.93929,0.10234,0.83695,6,2
MBD11_ARATH_Tsuboyama_2023_6ACV,Site_Independent,-0.16729,-0.57398,-0.40669,6,2
MBD11_ARATH_Tsuboyama_2023_6ACV,EVmutation,-0.34182,-0.60232,-0.2605,6,2
MBD11_ARATH_Tsuboyama_2023_6ACV,DeepSequence_ensemble,-0.62246,-0.5677,0.05476,6,2
MBD11_ARATH_Tsuboyama_2023_6ACV,EVE_ensemble,-0.3439,-0.57249,-0.22859,6,2
MBD11_ARATH_Tsuboyama_2023_6ACV,MSA_Transformer_ensemble,-0.55056,-0.71228,-0.16172,6,2
MBD11_ARATH_Tsuboyama_2023_6ACV,ESM1b,-0.79961,-0.45264,0.34696,6,2
MBD11_ARATH_Tsuboyama_2023_6ACV,ESM1v_ensemble,-0.67678,-0.67567,0.00111,6,2
MBD11_ARATH_Tsuboyama_2023_6ACV,ESM2_8M,-0.26079,-0.7937,-0.53291,6,2
MBD11_ARATH_Tsuboyama_2023_6ACV,ESM2_35M,-0.41158,-0.79633,-0.38475,6,2
MBD11_ARATH_Tsuboyama_2023_6ACV,ESM2_150M,-0.49836,-0.42695,0.07141,6,2
MBD11_ARATH_Tsuboyama_2023_6ACV,ESM2_650M,-0.64197,-0.4775,0.16446,6,2
MBD11_ARATH_Tsuboyama_2023_6ACV,ESM2_3B,-0.66035,-0.49701,0.16334,6,2
MBD11_ARATH_Tsuboyama_2023_6ACV,ESM2_15B,-0.97561,-0.09942,0.87619,6,2
MBD11_ARATH_Tsuboyama_2023_6ACV,RITA_l,-0.1952,-0.80779,-0.61259,6,2
MBD11_ARATH_Tsuboyama_2023_6ACV,Progen2_large,-0.70746,-0.63333,0.07413,6,2
MBD11_ARATH_Tsuboyama_2023_6ACV,GEMME,-0.72423,-0.2073,0.51694,6,2
MBD11_ARATH_Tsuboyama_2023_6ACV,ProtGPT2,0.61998,-0.01672,0.60325,6,2
MYO3_YEAST_Tsuboyama_2023_2BTT,Site_Independent,-0.44679,0.1669,0.27989,6,2
MYO3_YEAST_Tsuboyama_2023_2BTT,EVmutation,-0.70274,-0.54445,0.15829,6,2
MYO3_YEAST_Tsuboyama_2023_2BTT,DeepSequence_ensemble,-0.27374,0.54944,-0.2757,6,2
MYO3_YEAST_Tsuboyama_2023_2BTT,EVE_ensemble,0.03162,0.47252,-0.44091,6,2
MYO3_YEAST_Tsuboyama_2023_2BTT,MSA_Transformer_ensemble,-0.08535,-0.04329,0.04206,6,2
MYO3_YEAST_Tsuboyama_2023_2BTT,ESM1b,-0.17243,-0.90459,-0.73216,6,2
MYO3_YEAST_Tsuboyama_2023_2BTT,ESM1v_ensemble,0.0099,0.63516,-0.62525,6,2
MYO3_YEAST_Tsuboyama_2023_2BTT,ESM2_8M,-0.66554,0.17589,0.48965,6,2
MYO3_YEAST_Tsuboyama_2023_2BTT,ESM2_35M,-0.4078,0.44649,-0.03869,6,2
MYO3_YEAST_Tsuboyama_2023_2BTT,ESM2_150M,0.73681,0.25761,0.4792,6,2
MYO3_YEAST_Tsuboyama_2023_2BTT,ESM2_650M,0.65837,-0.44552,0.21286,6,2
MYO3_YEAST_Tsuboyama_2023_2BTT,ESM2_3B,0.80844,-0.23,0.57844,6,2
MYO3_YEAST_Tsuboyama_2023_2BTT,ESM2_15B,-0.49498,-0.82278,-0.3278,6,2
MYO3_YEAST_Tsuboyama_2023_2BTT,RITA_l,-0.23115,0.5566,-0.32545,6,2
MYO3_YEAST_Tsuboyama_2023_2BTT,Progen2_large,-0.86191,-0.17547,0.68643,6,2
MYO3_YEAST_Tsuboyama_2023_2BTT,GEMME,-0.95704,-0.19668,0.76036,6,2
MYO3_YEAST_Tsuboyama_2023_2BTT,ProtGPT2,-0.76574,0.37815,0.38759,6,2
NKX31_HUMAN_Tsuboyama_2023_2L9R,Site_Independent,-0.62724,-0.36426,0.26298,6,2
NKX31_HUMAN_Tsuboyama_2023_2L9R,EVmutation,-0.64914,-0.28619,0.36295,6,2
NKX31_HUMAN_Tsuboyama_2023_2L9R,DeepSequence_ensemble,-0.89336,-0.3264,0.56696,6,2
NKX31_HUMAN_Tsuboyama_2023_2L9R,EVE_ensemble,-0.89,-0.28539,0.60461,6,2
NKX31_HUMAN_Tsuboyama_2023_2L9R,MSA_Transformer_ensemble,-0.84702,-0.30174,0.54528,6,2
NKX31_HUMAN_Tsuboyama_2023_2L9R,ESM1b,-0.83526,-0.16505,0.67021,6,2
NKX31_HUMAN_Tsuboyama_2023_2L9R,ESM1v_ensemble,-0.82508,-0.22731,0.59776,6,2
NKX31_HUMAN_Tsuboyama_2023_2L9R,ESM2_8M,-0.86912,-0.33988,0.52924,6,2
NKX31_HUMAN_Tsuboyama_2023_2L9R,ESM2_35M,-0.81945,-0.22777,0.59168,6,2
NKX31_HUMAN_Tsuboyama_2023_2L9R,ESM2_150M,-0.89214,-0.2061,0.68604,6,2
NKX31_HUMAN_Tsuboyama_2023_2L9R,ESM2_650M,-0.89558,-0.2572,0.63838,6,2
NKX31_HUMAN_Tsuboyama_2023_2L9R,ESM2_3B,-0.90546,-0.31409,0.59137,6,2
NKX31_HUMAN_Tsuboyama_2023_2L9R,ESM2_15B,-0.88096,-0.31103,0.56993,6,2
NKX31_HUMAN_Tsuboyama_2023_2L9R,RITA_l,-0.81794,-0.15881,0.65913,6,2
NKX31_HUMAN_Tsuboyama_2023_2L9R,Progen2_large,-0.80768,-0.25775,0.54993,6,2
NKX31_HUMAN_Tsuboyama_2023_2L9R,GEMME,-0.88274,-0.17053,0.71221,6,2
NKX31_HUMAN_Tsuboyama_2023_2L9R,ProtGPT2,-0.56533,0.25729,0.30804,6,2
NUSA_ECOLI_Tsuboyama_2023_1WCL,Site_Independent,0.95526,-0.04837,0.90689,6,2
NUSA_ECOLI_Tsuboyama_2023_1WCL,EVmutation,0.50338,0.24609,0.25729,6,2
NUSA_ECOLI_Tsuboyama_2023_1WCL,DeepSequence_ensemble,0.32681,0.4761,-0.14929,6,2
NUSA_ECOLI_Tsuboyama_2023_1WCL,EVE_ensemble,0.15789,0.49477,-0.33688,6,2
NUSA_ECOLI_Tsuboyama_2023_1WCL,MSA_Transformer_ensemble,-0.08194,-0.30141,-0.21947,6,2
NUSA_ECOLI_Tsuboyama_2023_1WCL,ESM1b,0.59578,-0.30519,0.29059,6,2
NUSA_ECOLI_Tsuboyama_2023_1WCL,ESM1v_ensemble,0.47048,-0.55222,-0.08175,6,2
NUSA_ECOLI_Tsuboyama_2023_1WCL,ESM2_8M,0.46202,-0.56294,-0.10092,6,2
NUSA_ECOLI_Tsuboyama_2023_1WCL,ESM2_35M,0.70253,-0.4654,0.23713,6,2
NUSA_ECOLI_Tsuboyama_2023_1WCL,ESM2_150M,0.6829,-0.32128,0.36162,6,2
NUSA_ECOLI_Tsuboyama_2023_1WCL,ESM2_650M,0.10055,-0.54949,-0.44893,6,2
NUSA_ECOLI_Tsuboyama_2023_1WCL,ESM2_3B,-0.137,-0.25895,-0.12194,6,2
NUSA_ECOLI_Tsuboyama_2023_1WCL,ESM2_15B,-0.43918,-0.46566,-0.02648,6,2
NUSA_ECOLI_Tsuboyama_2023_1WCL,RITA_l,-0.07433,-0.26242,-0.18808,6,2
NUSA_ECOLI_Tsuboyama_2023_1WCL,Progen2_large,-0.14284,-0.79642,-0.65358,6,2
NUSA_ECOLI_Tsuboyama_2023_1WCL,GEMME,0.6893,0.10394,0.58536,6,2
NUSA_ECOLI_Tsuboyama_2023_1WCL,ProtGPT2,0.96205,-0.17769,0.78436,6,2
NUSG_MYCTU_Tsuboyama_2023_2MI6,Site_Independent,-0.14184,-0.74222,-0.60038,6,2
NUSG_MYCTU_Tsuboyama_2023_2MI6,EVmutation,-0.08197,-0.58906,-0.50709,6,2
NUSG_MYCTU_Tsuboyama_2023_2MI6,DeepSequence_ensemble,-0.39891,-0.65486,-0.25595,6,2
NUSG_MYCTU_Tsuboyama_2023_2MI6,EVE_ensemble,-0.48818,-0.60731,-0.11913,6,2
NUSG_MYCTU_Tsuboyama_2023_2MI6,MSA_Transformer_ensemble,-0.71633,-0.55963,0.1567,6,2
NUSG_MYCTU_Tsuboyama_2023_2MI6,ESM1b,-0.78745,-0.41513,0.37232,6,2
NUSG_MYCTU_Tsuboyama_2023_2MI6,ESM1v_ensemble,-0.2573,-0.71918,-0.46188,6,2
NUSG_MYCTU_Tsuboyama_2023_2MI6,ESM2_8M,-0.32004,-0.65694,-0.3369,6,2
NUSG_MYCTU_Tsuboyama_2023_2MI6,ESM2_35M,-0.80486,-0.44837,0.35649,6,2
NUSG_MYCTU_Tsuboyama_2023_2MI6,ESM2_150M,-0.85723,-0.50224,0.355,6,2
NUSG_MYCTU_Tsuboyama_2023_2MI6,ESM2_650M,-0.76785,-0.55505,0.2128,6,2
NUSG_MYCTU_Tsuboyama_2023_2MI6,ESM2_3B,-0.84813,-0.52542,0.32271,6,2
NUSG_MYCTU_Tsuboyama_2023_2MI6,ESM2_15B,-0.62818,-0.64016,-0.01198,6,2
NUSG_MYCTU_Tsuboyama_2023_2MI6,RITA_l,-0.07711,-0.89915,-0.82204,6,2
NUSG_MYCTU_Tsuboyama_2023_2MI6,Progen2_large,0.24258,-0.66292,-0.42035,6,2
NUSG_MYCTU_Tsuboyama_2023_2MI6,GEMME,-0.69766,-0.50263,0.19503,6,2
NUSG_MYCTU_Tsuboyama_2023_2MI6,ProtGPT2,0.05154,0.6857,-0.63416,6,2
OBSCN_HUMAN_Tsuboyama_2023_1V1C,Site_Independent,0.75324,0.07535,0.67789,6,2
OBSCN_HUMAN_Tsuboyama_2023_1V1C,EVmutation,0.87515,0.13669,0.73845,6,2
OBSCN_HUMAN_Tsuboyama_2023_1V1C,DeepSequence_ensemble,0.48819,0.2102,0.27799,6,2
OBSCN_HUMAN_Tsuboyama_2023_1V1C,EVE_ensemble,0.01464,0.34316,-0.32852,6,2
OBSCN_HUMAN_Tsuboyama_2023_1V1C,MSA_Transformer_ensemble,-0.31925,0.66336,-0.34411,6,2
OBSCN_HUMAN_Tsuboyama_2023_1V1C,ESM1b,-0.32461,0.69552,-0.37091,6,2
OBSCN_HUMAN_Tsuboyama_2023_1V1C,ESM1v_ensemble,0.42682,0.79351,-0.36669,6,2
OBSCN_HUMAN_Tsuboyama_2023_1V1C,ESM2_8M,0.932,-0.21634,0.71567,6,2
OBSCN_HUMAN_Tsuboyama_2023_1V1C,ESM2_35M,0.85534,0.32713,0.52822,6,2
OBSCN_HUMAN_Tsuboyama_2023_1V1C,ESM2_150M,0.7562,0.19288,0.56332,6,2
OBSCN_HUMAN_Tsuboyama_2023_1V1C,ESM2_650M,0.83608,0.07189,0.76419,6,2
OBSCN_HUMAN_Tsuboyama_2023_1V1C,ESM2_3B,0.53353,0.62118,-0.08765,6,2
OBSCN_HUMAN_Tsuboyama_2023_1V1C,ESM2_15B,0.43396,0.16614,0.26782,6,2
OBSCN_HUMAN_Tsuboyama_2023_1V1C,RITA_l,0.45829,0.66704,-0.20875,6,2
OBSCN_HUMAN_Tsuboyama_2023_1V1C,Progen2_large,0.99837,0.07182,0.92655,6,2
OBSCN_HUMAN_Tsuboyama_2023_1V1C,GEMME,-0.2831,0.79473,-0.51163,6,2
OBSCN_HUMAN_Tsuboyama_2023_1V1C,ProtGPT2,0.73839,0.65746,0.08094,6,2
ODP2_GEOSE_Tsuboyama_2023_1W4G,Site_Independent,-0.42046,-0.76461,-0.34415,6,2
ODP2_GEOSE_Tsuboyama_2023_1W4G,EVmutation,-0.64355,-0.5317,0.11185,6,2
ODP2_GEOSE_Tsuboyama_2023_1W4G,DeepSequence_ensemble,-0.84388,-0.53212,0.31176,6,2
ODP2_GEOSE_Tsuboyama_2023_1W4G,EVE_ensemble,-0.93209,-0.38222,0.54987,6,2
ODP2_GEOSE_Tsuboyama_2023_1W4G,MSA_Transformer_ensemble,-0.8385,-0.52383,0.31468,6,2
ODP2_GEOSE_Tsuboyama_2023_1W4G,ESM1b,-0.80318,-0.58919,0.21399,6,2
ODP2_GEOSE_Tsuboyama_2023_1W4G,ESM1v_ensemble,-0.65613,-0.69063,-0.0345,6,2
ODP2_GEOSE_Tsuboyama_2023_1W4G,ESM2_8M,-0.69978,-0.62355,0.07622,6,2
ODP2_GEOSE_Tsuboyama_2023_1W4G,ESM2_35M,-0.73426,-0.5433,0.19096,6,2
ODP2_GEOSE_Tsuboyama_2023_1W4G,ESM2_150M,-0.70172,-0.69067,0.01105,6,2
ODP2_GEOSE_Tsuboyama_2023_1W4G,ESM2_650M,-0.82151,-0.56712,0.25439,6,2
ODP2_GEOSE_Tsuboyama_2023_1W4G,ESM2_3B,-0.69774,-0.68149,0.01625,6,2
ODP2_GEOSE_Tsuboyama_2023_1W4G,ESM2_15B,-0.80625,-0.58594,0.2203,6,2
ODP2_GEOSE_Tsuboyama_2023_1W4G,RITA_l,-0.89309,-0.44877,0.44433,6,2
ODP2_GEOSE_Tsuboyama_2023_1W4G,Progen2_large,-0.8458,-0.52905,0.31675,6,2
ODP2_GEOSE_Tsuboyama_2023_1W4G,GEMME,-0.97352,-0.15791,0.81561,6,2
ODP2_GEOSE_Tsuboyama_2023_1W4G,ProtGPT2,0.4217,0.69372,-0.27202,6,2
PABP_YEAST_Melamed_2013,Site_Independent,0.65121,0.99219,-0.34098,6,2
PABP_YEAST_Melamed_2013,EVmutation,0.98842,0.75331,0.2351,6,2
PABP_YEAST_Melamed_2013,DeepSequence_ensemble,0.15319,0.94792,-0.79473,6,2
PABP_YEAST_Melamed_2013,EVE_ensemble,0.56045,1.02518,-0.46473,6,2
PABP_YEAST_Melamed_2013,MSA_Transformer_ensemble,0.3026,0.91787,-0.61528,6,2
PABP_YEAST_Melamed_2013,ESM1b,0.75602,0.93077,-0.17475,6,2
PABP_YEAST_Melamed_2013,ESM1v_ensemble,0.7557,0.98486,-0.22916,6,2
PABP_YEAST_Melamed_2013,ESM2_8M,0.73871,1.00222,-0.2635,6,2
PABP_YEAST_Melamed_2013,ESM2_35M,0.76507,0.89446,-0.12939,6,2
PABP_YEAST_Melamed_2013,ESM2_150M,0.87542,0.81777,0.05766,6,2
PABP_YEAST_Melamed_2013,ESM2_650M,1.02839,0.66699,0.3614,6,2
PABP_YEAST_Melamed_2013,ESM2_3B,1.0617,0.65374,0.40796,6,2
PABP_YEAST_Melamed_2013,ESM2_15B,0.9619,0.8501,0.1118,6,2
PABP_YEAST_Melamed_2013,RITA_l,0.36279,1.02029,-0.65749,6,2
PABP_YEAST_Melamed_2013,Progen2_large,0.5839,0.98039,-0.3965,6,2
PABP_YEAST_Melamed_2013,GEMME,0.57957,0.96375,-0.38419,6,2
PABP_YEAST_Melamed_2013,ProtGPT2,-0.14534,0.77386,-0.62851,6,2
PHOT_CHLRE_Chen_2023,Site_Independent,-0.07436,-0.58717,-0.5128,25,15
PHOT_CHLRE_Chen_2023,EVmutation,-0.3374,-0.54843,-0.21103,25,15
PHOT_CHLRE_Chen_2023,DeepSequence_ensemble,0.51886,-0.34801,0.17086,25,15
PHOT_CHLRE_Chen_2023,EVE_ensemble,-0.13219,-0.63375,-0.50157,25,15
PHOT_CHLRE_Chen_2023,MSA_Transformer_ensemble,-0.25731,-0.10621,0.1511,25,15
PHOT_CHLRE_Chen_2023,ESM1b,0.36896,0.02037,0.34858,25,15
PHOT_CHLRE_Chen_2023,ESM1v_ensemble,0.58505,0.07689,0.50816,25,15
PHOT_CHLRE_Chen_2023,ESM2_8M,0.35461,0.47217,-0.11756,25,15
PHOT_CHLRE_Chen_2023,ESM2_35M,0.03123,0.47373,-0.4425,25,15
PHOT_CHLRE_Chen_2023,ESM2_150M,-0.06947,0.36686,-0.29738,25,15
PHOT_CHLRE_Chen_2023,ESM2_650M,-0.1835,-0.25084,-0.06733,25,15
PHOT_CHLRE_Chen_2023,ESM2_3B,-0.6299,0.1476,0.4823,25,15
PHOT_CHLRE_Chen_2023,ESM2_15B,0.35769,0.35362,0.00407,25,15
PHOT_CHLRE_Chen_2023,RITA_l,-0.52991,-0.38056,0.14935,25,15
PHOT_CHLRE_Chen_2023,Progen2_large,-0.59167,-0.46422,0.12745,25,15
PHOT_CHLRE_Chen_2023,GEMME,0.21723,-0.47642,-0.25919,25,15
PHOT_CHLRE_Chen_2023,ProtGPT2,-0.58848,-0.20991,0.37857,25,15
PITX2_HUMAN_Tsuboyama_2023_2L7M,Site_Independent,0.31196,0.65658,-0.34463,6,2
PITX2_HUMAN_Tsuboyama_2023_2L7M,EVmutation,0.51328,0.70326,-0.18999,6,2
PITX2_HUMAN_Tsuboyama_2023_2L7M,DeepSequence_ensemble,0.38366,0.67897,-0.29531,6,2
PITX2_HUMAN_Tsuboyama_2023_2L7M,EVE_ensemble,0.24805,0.70414,-0.45609,6,2
PITX2_HUMAN_Tsuboyama_2023_2L7M,MSA_Transformer_ensemble,-0.31069,0.59601,-0.28532,6,2
PITX2_HUMAN_Tsuboyama_2023_2L7M,ESM1b,-0.68156,-0.22258,0.45898,6,2
PITX2_HUMAN_Tsuboyama_2023_2L7M,ESM1v_ensemble,-0.95563,0.13889,0.81675,6,2
PITX2_HUMAN_Tsuboyama_2023_2L7M,ESM2_8M,-0.23529,0.24667,-0.01138,6,2
PITX2_HUMAN_Tsuboyama_2023_2L7M,ESM2_35M,-0.39727,0.39055,0.00672,6,2
PITX2_HUMAN_Tsuboyama_2023_2L7M,ESM2_150M,-0.20043,0.56104,-0.3606,6,2
PITX2_HUMAN_Tsuboyama_2023_2L7M,ESM2_650M,-0.1811,0.58196,-0.40086,6,2
PITX2_HUMAN_Tsuboyama_2023_2L7M,ESM2_3B,-0.67802,0.32028,0.35774,6,2
PITX2_HUMAN_Tsuboyama_2023_2L7M,ESM2_15B,-0.8751,0.09646,0.77864,6,2
PITX2_HUMAN_Tsuboyama_2023_2L7M,RITA_l,-0.44263,0.61115,-0.16852,6,2
PITX2_HUMAN_Tsuboyama_2023_2L7M,Progen2_large,-0.76656,0.36168,0.40487,6,2
PITX2_HUMAN_Tsuboyama_2023_2L7M,GEMME,-0.26374,0.77917,-0.51543,6,2
PITX2_HUMAN_Tsuboyama_2023_2L7M,ProtGPT2,-0.71952,0.41744,0.30208,6,2
POLG_PESV_Tsuboyama_2023_2MXD,Site_Independent,0.81533,-0.51898,0.29634,6,2
POLG_PESV_Tsuboyama_2023_2MXD,EVmutation,0.32185,-0.86933,-0.54748,6,2
POLG_PESV_Tsuboyama_2023_2MXD,DeepSequence_ensemble,0.36606,-0.05936,0.3067,6,2
POLG_PESV_Tsuboyama_2023_2MXD,EVE_ensemble,0.53612,0.00262,0.53351,6,2
POLG_PESV_Tsuboyama_2023_2MXD,MSA_Transformer_ensemble,-0.07629,-0.36279,-0.28651,6,2
POLG_PESV_Tsuboyama_2023_2MXD,ESM1b,-0.14098,-0.93367,-0.79269,6,2
POLG_PESV_Tsuboyama_2023_2MXD,ESM1v_ensemble,0.27839,-0.70228,-0.42389,6,2
POLG_PESV_Tsuboyama_2023_2MXD,ESM2_8M,0.25588,-0.79402,-0.53814,6,2
POLG_PESV_Tsuboyama_2023_2MXD,ESM2_35M,0.32862,-0.75306,-0.42444,6,2
POLG_PESV_Tsuboyama_2023_2MXD,ESM2_150M,-0.23732,-0.89882,-0.6615,6,2
POLG_PESV_Tsuboyama_2023_2MXD,ESM2_650M,0.12564,-0.86567,-0.74003,6,2
POLG_PESV_Tsuboyama_2023_2MXD,ESM2_3B,-0.18779,-0.88192,-0.69413,6,2
POLG_PESV_Tsuboyama_2023_2MXD,ESM2_15B,-0.25182,-0.87087,-0.61905,6,2
POLG_PESV_Tsuboyama_2023_2MXD,RITA_l,-0.2615,-0.891,-0.6295,6,2
POLG_PESV_Tsuboyama_2023_2MXD,Progen2_large,-0.11118,-0.9097,-0.79852,6,2
POLG_PESV_Tsuboyama_2023_2MXD,GEMME,-0.00645,-0.91241,-0.90596,6,2
POLG_PESV_Tsuboyama_2023_2MXD,ProtGPT2,0.88463,-0.10819,0.77645,6,2
PR40A_HUMAN_Tsuboyama_2023_1UZC,Site_Independent,-0.33568,-0.53964,-0.20397,6,2
PR40A_HUMAN_Tsuboyama_2023_1UZC,EVmutation,-0.8137,-0.33087,0.48283,6,2
PR40A_HUMAN_Tsuboyama_2023_1UZC,DeepSequence_ensemble,-0.75465,-0.51268,0.24197,6,2
PR40A_HUMAN_Tsuboyama_2023_1UZC,EVE_ensemble,-0.72081,-0.34601,0.3748,6,2
PR40A_HUMAN_Tsuboyama_2023_1UZC,MSA_Transformer_ensemble,-0.95177,-0.10188,0.84989,6,2
PR40A_HUMAN_Tsuboyama_2023_1UZC,ESM1b,-0.94735,-0.26826,0.67909,6,2
PR40A_HUMAN_Tsuboyama_2023_1UZC,ESM1v_ensemble,-0.59386,-0.69541,-0.10156,6,2
PR40A_HUMAN_Tsuboyama_2023_1UZC,ESM2_8M,0.82282,-0.44077,0.38205,6,2
PR40A_HUMAN_Tsuboyama_2023_1UZC,ESM2_35M,0.82906,-0.44156,0.38751,6,2
PR40A_HUMAN_Tsuboyama_2023_1UZC,ESM2_150M,-0.53083,-0.34995,0.18087,6,2
PR40A_HUMAN_Tsuboyama_2023_1UZC,ESM2_650M,-0.8419,-0.2194,0.62251,6,2
PR40A_HUMAN_Tsuboyama_2023_1UZC,ESM2_3B,-0.92291,-0.19458,0.72834,6,2
PR40A_HUMAN_Tsuboyama_2023_1UZC,ESM2_15B,-0.93348,-0.32959,0.60388,6,2
PR40A_HUMAN_Tsuboyama_2023_1UZC,RITA_l,-0.69295,-0.44749,0.24546,6,2
PR40A_HUMAN_Tsuboyama_2023_1UZC,Progen2_large,-0.81735,-0.41234,0.40501,6,2
PR40A_HUMAN_Tsuboyama_2023_1UZC,GEMME,-0.90046,-0.08157,0.8189,6,2
PR40A_HUMAN_Tsuboyama_2023_1UZC,ProtGPT2,-0.07948,0.57067,-0.4912,6,2
PSAE_PICP2_Tsuboyama_2023_1PSE,DeepSequence_ensemble,-0.88297,-0.11912,0.76386,6,2
PSAE_PICP2_Tsuboyama_2023_1PSE,EVE_ensemble,-0.97461,-0.16751,0.8071,6,2
PSAE_PICP2_Tsuboyama_2023_1PSE,MSA_Transformer_ensemble,-0.77564,-0.22601,0.54963,6,2
PSAE_PICP2_Tsuboyama_2023_1PSE,ESM1b,-0.83759,-0.32797,0.50961,6,2
PSAE_PICP2_Tsuboyama_2023_1PSE,ESM1v_ensemble,-0.88293,-0.26406,0.61887,6,2
PSAE_PICP2_Tsuboyama_2023_1PSE,ESM2_8M,-0.97857,-0.14479,0.83377,6,2
PSAE_PICP2_Tsuboyama_2023_1PSE,ESM2_35M,-0.94527,-0.22712,0.71815,6,2
PSAE_PICP2_Tsuboyama_2023_1PSE,ESM2_150M,-0.80122,-0.28368,0.51755,6,2
PSAE_PICP2_Tsuboyama_2023_1PSE,ESM2_650M,-0.92184,-0.27294,0.64891,6,2
PSAE_PICP2_Tsuboyama_2023_1PSE,ESM2_3B,-0.92185,-0.31955,0.60231,6,2
PSAE_PICP2_Tsuboyama_2023_1PSE,ESM2_15B,-0.88896,-0.33204,0.55692,6,2
PSAE_PICP2_Tsuboyama_2023_1PSE,RITA_l,-0.87242,-0.41971,0.45271,6,2
PSAE_PICP2_Tsuboyama_2023_1PSE,Progen2_large,-0.72071,-0.15505,0.56566,6,2
PSAE_PICP2_Tsuboyama_2023_1PSE,GEMME,-0.90806,-0.20335,0.70472,6,2
PSAE_PICP2_Tsuboyama_2023_1PSE,ProtGPT2,0.79203,-0.5263,0.26573,6,2
Q6WV12_9MAXI_Somermeyer_2022,Site_Independent,0.06968,-0.247,-0.17732,15,11
Q6WV12_9MAXI_Somermeyer_2022,EVmutation,0.34793,-0.32393,0.02401,15,11
Q6WV12_9MAXI_Somermeyer_2022,DeepSequence_ensemble,-0.4549,-0.1698,0.2851,15,11
Q6WV12_9MAXI_Somermeyer_2022,EVE_ensemble,-0.13383,0.23381,-0.09998,15,11
Q6WV12_9MAXI_Somermeyer_2022,MSA_Transformer_ensemble,-0.10977,0.19089,-0.08111,15,11
Q6WV12_9MAXI_Somermeyer_2022,ESM1b,0.24204,-0.43552,-0.19347,15,11
Q6WV12_9MAXI_Somermeyer_2022,ESM1v_ensemble,-0.19904,-0.52422,-0.32518,15,11
Q6WV12_9MAXI_Somermeyer_2022,ESM2_8M,0.0234,-0.30148,-0.27808,15,11
Q6WV12_9MAXI_Somermeyer_2022,ESM2_35M,0.03085,-0.24757,-0.21672,15,11
Q6WV12_9MAXI_Somermeyer_2022,ESM2_150M,0.06654,-0.25343,-0.18689,15,11
Q6WV12_9MAXI_Somermeyer_2022,ESM2_650M,0.00599,-0.30149,-0.2955,15,11
Q6WV12_9MAXI_Somermeyer_2022,ESM2_3B,-0.14484,-0.25479,-0.10995,15,11
Q6WV12_9MAXI_Somermeyer_2022,ESM2_15B,-0.43781,-0.32995,0.10787,15,11
Q6WV12_9MAXI_Somermeyer_2022,RITA_l,0.19162,-0.37949,-0.18787,15,11
Q6WV12_9MAXI_Somermeyer_2022,Progen2_large,-0.09493,-0.33163,-0.2367,15,11
Q6WV12_9MAXI_Somermeyer_2022,GEMME,0.10812,-0.19242,-0.0843,15,11
Q6WV12_9MAXI_Somermeyer_2022,ProtGPT2,-0.5543,-0.47502,0.07927,15,11
Q8WTC7_9CNID_Somermeyer_2022,Site_Independent,0.29233,-0.08921,0.20311,18,42
Q8WTC7_9CNID_Somermeyer_2022,EVmutation,0.38055,-0.16752,0.21303,18,42
Q8WTC7_9CNID_Somermeyer_2022,DeepSequence_ensemble,0.45251,-0.15758,0.29493,18,42
Q8WTC7_9CNID_Somermeyer_2022,EVE_ensemble,0.51276,-0.29596,0.21679,18,42
Q8WTC7_9CNID_Somermeyer_2022,MSA_Transformer_ensemble,-0.20387,0.1526,0.05127,18,42
Q8WTC7_9CNID_Somermeyer_2022,ESM1b,-0.17164,-0.17736,-0.00572,18,42
Q8WTC7_9CNID_Somermeyer_2022,ESM1v_ensemble,-0.15432,-0.07806,0.07626,18,42
Q8WTC7_9CNID_Somermeyer_2022,ESM2_8M,-0.07612,0.001,0.07512,18,42
Q8WTC7_9CNID_Somermeyer_2022,ESM2_35M,-0.2803,-0.25158,0.02872,18,42
Q8WTC7_9CNID_Somermeyer_2022,ESM2_150M,-0.24165,-0.13655,0.1051,18,42
Q8WTC7_9CNID_Somermeyer_2022,ESM2_650M,-0.10846,-0.09236,0.0161,18,42
Q8WTC7_9CNID_Somermeyer_2022,ESM2_3B,-0.28831,0.0736,0.2147,18,42
Q8WTC7_9CNID_Somermeyer_2022,ESM2_15B,-0.36347,-0.08933,0.27414,18,42
Q8WTC7_9CNID_Somermeyer_2022,RITA_l,0.30616,0.00067,0.30549,18,42
Q8WTC7_9CNID_Somermeyer_2022,Progen2_large,-0.19675,0.21533,-0.01858,18,42
Q8WTC7_9CNID_Somermeyer_2022,GEMME,0.14574,-0.08677,0.05897,18,42
Q8WTC7_9CNID_Somermeyer_2022,ProtGPT2,0.31068,-0.03757,0.27312,18,42
RASK_HUMAN_Weng_2022_abundance,Site_Independent,0.13716,0.51509,-0.37792,6,2
RASK_HUMAN_Weng_2022_abundance,EVmutation,0.46164,0.0342,0.42743,6,2
RASK_HUMAN_Weng_2022_abundance,DeepSequence_ensemble,0.9528,0.33899,0.61381,6,2
RASK_HUMAN_Weng_2022_abundance,EVE_ensemble,0.91348,0.32283,0.59064,6,2
RASK_HUMAN_Weng_2022_abundance,MSA_Transformer_ensemble,0.28182,-0.83981,-0.55799,6,2
RASK_HUMAN_Weng_2022_abundance,ESM1b,0.76628,-0.45432,0.31196,6,2
RASK_HUMAN_Weng_2022_abundance,ESM1v_ensemble,0.42246,-0.56475,-0.14229,6,2
RASK_HUMAN_Weng_2022_abundance,ESM2_8M,0.03406,0.31635,-0.28229,6,2
RASK_HUMAN_Weng_2022_abundance,ESM2_35M,0.56921,-0.33784,0.23136,6,2
RASK_HUMAN_Weng_2022_abundance,ESM2_150M,-0.20097,-0.68,-0.47903,6,2
RASK_HUMAN_Weng_2022_abundance,ESM2_650M,0.29364,-0.86346,-0.56982,6,2
RASK_HUMAN_Weng_2022_abundance,ESM2_3B,-0.18065,-0.88019,-0.69954,6,2
RASK_HUMAN_Weng_2022_abundance,ESM2_15B,-0.47042,-0.82268,-0.35226,6,2
RASK_HUMAN_Weng_2022_abundance,RITA_l,0.9865,-0.04865,0.93784,6,2
RASK_HUMAN_Weng_2022_abundance,Progen2_large,-0.1375,-0.34664,-0.20914,6,2
RASK_HUMAN_Weng_2022_abundance,GEMME,0.93234,0.37055,0.56179,6,2
RASK_HUMAN_Weng_2022_abundance,ProtGPT2,0.24071,-0.43462,-0.19391,6,2
RASK_HUMAN_Weng_2022_binding-DARPin_K55,Site_Independent,0.02311,-0.4599,-0.43679,6,2
RASK_HUMAN_Weng_2022_binding-DARPin_K55,EVmutation,-0.35299,-0.69823,-0.34525,6,2
RASK_HUMAN_Weng_2022_binding-DARPin_K55,DeepSequence_ensemble,0.68301,-0.43392,0.24908,6,2
RASK_HUMAN_Weng_2022_binding-DARPin_K55,EVE_ensemble,0.67571,-0.45315,0.22256,6,2
RASK_HUMAN_Weng_2022_binding-DARPin_K55,MSA_Transformer_ensemble,0.64397,-0.52197,0.12201,6,2
RASK_HUMAN_Weng_2022_binding-DARPin_K55,ESM1b,0.72929,-0.60823,0.12106,6,2
RASK_HUMAN_Weng_2022_binding-DARPin_K55,ESM1v_ensemble,0.13878,-0.83114,-0.69236,6,2
RASK_HUMAN_Weng_2022_binding-DARPin_K55,ESM2_8M,0.20681,-0.19392,0.01289,6,2
RASK_HUMAN_Weng_2022_binding-DARPin_K55,ESM2_35M,0.42392,-0.25889,0.16503,6,2
RASK_HUMAN_Weng_2022_binding-DARPin_K55,ESM2_150M,0.42583,-0.2072,0.21864,6,2
RASK_HUMAN_Weng_2022_binding-DARPin_K55,ESM2_650M,0.73029,-0.30041,0.42988,6,2
RASK_HUMAN_Weng_2022_binding-DARPin_K55,ESM2_3B,0.45179,-0.42989,0.0219,6,2
RASK_HUMAN_Weng_2022_binding-DARPin_K55,ESM2_15B,-0.46006,-0.84578,-0.38572,6,2
RASK_HUMAN_Weng_2022_binding-DARPin_K55,RITA_l,0.40971,-0.60847,-0.19876,6,2
RASK_HUMAN_Weng_2022_binding-DARPin_K55,Progen2_large,-0.74655,-0.63481,0.11174,6,2
RASK_HUMAN_Weng_2022_binding-DARPin_K55,GEMME,0.56017,-0.58851,-0.02834,6,2
RASK_HUMAN_Weng_2022_binding-DARPin_K55,ProtGPT2,0.66266,-0.40424,0.25842,6,2
RBP1_HUMAN_Tsuboyama_2023_2KWH,Site_Independent,-0.75531,-0.51387,0.24144,6,2
RBP1_HUMAN_Tsuboyama_2023_2KWH,EVmutation,-0.35972,-0.60742,-0.2477,6,2
RBP1_HUMAN_Tsuboyama_2023_2KWH,DeepSequence_ensemble,-0.84513,-0.41179,0.43334,6,2
RBP1_HUMAN_Tsuboyama_2023_2KWH,EVE_ensemble,-0.83521,-0.42023,0.41498,6,2
RBP1_HUMAN_Tsuboyama_2023_2KWH,MSA_Transformer_ensemble,-0.88027,-0.36484,0.51544,6,2
RBP1_HUMAN_Tsuboyama_2023_2KWH,ESM1b,-0.53596,-0.60231,-0.06635,6,2
RBP1_HUMAN_Tsuboyama_2023_2KWH,ESM1v_ensemble,-0.6185,-0.57991,0.03859,6,2
RBP1_HUMAN_Tsuboyama_2023_2KWH,ESM2_8M,-0.72906,-0.50453,0.22453,6,2
RBP1_HUMAN_Tsuboyama_2023_2KWH,ESM2_35M,-0.63043,-0.56772,0.06271,6,2
RBP1_HUMAN_Tsuboyama_2023_2KWH,ESM2_150M,-0.70466,-0.54674,0.15792,6,2
RBP1_HUMAN_Tsuboyama_2023_2KWH,ESM2_650M,-0.76014,-0.44635,0.31379,6,2
RBP1_HUMAN_Tsuboyama_2023_2KWH,ESM2_3B,-0.88656,-0.10968,0.77688,6,2
RBP1_HUMAN_Tsuboyama_2023_2KWH,ESM2_15B,-0.24066,0.10146,0.1392,6,2
RBP1_HUMAN_Tsuboyama_2023_2KWH,RITA_l,0.79082,0.17903,0.61179,6,2
RBP1_HUMAN_Tsuboyama_2023_2KWH,Progen2_large,0.40797,-0.50677,-0.0988,6,2
RBP1_HUMAN_Tsuboyama_2023_2KWH,GEMME,-0.67421,0.04249,0.63172,6,2
RBP1_HUMAN_Tsuboyama_2023_2KWH,ProtGPT2,-0.65382,-0.35359,0.30023,6,2
RCRO_LAMBD_Tsuboyama_2023_1ORC,Site_Independent,-0.38214,-0.44957,-0.06743,6,2
RCRO_LAMBD_Tsuboyama_2023_1ORC,EVmutation,0.80662,-0.4168,0.38982,6,2
RCRO_LAMBD_Tsuboyama_2023_1ORC,DeepSequence_ensemble,-0.82169,-0.35278,0.46891,6,2
RCRO_LAMBD_Tsuboyama_2023_1ORC,EVE_ensemble,-0.71731,-0.41528,0.30203,6,2
RCRO_LAMBD_Tsuboyama_2023_1ORC,MSA_Transformer_ensemble,-0.98008,-0.00938,0.9707,6,2
RCRO_LAMBD_Tsuboyama_2023_1ORC,ESM1b,-0.63439,0.41546,0.21892,6,2
RCRO_LAMBD_Tsuboyama_2023_1ORC,ESM1v_ensemble,-0.85245,0.23251,0.61993,6,2
RCRO_LAMBD_Tsuboyama_2023_1ORC,ESM2_8M,-0.85722,0.05263,0.80459,6,2
RCRO_LAMBD_Tsuboyama_2023_1ORC,ESM2_35M,-0.40991,0.26488,0.14504,6,2
RCRO_LAMBD_Tsuboyama_2023_1ORC,ESM2_150M,-0.24292,0.46845,-0.22553,6,2
RCRO_LAMBD_Tsuboyama_2023_1ORC,ESM2_650M,-0.73544,0.41062,0.32482,6,2
RCRO_LAMBD_Tsuboyama_2023_1ORC,ESM2_3B,-0.97006,-0.15703,0.81303,6,2
RCRO_LAMBD_Tsuboyama_2023_1ORC,ESM2_15B,0.86155,0.32466,0.53689,6,2
RCRO_LAMBD_Tsuboyama_2023_1ORC,RITA_l,-0.8789,-0.36627,0.51264,6,2
RCRO_LAMBD_Tsuboyama_2023_1ORC,Progen2_large,-0.92946,-0.26251,0.66696,6,2
RCRO_LAMBD_Tsuboyama_2023_1ORC,GEMME,-0.72786,-0.38419,0.34366,6,2
RCRO_LAMBD_Tsuboyama_2023_1ORC,ProtGPT2,-0.99344,-0.04579,0.94765,6,2
RD23A_HUMAN_Tsuboyama_2023_1IFY,Site_Independent,0.17519,-0.73366,-0.55847,6,2
RD23A_HUMAN_Tsuboyama_2023_1IFY,EVmutation,-0.12641,-0.80463,-0.67822,6,2
RD23A_HUMAN_Tsuboyama_2023_1IFY,DeepSequence_ensemble,-0.08191,-0.75327,-0.67135,6,2
RD23A_HUMAN_Tsuboyama_2023_1IFY,EVE_ensemble,-0.09028,-0.78235,-0.69207,6,2
RD23A_HUMAN_Tsuboyama_2023_1IFY,MSA_Transformer_ensemble,-0.04335,-0.80095,-0.7576,6,2
RD23A_HUMAN_Tsuboyama_2023_1IFY,ESM1b,-0.95403,-0.58039,0.37364,6,2
RD23A_HUMAN_Tsuboyama_2023_1IFY,ESM1v_ensemble,-0.2222,-0.75075,-0.52855,6,2
RD23A_HUMAN_Tsuboyama_2023_1IFY,ESM2_8M,-0.7148,-0.64002,0.07478,6,2
RD23A_HUMAN_Tsuboyama_2023_1IFY,ESM2_35M,-0.5189,-0.69003,-0.17113,6,2
RD23A_HUMAN_Tsuboyama_2023_1IFY,ESM2_150M,-0.11243,-0.77929,-0.66686,6,2
RD23A_HUMAN_Tsuboyama_2023_1IFY,ESM2_650M,-0.35005,-0.78408,-0.43403,6,2
RD23A_HUMAN_Tsuboyama_2023_1IFY,ESM2_3B,-0.39992,-0.91476,-0.51484,6,2
RD23A_HUMAN_Tsuboyama_2023_1IFY,ESM2_15B,-0.05371,-0.90465,-0.85093,6,2
RD23A_HUMAN_Tsuboyama_2023_1IFY,RITA_l,-0.43694,-0.72626,-0.28932,6,2
RD23A_HUMAN_Tsuboyama_2023_1IFY,Progen2_large,-0.56711,-0.84537,-0.27826,6,2
RD23A_HUMAN_Tsuboyama_2023_1IFY,GEMME,-0.61602,-0.65771,-0.04169,6,2
RD23A_HUMAN_Tsuboyama_2023_1IFY,ProtGPT2,-0.71147,-0.72728,-0.01581,6,2
RFAH_ECOLI_Tsuboyama_2023_2LCL,Site_Independent,-0.99729,-0.06007,0.93722,6,2
RFAH_ECOLI_Tsuboyama_2023_2LCL,EVmutation,-0.97809,-0.26668,0.71141,6,2
RFAH_ECOLI_Tsuboyama_2023_2LCL,DeepSequence_ensemble,-1.00325,-0.18461,0.81865,6,2
RFAH_ECOLI_Tsuboyama_2023_2LCL,EVE_ensemble,-0.96495,-0.24625,0.71871,6,2
RFAH_ECOLI_Tsuboyama_2023_2LCL,MSA_Transformer_ensemble,-0.94414,-0.23379,0.71034,6,2
RFAH_ECOLI_Tsuboyama_2023_2LCL,ESM1b,-0.97029,-0.15181,0.81849,6,2
RFAH_ECOLI_Tsuboyama_2023_2LCL,ESM1v_ensemble,-0.99019,-0.23661,0.75358,6,2
RFAH_ECOLI_Tsuboyama_2023_2LCL,ESM2_8M,-0.90696,-0.41302,0.49395,6,2
RFAH_ECOLI_Tsuboyama_2023_2LCL,ESM2_35M,-0.97341,-0.24634,0.72708,6,2
RFAH_ECOLI_Tsuboyama_2023_2LCL,ESM2_150M,-1.00598,-0.16617,0.83981,6,2
RFAH_ECOLI_Tsuboyama_2023_2LCL,ESM2_650M,-0.94466,-0.25508,0.68957,6,2
RFAH_ECOLI_Tsuboyama_2023_2LCL,ESM2_3B,-0.97101,-0.20487,0.76614,6,2
RFAH_ECOLI_Tsuboyama_2023_2LCL,ESM2_15B,-0.35835,-0.58424,-0.22589,6,2
RFAH_ECOLI_Tsuboyama_2023_2LCL,RITA_l,-0.93879,-0.39886,0.53993,6,2
RFAH_ECOLI_Tsuboyama_2023_2LCL,Progen2_large,-0.9548,-0.17375,0.78105,6,2
RFAH_ECOLI_Tsuboyama_2023_2LCL,GEMME,-0.91522,-0.41561,0.49961,6,2
RFAH_ECOLI_Tsuboyama_2023_2LCL,ProtGPT2,-0.94865,-0.18382,0.76483,6,2
RL20_AQUAE_Tsuboyama_2023_1GYZ,Site_Independent,0.83758,-0.3396,0.49798,6,2
RL20_AQUAE_Tsuboyama_2023_1GYZ,EVmutation,0.05862,-0.66491,-0.60629,6,2
RL20_AQUAE_Tsuboyama_2023_1GYZ,DeepSequence_ensemble,0.15589,-0.48751,-0.33162,6,2
RL20_AQUAE_Tsuboyama_2023_1GYZ,EVE_ensemble,0.14518,-0.57418,-0.429,6,2
RL20_AQUAE_Tsuboyama_2023_1GYZ,MSA_Transformer_ensemble,0.7302,-0.53829,0.19191,6,2
RL20_AQUAE_Tsuboyama_2023_1GYZ,ESM1b,-0.36262,-0.28859,0.07402,6,2
RL20_AQUAE_Tsuboyama_2023_1GYZ,ESM1v_ensemble,-0.63766,-0.22077,0.41689,6,2
RL20_AQUAE_Tsuboyama_2023_1GYZ,ESM2_8M,-0.18014,-0.71809,-0.53795,6,2
RL20_AQUAE_Tsuboyama_2023_1GYZ,ESM2_35M,-0.02965,-0.71095,-0.6813,6,2
RL20_AQUAE_Tsuboyama_2023_1GYZ,ESM2_150M,-0.03434,-0.56079,-0.52645,6,2
RL20_AQUAE_Tsuboyama_2023_1GYZ,ESM2_650M,-0.44182,-0.29281,0.14901,6,2
RL20_AQUAE_Tsuboyama_2023_1GYZ,ESM2_3B,-0.67438,-0.32841,0.34597,6,2
RL20_AQUAE_Tsuboyama_2023_1GYZ,ESM2_15B,-0.5623,-0.26119,0.30111,6,2
RL20_AQUAE_Tsuboyama_2023_1GYZ,RITA_l,-0.13355,-0.56669,-0.43314,6,2
RL20_AQUAE_Tsuboyama_2023_1GYZ,Progen2_large,-0.49045,-0.48213,0.00832,6,2
RL20_AQUAE_Tsuboyama_2023_1GYZ,GEMME,0.23384,-0.34877,-0.11493,6,2
RL20_AQUAE_Tsuboyama_2023_1GYZ,ProtGPT2,0.54258,-0.53643,0.00615,6,2
RPC1_BP434_Tsuboyama_2023_1R69,Site_Independent,0.94401,0.20695,0.73706,6,2
RPC1_BP434_Tsuboyama_2023_1R69,EVmutation,0.82324,0.28315,0.5401,6,2
RPC1_BP434_Tsuboyama_2023_1R69,DeepSequence_ensemble,-0.36936,0.44141,-0.07205,6,2
RPC1_BP434_Tsuboyama_2023_1R69,EVE_ensemble,-0.94034,0.25559,0.68476,6,2
RPC1_BP434_Tsuboyama_2023_1R69,MSA_Transformer_ensemble,-0.99894,-0.05211,0.94683,6,2
RPC1_BP434_Tsuboyama_2023_1R69,ESM1b,-0.9668,-0.04798,0.91883,6,2
RPC1_BP434_Tsuboyama_2023_1R69,ESM1v_ensemble,-0.83191,0.22548,0.60643,6,2
RPC1_BP434_Tsuboyama_2023_1R69,ESM2_8M,-0.5398,0.11116,0.42863,6,2
RPC1_BP434_Tsuboyama_2023_1R69,ESM2_35M,-0.91268,0.17541,0.73726,6,2
RPC1_BP434_Tsuboyama_2023_1R69,ESM2_150M,-0.88709,0.20041,0.68669,6,2
RPC1_BP434_Tsuboyama_2023_1R69,ESM2_650M,-0.91777,0.16929,0.74848,6,2
RPC1_BP434_Tsuboyama_2023_1R69,ESM2_3B,-0.99158,-0.11475,0.87683,6,2
RPC1_BP434_Tsuboyama_2023_1R69,ESM2_15B,-0.97031,-0.23783,0.73248,6,2
RPC1_BP434_Tsuboyama_2023_1R69,RITA_l,0.14885,0.50425,-0.35539,6,2
RPC1_BP434_Tsuboyama_2023_1R69,Progen2_large,-0.1021,0.31694,-0.21484,6,2
RPC1_BP434_Tsuboyama_2023_1R69,GEMME,-0.24976,0.65509,-0.40533,6,2
RPC1_BP434_Tsuboyama_2023_1R69,ProtGPT2,-0.18664,0.83619,-0.64955,6,2
SAV1_MOUSE_Tsuboyama_2023_2YSB,Site_Independent,0.64777,-0.40452,0.24325,6,2
SAV1_MOUSE_Tsuboyama_2023_2YSB,EVmutation,0.69313,0.09241,0.60072,6,2
SAV1_MOUSE_Tsuboyama_2023_2YSB,DeepSequence_ensemble,-0.94644,-0.02013,0.92632,6,2
SAV1_MOUSE_Tsuboyama_2023_2YSB,EVE_ensemble,-0.93901,0.02749,0.91151,6,2
SAV1_MOUSE_Tsuboyama_2023_2YSB,MSA_Transformer_ensemble,-1.03311,-0.32593,0.70718,6,2
SAV1_MOUSE_Tsuboyama_2023_2YSB,ESM1b,-0.93083,0.12152,0.80931,6,2
SAV1_MOUSE_Tsuboyama_2023_2YSB,ESM1v_ensemble,-0.97865,-0.05452,0.92413,6,2
SAV1_MOUSE_Tsuboyama_2023_2YSB,ESM2_8M,-1.02412,-0.19413,0.82999,6,2
SAV1_MOUSE_Tsuboyama_2023_2YSB,ESM2_35M,-0.95712,-0.25336,0.70376,6,2
SAV1_MOUSE_Tsuboyama_2023_2YSB,ESM2_150M,-1.01523,-0.11953,0.8957,6,2
SAV1_MOUSE_Tsuboyama_2023_2YSB,ESM2_650M,-0.93933,0.06063,0.8787,6,2
SAV1_MOUSE_Tsuboyama_2023_2YSB,ESM2_3B,-0.9981,-0.13811,0.85999,6,2
SAV1_MOUSE_Tsuboyama_2023_2YSB,ESM2_15B,-0.91702,-0.06486,0.85215,6,2
SAV1_MOUSE_Tsuboyama_2023_2YSB,RITA_l,-0.75866,0.39107,0.36759,6,2
SAV1_MOUSE_Tsuboyama_2023_2YSB,Progen2_large,-0.86207,0.29049,0.57158,6,2
SAV1_MOUSE_Tsuboyama_2023_2YSB,GEMME,-0.86857,0.24841,0.62016,6,2
SAV1_MOUSE_Tsuboyama_2023_2YSB,ProtGPT2,-0.64686,-0.1512,0.49567,6,2
SDA_BACSU_Tsuboyama_2023_1PV0,Site_Independent,-0.7362,-0.3159,0.4203,6,2
SDA_BACSU_Tsuboyama_2023_1PV0,EVmutation,-0.85837,-0.15345,0.70492,6,2
SDA_BACSU_Tsuboyama_2023_1PV0,DeepSequence_ensemble,-0.89785,-0.26849,0.62937,6,2
SDA_BACSU_Tsuboyama_2023_1PV0,EVE_ensemble,-0.91991,-0.17175,0.74815,6,2
SDA_BACSU_Tsuboyama_2023_1PV0,MSA_Transformer_ensemble,-0.9413,-0.26684,0.67446,6,2
SDA_BACSU_Tsuboyama_2023_1PV0,ESM1b,-0.84702,-0.33266,0.51435,6,2
SDA_BACSU_Tsuboyama_2023_1PV0,ESM1v_ensemble,-0.90337,-0.32045,0.58292,6,2
SDA_BACSU_Tsuboyama_2023_1PV0,ESM2_8M,-0.91168,-0.40204,0.50965,6,2
SDA_BACSU_Tsuboyama_2023_1PV0,ESM2_35M,-0.83004,-0.58203,0.24801,6,2
SDA_BACSU_Tsuboyama_2023_1PV0,ESM2_150M,-0.89147,-0.34077,0.5507,6,2
SDA_BACSU_Tsuboyama_2023_1PV0,ESM2_650M,-0.90335,-0.2493,0.65405,6,2
SDA_BACSU_Tsuboyama_2023_1PV0,ESM2_3B,-0.86319,-0.26902,0.59418,6,2
SDA_BACSU_Tsuboyama_2023_1PV0,ESM2_15B,-0.87491,-0.25787,0.61704,6,2
SDA_BACSU_Tsuboyama_2023_1PV0,RITA_l,-0.99237,-0.1502,0.84218,6,2
SDA_BACSU_Tsuboyama_2023_1PV0,Progen2_large,-0.96714,-0.30784,0.6593,6,2
SDA_BACSU_Tsuboyama_2023_1PV0,GEMME,-0.89589,-0.15402,0.74187,6,2
SDA_BACSU_Tsuboyama_2023_1PV0,ProtGPT2,0.69339,0.44329,0.25011,6,2
SPA_STAAU_Tsuboyama_2023_1LP1,Site_Independent,-0.36196,-0.80159,-0.43963,6,2
SPA_STAAU_Tsuboyama_2023_1LP1,EVmutation,-0.6384,-0.65986,-0.02146,6,2
SPA_STAAU_Tsuboyama_2023_1LP1,DeepSequence_ensemble,-0.49078,-0.73242,-0.24164,6,2
SPA_STAAU_Tsuboyama_2023_1LP1,EVE_ensemble,-0.37767,-0.69802,-0.32035,6,2
SPA_STAAU_Tsuboyama_2023_1LP1,MSA_Transformer_ensemble,-0.41169,-0.88838,-0.47669,6,2
SPA_STAAU_Tsuboyama_2023_1LP1,ESM1b,-0.91029,-0.53755,0.37273,6,2
SPA_STAAU_Tsuboyama_2023_1LP1,ESM1v_ensemble,-0.98984,-0.36118,0.62866,6,2
SPA_STAAU_Tsuboyama_2023_1LP1,ESM2_8M,-0.99318,-0.22883,0.76436,6,2
SPA_STAAU_Tsuboyama_2023_1LP1,ESM2_35M,-0.97878,-0.34802,0.63076,6,2
SPA_STAAU_Tsuboyama_2023_1LP1,ESM2_150M,-0.98809,-0.36502,0.62307,6,2
SPA_STAAU_Tsuboyama_2023_1LP1,ESM2_650M,-0.98389,-0.39228,0.59161,6,2
SPA_STAAU_Tsuboyama_2023_1LP1,ESM2_3B,-1.00971,-0.20209,0.80762,6,2
SPA_STAAU_Tsuboyama_2023_1LP1,ESM2_15B,-0.99298,-0.29857,0.69441,6,2
SPA_STAAU_Tsuboyama_2023_1LP1,RITA_l,-0.94716,-0.42422,0.52294,6,2
SPA_STAAU_Tsuboyama_2023_1LP1,Progen2_large,-0.96172,-0.26055,0.70117,6,2
SPA_STAAU_Tsuboyama_2023_1LP1,GEMME,-0.93555,-0.0462,0.88935,6,2
SPA_STAAU_Tsuboyama_2023_1LP1,ProtGPT2,-0.82052,0.31597,0.50455,6,2
SPG1_STRSG_Wu_2016,Site_Independent,0.85395,0.35699,0.49697,7,4
SPG1_STRSG_Wu_2016,EVmutation,0.82215,0.42797,0.39419,7,4
SPG1_STRSG_Wu_2016,DeepSequence_ensemble,0.68642,0.45611,0.23031,7,4
SPG1_STRSG_Wu_2016,EVE_ensemble,0.8735,0.40325,0.47025,7,4
SPG1_STRSG_Wu_2016,MSA_Transformer_ensemble,0.91795,0.03729,0.88066,7,4
SPG1_STRSG_Wu_2016,ESM1b,-0.88749,-0.23006,0.65743,7,4
SPG1_STRSG_Wu_2016,ESM1v_ensemble,-0.8711,-0.26489,0.60622,7,4
SPG1_STRSG_Wu_2016,ESM2_8M,-0.86247,-0.30808,0.55439,7,4
SPG1_STRSG_Wu_2016,ESM2_35M,-0.8499,-0.34764,0.50226,7,4
SPG1_STRSG_Wu_2016,ESM2_150M,-0.8355,-0.2809,0.5546,7,4
SPG1_STRSG_Wu_2016,ESM2_650M,-0.93114,-0.2242,0.70694,7,4
SPG1_STRSG_Wu_2016,ESM2_3B,-0.89041,-0.22904,0.66136,7,4
SPG1_STRSG_Wu_2016,ESM2_15B,-0.89669,-0.23306,0.66363,7,4
SPG1_STRSG_Wu_2016,RITA_l,-0.8811,-0.28399,0.59711,7,4
SPG1_STRSG_Wu_2016,Progen2_large,-0.92553,-0.2302,0.69532,7,4
SPG1_STRSG_Wu_2016,GEMME,0.94581,0.18639,0.75942,7,4
SPG1_STRSG_Wu_2016,ProtGPT2,-0.58969,-0.68715,-0.09746,7,4
SPG2_STRSG_Tsuboyama_2023_5UBS,Site_Independent,-0.48046,0.12213,0.35833,6,2
SPG2_STRSG_Tsuboyama_2023_5UBS,EVmutation,-0.56152,-0.38348,0.17803,6,2
SPG2_STRSG_Tsuboyama_2023_5UBS,DeepSequence_ensemble,-0.4858,-0.23343,0.25236,6,2
SPG2_STRSG_Tsuboyama_2023_5UBS,EVE_ensemble,-0.62332,-0.46872,0.1546,6,2
SPG2_STRSG_Tsuboyama_2023_5UBS,MSA_Transformer_ensemble,-0.43382,-0.81524,-0.38142,6,2
SPG2_STRSG_Tsuboyama_2023_5UBS,ESM1b,-0.5808,-0.81172,-0.23092,6,2
SPG2_STRSG_Tsuboyama_2023_5UBS,ESM1v_ensemble,-0.93455,-0.45593,0.47862,6,2
SPG2_STRSG_Tsuboyama_2023_5UBS,ESM2_8M,-0.91555,-0.69649,0.21906,6,2
SPG2_STRSG_Tsuboyama_2023_5UBS,ESM2_35M,-0.89541,-0.46624,0.42917,6,2
SPG2_STRSG_Tsuboyama_2023_5UBS,ESM2_150M,-0.92933,-0.31739,0.61194,6,2
SPG2_STRSG_Tsuboyama_2023_5UBS,ESM2_650M,-0.87823,-0.35323,0.52501,6,2
SPG2_STRSG_Tsuboyama_2023_5UBS,ESM2_3B,-0.81224,-0.35669,0.45555,6,2
SPG2_STRSG_Tsuboyama_2023_5UBS,ESM2_15B,-0.98644,-0.20313,0.78331,6,2
SPG2_STRSG_Tsuboyama_2023_5UBS,RITA_l,-0.75578,-0.62474,0.13105,6,2
SPG2_STRSG_Tsuboyama_2023_5UBS,Progen2_large,-0.57559,-0.65023,-0.07464,6,2
SPG2_STRSG_Tsuboyama_2023_5UBS,GEMME,-0.37896,0.00082,0.37815,6,2
SPG2_STRSG_Tsuboyama_2023_5UBS,ProtGPT2,-0.33173,-0.33489,-0.00316,6,2
SPTN1_CHICK_Tsuboyama_2023_1TUD,Site_Independent,-0.66202,-0.71381,-0.05179,6,2
SPTN1_CHICK_Tsuboyama_2023_1TUD,EVmutation,0.09276,-0.69166,-0.5989,6,2
SPTN1_CHICK_Tsuboyama_2023_1TUD,DeepSequence_ensemble,0.3492,-0.03853,0.31066,6,2
SPTN1_CHICK_Tsuboyama_2023_1TUD,EVE_ensemble,0.25703,0.05002,0.20701,6,2
SPTN1_CHICK_Tsuboyama_2023_1TUD,MSA_Transformer_ensemble,0.21548,-0.29974,-0.08426,6,2
SPTN1_CHICK_Tsuboyama_2023_1TUD,ESM1b,-0.24878,-0.4392,-0.19042,6,2
SPTN1_CHICK_Tsuboyama_2023_1TUD,ESM1v_ensemble,-0.80438,-0.44244,0.36193,6,2
SPTN1_CHICK_Tsuboyama_2023_1TUD,ESM2_8M,-1.00445,-0.33723,0.66722,6,2
SPTN1_CHICK_Tsuboyama_2023_1TUD,ESM2_35M,-0.82926,0.06864,0.76062,6,2
SPTN1_CHICK_Tsuboyama_2023_1TUD,ESM2_150M,-0.77267,-0.45817,0.3145,6,2
SPTN1_CHICK_Tsuboyama_2023_1TUD,ESM2_650M,-0.69613,-0.28693,0.4092,6,2
SPTN1_CHICK_Tsuboyama_2023_1TUD,ESM2_3B,-0.13571,0.09142,0.04429,6,2
SPTN1_CHICK_Tsuboyama_2023_1TUD,ESM2_15B,0.32817,-0.32382,0.00435,6,2
SPTN1_CHICK_Tsuboyama_2023_1TUD,RITA_l,0.8486,-0.34148,0.50712,6,2
SPTN1_CHICK_Tsuboyama_2023_1TUD,Progen2_large,0.10739,-0.73713,-0.62974,6,2
SPTN1_CHICK_Tsuboyama_2023_1TUD,GEMME,0.01227,0.65275,-0.64049,6,2
SPTN1_CHICK_Tsuboyama_2023_1TUD,ProtGPT2,0.95416,-0.08244,0.87172,6,2
SR43C_ARATH_Tsuboyama_2023_2N88,Site_Independent,0.55619,0.46452,0.09166,6,2
SR43C_ARATH_Tsuboyama_2023_2N88,EVmutation,0.64274,0.44201,0.20073,6,2
SR43C_ARATH_Tsuboyama_2023_2N88,DeepSequence_ensemble,0.15048,0.41592,-0.26545,6,2
SR43C_ARATH_Tsuboyama_2023_2N88,EVE_ensemble,0.07943,0.46279,-0.38336,6,2
SR43C_ARATH_Tsuboyama_2023_2N88,MSA_Transformer_ensemble,-0.98112,-0.2231,0.75802,6,2
SR43C_ARATH_Tsuboyama_2023_2N88,ESM1b,-0.1286,0.4512,-0.32259,6,2
SR43C_ARATH_Tsuboyama_2023_2N88,ESM1v_ensemble,-0.00054,0.32311,-0.32257,6,2
SR43C_ARATH_Tsuboyama_2023_2N88,ESM2_8M,-0.74523,-0.67281,0.07242,6,2
SR43C_ARATH_Tsuboyama_2023_2N88,ESM2_35M,0.23535,0.28177,-0.04641,6,2
SR43C_ARATH_Tsuboyama_2023_2N88,ESM2_150M,-0.15101,0.34116,-0.19015,6,2
SR43C_ARATH_Tsuboyama_2023_2N88,ESM2_650M,-0.24035,0.45412,-0.21377,6,2
SR43C_ARATH_Tsuboyama_2023_2N88,ESM2_3B,-0.43859,0.41098,0.0276,6,2
SR43C_ARATH_Tsuboyama_2023_2N88,ESM2_15B,-0.83346,0.05549,0.77797,6,2
SR43C_ARATH_Tsuboyama_2023_2N88,RITA_l,0.22286,0.2417,-0.01884,6,2
SR43C_ARATH_Tsuboyama_2023_2N88,Progen2_large,0.05273,0.31761,-0.26488,6,2
SR43C_ARATH_Tsuboyama_2023_2N88,GEMME,0.14817,0.55207,-0.40389,6,2
SR43C_ARATH_Tsuboyama_2023_2N88,ProtGPT2,0.44991,0.64629,-0.19638,6,2
SRBS1_HUMAN_Tsuboyama_2023_2O2W,Site_Independent,0.45794,-0.76938,-0.31144,6,2
SRBS1_HUMAN_Tsuboyama_2023_2O2W,EVmutation,0.66569,-0.62303,0.04266,6,2
SRBS1_HUMAN_Tsuboyama_2023_2O2W,DeepSequence_ensemble,-0.23282,-0.69149,-0.45867,6,2
SRBS1_HUMAN_Tsuboyama_2023_2O2W,EVE_ensemble,-0.37004,-0.64357,-0.27353,6,2
SRBS1_HUMAN_Tsuboyama_2023_2O2W,MSA_Transformer_ensemble,-0.53778,-0.526,0.01177,6,2
SRBS1_HUMAN_Tsuboyama_2023_2O2W,ESM1b,-0.41568,-0.64477,-0.22909,6,2
SRBS1_HUMAN_Tsuboyama_2023_2O2W,ESM1v_ensemble,-0.84119,-0.43284,0.40836,6,2
SRBS1_HUMAN_Tsuboyama_2023_2O2W,ESM2_8M,-0.13957,-0.61438,-0.47481,6,2
SRBS1_HUMAN_Tsuboyama_2023_2O2W,ESM2_35M,-0.55708,-0.58594,-0.02886,6,2
SRBS1_HUMAN_Tsuboyama_2023_2O2W,ESM2_150M,-0.52784,-0.59198,-0.06414,6,2
SRBS1_HUMAN_Tsuboyama_2023_2O2W,ESM2_650M,-0.27967,-0.55595,-0.27629,6,2
SRBS1_HUMAN_Tsuboyama_2023_2O2W,ESM2_3B,-0.04464,-0.62803,-0.58339,6,2
SRBS1_HUMAN_Tsuboyama_2023_2O2W,ESM2_15B,-0.3754,-0.68853,-0.31313,6,2
SRBS1_HUMAN_Tsuboyama_2023_2O2W,RITA_l,-0.92976,-0.06363,0.86612,6,2
SRBS1_HUMAN_Tsuboyama_2023_2O2W,Progen2_large,-0.68326,0.09684,0.58642,6,2
SRBS1_HUMAN_Tsuboyama_2023_2O2W,GEMME,-0.59211,-0.31314,0.27897,6,2
SRBS1_HUMAN_Tsuboyama_2023_2O2W,ProtGPT2,-0.71548,0.36779,0.34769,6,2
TCRG1_MOUSE_Tsuboyama_2023_1E0L,Site_Independent,0.89563,-0.03455,0.86108,6,2
TCRG1_MOUSE_Tsuboyama_2023_1E0L,EVmutation,0.75607,0.1562,0.59987,6,2
TCRG1_MOUSE_Tsuboyama_2023_1E0L,DeepSequence_ensemble,0.74194,0.12319,0.61875,6,2
TCRG1_MOUSE_Tsuboyama_2023_1E0L,EVE_ensemble,0.56679,0.28646,0.28033,6,2
TCRG1_MOUSE_Tsuboyama_2023_1E0L,MSA_Transformer_ensemble,0.54934,0.20934,0.34,6,2
TCRG1_MOUSE_Tsuboyama_2023_1E0L,ESM1b,-0.36697,-0.46925,-0.10227,6,2
TCRG1_MOUSE_Tsuboyama_2023_1E0L,ESM1v_ensemble,-0.65072,-0.12097,0.52974,6,2
TCRG1_MOUSE_Tsuboyama_2023_1E0L,ESM2_8M,0.24093,-0.47159,-0.23065,6,2
TCRG1_MOUSE_Tsuboyama_2023_1E0L,ESM2_35M,-0.5569,-0.18486,0.37204,6,2
TCRG1_MOUSE_Tsuboyama_2023_1E0L,ESM2_150M,-0.79393,-0.13257,0.66136,6,2
TCRG1_MOUSE_Tsuboyama_2023_1E0L,ESM2_650M,-0.72155,0.00231,0.71924,6,2
TCRG1_MOUSE_Tsuboyama_2023_1E0L,ESM2_3B,-0.68835,-0.05194,0.63641,6,2
TCRG1_MOUSE_Tsuboyama_2023_1E0L,ESM2_15B,-0.44359,-0.12775,0.31584,6,2
TCRG1_MOUSE_Tsuboyama_2023_1E0L,RITA_l,-0.83724,-0.0293,0.80794,6,2
TCRG1_MOUSE_Tsuboyama_2023_1E0L,Progen2_large,-0.71436,-0.09482,0.61954,6,2
TCRG1_MOUSE_Tsuboyama_2023_1E0L,GEMME,-0.19197,0.55603,-0.36406,6,2
TCRG1_MOUSE_Tsuboyama_2023_1E0L,ProtGPT2,0.66807,0.48427,0.1838,6,2
THO1_YEAST_Tsuboyama_2023_2WQG,Site_Independent,-0.00212,-0.85449,-0.85237,6,2
THO1_YEAST_Tsuboyama_2023_2WQG,EVmutation,-0.37296,-0.76787,-0.39491,6,2
THO1_YEAST_Tsuboyama_2023_2WQG,DeepSequence_ensemble,-0.71888,-0.65538,0.0635,6,2
THO1_YEAST_Tsuboyama_2023_2WQG,EVE_ensemble,-0.72722,-0.65845,0.06877,6,2
THO1_YEAST_Tsuboyama_2023_2WQG,MSA_Transformer_ensemble,-0.91078,-0.42323,0.48755,6,2
THO1_YEAST_Tsuboyama_2023_2WQG,ESM1b,-0.69877,-0.60081,0.09797,6,2
THO1_YEAST_Tsuboyama_2023_2WQG,ESM1v_ensemble,-0.55562,-0.39102,0.16459,6,2
THO1_YEAST_Tsuboyama_2023_2WQG,ESM2_8M,0.18511,-0.23326,-0.04815,6,2
THO1_YEAST_Tsuboyama_2023_2WQG,ESM2_35M,-0.51029,-0.60434,-0.09405,6,2
THO1_YEAST_Tsuboyama_2023_2WQG,ESM2_150M,-0.78114,-0.56847,0.21267,6,2
THO1_YEAST_Tsuboyama_2023_2WQG,ESM2_650M,-0.84433,-0.61541,0.22892,6,2
THO1_YEAST_Tsuboyama_2023_2WQG,ESM2_3B,-0.91769,-0.51925,0.39843,6,2
THO1_YEAST_Tsuboyama_2023_2WQG,ESM2_15B,-0.85508,-0.59922,0.25586,6,2
THO1_YEAST_Tsuboyama_2023_2WQG,RITA_l,-0.32413,-0.39181,-0.06768,6,2
THO1_YEAST_Tsuboyama_2023_2WQG,Progen2_large,-0.40189,-0.51602,-0.11413,6,2
THO1_YEAST_Tsuboyama_2023_2WQG,GEMME,-0.9082,-0.31018,0.59802,6,2
THO1_YEAST_Tsuboyama_2023_2WQG,ProtGPT2,-0.79178,-0.0198,0.77198,6,2
TNKS2_HUMAN_Tsuboyama_2023_5JRT,Site_Independent,-0.49361,0.35932,0.13429,6,2
TNKS2_HUMAN_Tsuboyama_2023_5JRT,EVmutation,-0.13001,0.34281,-0.2128,6,2
TNKS2_HUMAN_Tsuboyama_2023_5JRT,DeepSequence_ensemble,-0.91591,0.10701,0.8089,6,2
TNKS2_HUMAN_Tsuboyama_2023_5JRT,EVE_ensemble,-0.77318,0.2179,0.55528,6,2
TNKS2_HUMAN_Tsuboyama_2023_5JRT,MSA_Transformer_ensemble,-0.93981,0.10434,0.83547,6,2
TNKS2_HUMAN_Tsuboyama_2023_5JRT,ESM1b,-0.30819,0.00992,0.29827,6,2
TNKS2_HUMAN_Tsuboyama_2023_5JRT,ESM1v_ensemble,-0.83951,0.17193,0.66758,6,2
TNKS2_HUMAN_Tsuboyama_2023_5JRT,ESM2_8M,0.01765,-0.83411,-0.81646,6,2
TNKS2_HUMAN_Tsuboyama_2023_5JRT,ESM2_35M,-0.89549,0.18899,0.7065,6,2
TNKS2_HUMAN_Tsuboyama_2023_5JRT,ESM2_150M,-0.83648,0.21778,0.6187,6,2
TNKS2_HUMAN_Tsuboyama_2023_5JRT,ESM2_650M,-0.8526,0.17459,0.67801,6,2
TNKS2_HUMAN_Tsuboyama_2023_5JRT,ESM2_3B,-0.97239,0.06355,0.90885,6,2
TNKS2_HUMAN_Tsuboyama_2023_5JRT,ESM2_15B,-0.99264,-0.03625,0.95639,6,2
TNKS2_HUMAN_Tsuboyama_2023_5JRT,RITA_l,-0.99522,-0.04202,0.9532,6,2
TNKS2_HUMAN_Tsuboyama_2023_5JRT,Progen2_large,-0.97764,-0.04179,0.93585,6,2
TNKS2_HUMAN_Tsuboyama_2023_5JRT,GEMME,-0.72089,0.46182,0.25907,6,2
TNKS2_HUMAN_Tsuboyama_2023_5JRT,ProtGPT2,-0.95032,0.2302,0.72013,6,2
UBE4B_HUMAN_Tsuboyama_2023_3L1X,Site_Independent,0.13511,-0.69671,-0.5616,6,2
UBE4B_HUMAN_Tsuboyama_2023_3L1X,EVmutation,-0.4048,-0.80741,-0.40262,6,2
UBE4B_HUMAN_Tsuboyama_2023_3L1X,DeepSequence_ensemble,-0.53691,-0.81231,-0.2754,6,2
UBE4B_HUMAN_Tsuboyama_2023_3L1X,EVE_ensemble,-0.5081,-0.82073,-0.31263,6,2
UBE4B_HUMAN_Tsuboyama_2023_3L1X,MSA_Transformer_ensemble,-0.81973,-0.511,0.30873,6,2
UBE4B_HUMAN_Tsuboyama_2023_3L1X,ESM1b,-0.97063,-0.22355,0.74708,6,2
UBE4B_HUMAN_Tsuboyama_2023_3L1X,ESM1v_ensemble,-0.84767,-0.46354,0.38413,6,2
UBE4B_HUMAN_Tsuboyama_2023_3L1X,ESM2_8M,-0.7676,-0.56447,0.20313,6,2
UBE4B_HUMAN_Tsuboyama_2023_3L1X,ESM2_35M,-0.74833,-0.54367,0.20466,6,2
UBE4B_HUMAN_Tsuboyama_2023_3L1X,ESM2_150M,-0.86261,-0.46845,0.39416,6,2
UBE4B_HUMAN_Tsuboyama_2023_3L1X,ESM2_650M,-0.87312,-0.39017,0.48295,6,2
UBE4B_HUMAN_Tsuboyama_2023_3L1X,ESM2_3B,-0.86778,-0.44981,0.41797,6,2
UBE4B_HUMAN_Tsuboyama_2023_3L1X,ESM2_15B,-0.66832,-0.64527,0.02305,6,2
UBE4B_HUMAN_Tsuboyama_2023_3L1X,RITA_l,-0.62904,-0.43622,0.19283,6,2
UBE4B_HUMAN_Tsuboyama_2023_3L1X,Progen2_large,-0.72758,-0.46123,0.26636,6,2
UBE4B_HUMAN_Tsuboyama_2023_3L1X,GEMME,-0.75457,-0.56931,0.18526,6,2
UBE4B_HUMAN_Tsuboyama_2023_3L1X,ProtGPT2,-0.60899,-0.48604,0.12295,6,2
UBR5_HUMAN_Tsuboyama_2023_1I2T,Site_Independent,-0.82956,-0.38097,0.4486,6,2
UBR5_HUMAN_Tsuboyama_2023_1I2T,EVmutation,-0.93599,-0.25411,0.68188,6,2
UBR5_HUMAN_Tsuboyama_2023_1I2T,DeepSequence_ensemble,-0.87518,-0.33241,0.54277,6,2
UBR5_HUMAN_Tsuboyama_2023_1I2T,EVE_ensemble,-0.80318,-0.43415,0.36903,6,2
UBR5_HUMAN_Tsuboyama_2023_1I2T,MSA_Transformer_ensemble,-0.77865,-0.43969,0.33897,6,2
UBR5_HUMAN_Tsuboyama_2023_1I2T,ESM1b,-0.37501,-0.57119,-0.19618,6,2
UBR5_HUMAN_Tsuboyama_2023_1I2T,ESM1v_ensemble,-0.79384,-0.48088,0.31296,6,2
UBR5_HUMAN_Tsuboyama_2023_1I2T,ESM2_8M,-0.28392,-0.87013,-0.58621,6,2
UBR5_HUMAN_Tsuboyama_2023_1I2T,ESM2_35M,-0.36768,-0.81943,-0.45175,6,2
UBR5_HUMAN_Tsuboyama_2023_1I2T,ESM2_150M,-0.35891,-0.75933,-0.40042,6,2
UBR5_HUMAN_Tsuboyama_2023_1I2T,ESM2_650M,-0.63635,-0.64548,-0.00913,6,2
UBR5_HUMAN_Tsuboyama_2023_1I2T,ESM2_3B,-0.78361,-0.41905,0.36456,6,2
UBR5_HUMAN_Tsuboyama_2023_1I2T,ESM2_15B,-0.80948,-0.425,0.38447,6,2
UBR5_HUMAN_Tsuboyama_2023_1I2T,RITA_l,-0.54804,-0.56694,-0.01889,6,2
UBR5_HUMAN_Tsuboyama_2023_1I2T,Progen2_large,-0.73414,-0.50526,0.22888,6,2
UBR5_HUMAN_Tsuboyama_2023_1I2T,GEMME,-0.72179,-0.31111,0.41069,6,2
UBR5_HUMAN_Tsuboyama_2023_1I2T,ProtGPT2,-0.97397,0.07898,0.89498,6,2
VILI_CHICK_Tsuboyama_2023_1YU5,Site_Independent,-0.85183,-0.15484,0.69699,6,2
VILI_CHICK_Tsuboyama_2023_1YU5,EVmutation,-0.93445,-0.36824,0.56621,6,2
VILI_CHICK_Tsuboyama_2023_1YU5,DeepSequence_ensemble,-0.9553,-0.34959,0.60571,6,2
VILI_CHICK_Tsuboyama_2023_1YU5,EVE_ensemble,-0.95321,-0.34901,0.6042,6,2
VILI_CHICK_Tsuboyama_2023_1YU5,MSA_Transformer_ensemble,-0.96373,-0.32361,0.64013,6,2
VILI_CHICK_Tsuboyama_2023_1YU5,ESM1b,-0.94772,-0.38701,0.56071,6,2
VILI_CHICK_Tsuboyama_2023_1YU5,ESM1v_ensemble,-0.88811,-0.28991,0.5982,6,2
VILI_CHICK_Tsuboyama_2023_1YU5,ESM2_8M,0.68195,0.63076,0.05119,6,2
VILI_CHICK_Tsuboyama_2023_1YU5,ESM2_35M,0.93379,-0.04114,0.89266,6,2
VILI_CHICK_Tsuboyama_2023_1YU5,ESM2_150M,-0.97173,-0.30177,0.66996,6,2
VILI_CHICK_Tsuboyama_2023_1YU5,ESM2_650M,-0.99268,-0.20654,0.78614,6,2
VILI_CHICK_Tsuboyama_2023_1YU5,ESM2_3B,-0.98251,-0.25996,0.72255,6,2
VILI_CHICK_Tsuboyama_2023_1YU5,ESM2_15B,-0.97866,-0.23233,0.74633,6,2
VILI_CHICK_Tsuboyama_2023_1YU5,RITA_l,0.06416,-0.72352,-0.65935,6,2
VILI_CHICK_Tsuboyama_2023_1YU5,Progen2_large,-0.87856,-0.53251,0.34605,6,2
VILI_CHICK_Tsuboyama_2023_1YU5,GEMME,-0.97762,-0.2465,0.73112,6,2
VILI_CHICK_Tsuboyama_2023_1YU5,ProtGPT2,-0.83298,-0.49242,0.34056,6,2
YAIA_ECOLI_Tsuboyama_2023_2KVT,Site_Independent,0.82075,-0.40676,0.414,6,2
YAIA_ECOLI_Tsuboyama_2023_2KVT,EVmutation,0.53524,-0.69282,-0.15758,6,2
YAIA_ECOLI_Tsuboyama_2023_2KVT,DeepSequence_ensemble,0.35332,-0.82305,-0.46974,6,2
YAIA_ECOLI_Tsuboyama_2023_2KVT,EVE_ensemble,0.63779,-0.62536,0.01243,6,2
YAIA_ECOLI_Tsuboyama_2023_2KVT,MSA_Transformer_ensemble,-0.52039,-0.86441,-0.34402,6,2
YAIA_ECOLI_Tsuboyama_2023_2KVT,ESM1b,0.41339,-0.65712,-0.24373,6,2
YAIA_ECOLI_Tsuboyama_2023_2KVT,ESM1v_ensemble,0.1946,-0.72543,-0.53083,6,2
YAIA_ECOLI_Tsuboyama_2023_2KVT,ESM2_8M,0.22375,-0.87764,-0.6539,6,2
YAIA_ECOLI_Tsuboyama_2023_2KVT,ESM2_35M,0.60857,-0.66531,-0.05674,6,2
YAIA_ECOLI_Tsuboyama_2023_2KVT,ESM2_150M,-0.46225,-0.86199,-0.39974,6,2
YAIA_ECOLI_Tsuboyama_2023_2KVT,ESM2_650M,-0.8207,-0.56688,0.25382,6,2
YAIA_ECOLI_Tsuboyama_2023_2KVT,ESM2_3B,-0.56963,-0.75141,-0.18178,6,2
YAIA_ECOLI_Tsuboyama_2023_2KVT,ESM2_15B,-0.51683,-0.81901,-0.30218,6,2
YAIA_ECOLI_Tsuboyama_2023_2KVT,RITA_l,0.60654,-0.69468,-0.08815,6,2
YAIA_ECOLI_Tsuboyama_2023_2KVT,Progen2_large,0.44515,-0.48395,-0.0388,6,2
YAIA_ECOLI_Tsuboyama_2023_2KVT,GEMME,0.56932,-0.62773,-0.05841,6,2
YAIA_ECOLI_Tsuboyama_2023_2KVT,ProtGPT2,-0.63516,-0.68221,-0.04705,6,2
YNZC_BACSU_Tsuboyama_2023_2JVD,Site_Independent,0.27444,-0.58629,-0.31185,6,2
YNZC_BACSU_Tsuboyama_2023_2JVD,EVmutation,0.14672,-0.59981,-0.45309,6,2
YNZC_BACSU_Tsuboyama_2023_2JVD,DeepSequence_ensemble,-0.28537,-0.63645,-0.35108,6,2
YNZC_BACSU_Tsuboyama_2023_2JVD,EVE_ensemble,-0.24538,-0.62702,-0.38164,6,2
YNZC_BACSU_Tsuboyama_2023_2JVD,MSA_Transformer_ensemble,-0.64893,-0.51997,0.12896,6,2
YNZC_BACSU_Tsuboyama_2023_2JVD,ESM1b,-0.51166,-0.48953,0.02213,6,2
YNZC_BACSU_Tsuboyama_2023_2JVD,ESM1v_ensemble,-0.82202,-0.48058,0.34143,6,2
YNZC_BACSU_Tsuboyama_2023_2JVD,ESM2_8M,-0.33439,-0.61087,-0.27648,6,2
YNZC_BACSU_Tsuboyama_2023_2JVD,ESM2_35M,0.19942,-0.72812,-0.52871,6,2
YNZC_BACSU_Tsuboyama_2023_2JVD,ESM2_150M,-0.84839,-0.17778,0.67061,6,2
YNZC_BACSU_Tsuboyama_2023_2JVD,ESM2_650M,-0.91095,-0.38184,0.52911,6,2
YNZC_BACSU_Tsuboyama_2023_2JVD,ESM2_3B,-0.85073,-0.59131,0.25942,6,2
YNZC_BACSU_Tsuboyama_2023_2JVD,ESM2_15B,-0.88438,-0.50007,0.38431,6,2
YNZC_BACSU_Tsuboyama_2023_2JVD,RITA_l,-0.97811,-0.4162,0.56192,6,2
YNZC_BACSU_Tsuboyama_2023_2JVD,Progen2_large,-0.83083,-0.44231,0.38852,6,2
YNZC_BACSU_Tsuboyama_2023_2JVD,GEMME,-0.64286,-0.41559,0.22726,6,2
YNZC_BACSU_Tsuboyama_2023_2JVD,ProtGPT2,-0.62353,-0.30066,0.32287,6,2
