assay,model,beta_k,beta_sev,D,n,corr_k_sev,k_max
A4_HUMAN_Seuma_2022,Site_Independent,0.05571,-0.08213,-0.02642,8000,-0.1642,2
A4_HUMAN_Seuma_2022,EVmutation,-0.03495,-0.04604,-0.01109,8000,-0.1642,2
A4_HUMAN_Seuma_2022,DeepSequence_ensemble,0.02068,0.00422,0.01646,8000,-0.1642,2
A4_HUMAN_Seuma_2022,EVE_ensemble,-0.01948,-0.02975,-0.01027,8000,-0.1642,2
A4_HUMAN_Seuma_2022,MSA_Transformer_ensemble,-0.02033,0.03174,-0.0114,8000,-0.1642,2
A4_HUMAN_Seuma_2022,ESM1b,0.0472,-0.01542,0.03178,8000,-0.1642,2
A4_HUMAN_Seuma_2022,ESM1v_ensemble,-0.00817,0.00149,0.00668,8000,-0.1642,2
A4_HUMAN_Seuma_2022,ESM2_8M,0.00843,-0.03502,-0.02659,8000,-0.1642,2
A4_HUMAN_Seuma_2022,ESM2_35M,-0.00393,-0.06323,-0.05931,8000,-0.1642,2
A4_HUMAN_Seuma_2022,ESM2_150M,-0.01191,-0.0549,-0.04298,8000,-0.1642,2
A4_HUMAN_Seuma_2022,ESM2_650M,0.01674,-0.04921,-0.03247,8000,-0.1642,2
A4_HUMAN_Seuma_2022,ESM2_3B,0.0561,-0.01766,0.03844,8000,-0.1642,2
A4_HUMAN_Seuma_2022,ESM2_15B,0.06669,0.01916,0.04754,8000,-0.1642,2
A4_HUMAN_Seuma_2022,RITA_l,0.03395,-0.09041,-0.05646,8000,-0.1642,2
A4_HUMAN_Seuma_2022,Progen2_large,0.0396,-0.0955,-0.0559,8000,-0.1642,2
A4_HUMAN_Seuma_2022,GEMME,0.05543,-0.00601,0.04943,8000,-0.1642,2
A4_HUMAN_Seuma_2022,ProtGPT2,-0.17602,-0.04214,0.13388,8000,-0.1642,2
AMFR_HUMAN_Tsuboyama_2023_4G3O,Site_Independent,0.09673,0.08306,0.01366,2972,0.014,2
AMFR_HUMAN_Tsuboyama_2023_4G3O,EVmutation,0.12091,0.17203,-0.05111,2972,0.014,2
AMFR_HUMAN_Tsuboyama_2023_4G3O,DeepSequence_ensemble,0.13222,0.17489,-0.04267,2972,0.014,2
AMFR_HUMAN_Tsuboyama_2023_4G3O,EVE_ensemble,0.15133,0.15248,-0.00115,2972,0.014,2
AMFR_HUMAN_Tsuboyama_2023_4G3O,MSA_Transformer_ensemble,0.19462,0.20578,-0.01116,2972,0.014,2
AMFR_HUMAN_Tsuboyama_2023_4G3O,ESM1b,0.14608,0.21096,-0.06488,2972,0.014,2
AMFR_HUMAN_Tsuboyama_2023_4G3O,ESM1v_ensemble,0.15316,0.1833,-0.03014,2972,0.014,2
AMFR_HUMAN_Tsuboyama_2023_4G3O,ESM2_8M,0.0068,-0.00113,0.00567,2972,0.014,2
AMFR_HUMAN_Tsuboyama_2023_4G3O,ESM2_35M,0.0243,0.01466,0.00964,2972,0.014,2
AMFR_HUMAN_Tsuboyama_2023_4G3O,ESM2_150M,0.22293,0.22438,-0.00145,2972,0.014,2
AMFR_HUMAN_Tsuboyama_2023_4G3O,ESM2_650M,0.19865,0.18413,0.01452,2972,0.014,2
AMFR_HUMAN_Tsuboyama_2023_4G3O,ESM2_3B,0.18484,0.1859,-0.00107,2972,0.014,2
AMFR_HUMAN_Tsuboyama_2023_4G3O,ESM2_15B,0.19076,0.18125,0.0095,2972,0.014,2
AMFR_HUMAN_Tsuboyama_2023_4G3O,RITA_l,0.26905,0.17486,0.09419,2972,0.014,2
AMFR_HUMAN_Tsuboyama_2023_4G3O,Progen2_large,0.16436,0.1387,0.02566,2972,0.014,2
AMFR_HUMAN_Tsuboyama_2023_4G3O,GEMME,0.15156,0.13589,0.01567,2972,0.014,2
AMFR_HUMAN_Tsuboyama_2023_4G3O,ProtGPT2,0.16668,0.18874,-0.02206,2972,0.014,2
BBC1_YEAST_Tsuboyama_2023_1TG0,Site_Independent,0.01744,-0.02864,-0.01121,2069,0.0534,2
BBC1_YEAST_Tsuboyama_2023_1TG0,EVmutation,0.14452,-0.06727,0.07725,2069,0.0534,2
BBC1_YEAST_Tsuboyama_2023_1TG0,DeepSequence_ensemble,0.15216,-0.01293,0.13923,2069,0.0534,2
BBC1_YEAST_Tsuboyama_2023_1TG0,EVE_ensemble,0.13993,-0.00242,0.13752,2069,0.0534,2
BBC1_YEAST_Tsuboyama_2023_1TG0,MSA_Transformer_ensemble,0.12832,0.04118,0.08714,2069,0.0534,2
BBC1_YEAST_Tsuboyama_2023_1TG0,ESM1b,0.10279,-0.01437,0.08841,2069,0.0534,2
BBC1_YEAST_Tsuboyama_2023_1TG0,ESM1v_ensemble,0.13231,0.01465,0.11766,2069,0.0534,2
BBC1_YEAST_Tsuboyama_2023_1TG0,ESM2_8M,0.0588,0.15151,-0.09271,2069,0.0534,2
BBC1_YEAST_Tsuboyama_2023_1TG0,ESM2_35M,0.12327,0.02285,0.10042,2069,0.0534,2
BBC1_YEAST_Tsuboyama_2023_1TG0,ESM2_150M,0.17162,0.01294,0.15868,2069,0.0534,2
BBC1_YEAST_Tsuboyama_2023_1TG0,ESM2_650M,0.18545,0.02381,0.16164,2069,0.0534,2
BBC1_YEAST_Tsuboyama_2023_1TG0,ESM2_3B,0.19187,0.02773,0.16414,2069,0.0534,2
BBC1_YEAST_Tsuboyama_2023_1TG0,ESM2_15B,0.16553,0.02361,0.14192,2069,0.0534,2
BBC1_YEAST_Tsuboyama_2023_1TG0,RITA_l,0.07525,-0.00233,0.07292,2069,0.0534,2
BBC1_YEAST_Tsuboyama_2023_1TG0,Progen2_large,0.05652,0.00965,0.04687,2069,0.0534,2
BBC1_YEAST_Tsuboyama_2023_1TG0,GEMME,0.13541,0.01004,0.12536,2069,0.0534,2
BBC1_YEAST_Tsuboyama_2023_1TG0,ProtGPT2,0.03312,0.00758,0.02554,2069,0.0534,2
BCHB_CHLTE_Tsuboyama_2023_2KRU,Site_Independent,-0.20722,0.15469,0.05252,1572,0.0669,2
BCHB_CHLTE_Tsuboyama_2023_2KRU,EVmutation,-0.22488,0.13611,0.08877,1572,0.0669,2
BCHB_CHLTE_Tsuboyama_2023_2KRU,DeepSequence_ensemble,-0.15701,0.1197,0.03731,1572,0.0669,2
BCHB_CHLTE_Tsuboyama_2023_2KRU,EVE_ensemble,-0.1762,0.13153,0.04467,1572,0.0669,2
BCHB_CHLTE_Tsuboyama_2023_2KRU,MSA_Transformer_ensemble,-0.11454,0.15637,-0.04184,1572,0.0669,2
BCHB_CHLTE_Tsuboyama_2023_2KRU,ESM1b,-0.10443,0.03812,0.06631,1572,0.0669,2
BCHB_CHLTE_Tsuboyama_2023_2KRU,ESM1v_ensemble,-0.07224,0.15019,-0.07795,1572,0.0669,2
BCHB_CHLTE_Tsuboyama_2023_2KRU,ESM2_8M,-0.03281,0.15651,-0.1237,1572,0.0669,2
BCHB_CHLTE_Tsuboyama_2023_2KRU,ESM2_35M,-0.09484,0.14426,-0.04942,1572,0.0669,2
BCHB_CHLTE_Tsuboyama_2023_2KRU,ESM2_150M,-0.12342,0.1569,-0.03348,1572,0.0669,2
BCHB_CHLTE_Tsuboyama_2023_2KRU,ESM2_650M,-0.01534,0.15819,-0.14286,1572,0.0669,2
BCHB_CHLTE_Tsuboyama_2023_2KRU,ESM2_3B,-0.15296,0.17628,-0.02332,1572,0.0669,2
BCHB_CHLTE_Tsuboyama_2023_2KRU,ESM2_15B,-0.09556,0.14273,-0.04717,1572,0.0669,2
BCHB_CHLTE_Tsuboyama_2023_2KRU,RITA_l,-0.07102,0.16407,-0.09305,1572,0.0669,2
BCHB_CHLTE_Tsuboyama_2023_2KRU,Progen2_large,-0.25265,0.1701,0.08255,1572,0.0669,2
BCHB_CHLTE_Tsuboyama_2023_2KRU,GEMME,-0.26832,0.0941,0.17422,1572,0.0669,2
BCHB_CHLTE_Tsuboyama_2023_2KRU,ProtGPT2,-0.05055,-0.01219,0.03836,1572,0.0669,2
CAPSD_AAV2S_Sinai_2021,Site_Independent,-0.21438,0.0468,0.16758,8000,-0.0724,26
CAPSD_AAV2S_Sinai_2021,EVmutation,-0.21229,0.06371,0.14858,8000,-0.0724,26
CAPSD_AAV2S_Sinai_2021,DeepSequence_ensemble,-0.19406,0.04969,0.14437,8000,-0.0724,26
CAPSD_AAV2S_Sinai_2021,EVE_ensemble,-0.21508,0.06429,0.1508,8000,-0.0724,26
CAPSD_AAV2S_Sinai_2021,MSA_Transformer_ensemble,-0.20893,0.02525,0.18369,8000,-0.0724,26
CAPSD_AAV2S_Sinai_2021,ESM1b,-0.23529,0.08745,0.14784,8000,-0.0724,26
CAPSD_AAV2S_Sinai_2021,ESM1v_ensemble,-0.11151,0.03095,0.08056,8000,-0.0724,26
CAPSD_AAV2S_Sinai_2021,ESM2_8M,-0.08791,0.02192,0.066,8000,-0.0724,26
CAPSD_AAV2S_Sinai_2021,ESM2_35M,-0.11191,0.01679,0.09511,8000,-0.0724,26
CAPSD_AAV2S_Sinai_2021,ESM2_150M,-0.1156,0.02616,0.08944,8000,-0.0724,26
CAPSD_AAV2S_Sinai_2021,ESM2_650M,-0.16935,0.01533,0.15402,8000,-0.0724,26
CAPSD_AAV2S_Sinai_2021,ESM2_3B,-0.2093,0.02725,0.18205,8000,-0.0724,26
CAPSD_AAV2S_Sinai_2021,ESM2_15B,-0.25025,0.08565,0.1646,8000,-0.0724,26
CAPSD_AAV2S_Sinai_2021,RITA_l,-0.13212,0.01828,0.11384,8000,-0.0724,26
CAPSD_AAV2S_Sinai_2021,Progen2_large,-0.11046,0.0359,0.07456,8000,-0.0724,26
CAPSD_AAV2S_Sinai_2021,GEMME,-0.19996,0.04331,0.15666,8000,-0.0724,26
CAPSD_AAV2S_Sinai_2021,ProtGPT2,-0.04811,0.00362,0.04449,8000,-0.0724,26
CATR_CHLRE_Tsuboyama_2023_2AMI,Site_Independent,-0.02218,0.01311,0.00906,1903,-0.1315,2
CATR_CHLRE_Tsuboyama_2023_2AMI,EVmutation,-0.12226,-0.02915,0.09311,1903,-0.1315,2
CATR_CHLRE_Tsuboyama_2023_2AMI,DeepSequence_ensemble,-0.10446,-0.04713,0.05733,1903,-0.1315,2
CATR_CHLRE_Tsuboyama_2023_2AMI,EVE_ensemble,-0.08853,-0.04192,0.04661,1903,-0.1315,2
CATR_CHLRE_Tsuboyama_2023_2AMI,MSA_Transformer_ensemble,-0.25678,0.09079,0.16599,1903,-0.1315,2
CATR_CHLRE_Tsuboyama_2023_2AMI,ESM1b,-0.27113,-0.0002,0.27093,1903,-0.1315,2
CATR_CHLRE_Tsuboyama_2023_2AMI,ESM1v_ensemble,-0.20697,0.0002,0.20677,1903,-0.1315,2
CATR_CHLRE_Tsuboyama_2023_2AMI,ESM2_8M,-0.17209,0.10414,0.06794,1903,-0.1315,2
CATR_CHLRE_Tsuboyama_2023_2AMI,ESM2_35M,-0.23772,0.05085,0.18687,1903,-0.1315,2
CATR_CHLRE_Tsuboyama_2023_2AMI,ESM2_150M,-0.28457,0.05383,0.23074,1903,-0.1315,2
CATR_CHLRE_Tsuboyama_2023_2AMI,ESM2_650M,-0.24951,-0.00317,0.24633,1903,-0.1315,2
CATR_CHLRE_Tsuboyama_2023_2AMI,ESM2_3B,-0.24602,0.02277,0.22325,1903,-0.1315,2
CATR_CHLRE_Tsuboyama_2023_2AMI,ESM2_15B,-0.20891,0.02042,0.18849,1903,-0.1315,2
CATR_CHLRE_Tsuboyama_2023_2AMI,RITA_l,-0.25508,0.02426,0.23082,1903,-0.1315,2
CATR_CHLRE_Tsuboyama_2023_2AMI,Progen2_large,-0.2344,0.02607,0.20833,1903,-0.1315,2
CATR_CHLRE_Tsuboyama_2023_2AMI,GEMME,-0.15393,-0.03427,0.11965,1903,-0.1315,2
CATR_CHLRE_Tsuboyama_2023_2AMI,ProtGPT2,-0.14452,0.04091,0.10361,1903,-0.1315,2
CBPA2_HUMAN_Tsuboyama_2023_1O6X,Site_Independent,-0.14779,0.10575,0.04203,2068,-0.0215,2
CBPA2_HUMAN_Tsuboyama_2023_1O6X,EVmutation,-0.26586,0.08093,0.18493,2068,-0.0215,2
CBPA2_HUMAN_Tsuboyama_2023_1O6X,DeepSequence_ensemble,-0.22421,0.0958,0.12841,2068,-0.0215,2
CBPA2_HUMAN_Tsuboyama_2023_1O6X,EVE_ensemble,-0.20221,0.11515,0.08706,2068,-0.0215,2
CBPA2_HUMAN_Tsuboyama_2023_1O6X,MSA_Transformer_ensemble,-0.18444,0.04841,0.13603,2068,-0.0215,2
CBPA2_HUMAN_Tsuboyama_2023_1O6X,ESM1b,-0.19353,0.07839,0.11514,2068,-0.0215,2
CBPA2_HUMAN_Tsuboyama_2023_1O6X,ESM1v_ensemble,-0.18207,0.1046,0.07747,2068,-0.0215,2
CBPA2_HUMAN_Tsuboyama_2023_1O6X,ESM2_8M,-0.02655,0.10222,-0.07566,2068,-0.0215,2
CBPA2_HUMAN_Tsuboyama_2023_1O6X,ESM2_35M,-0.13925,0.08883,0.05041,2068,-0.0215,2
CBPA2_HUMAN_Tsuboyama_2023_1O6X,ESM2_150M,-0.08474,0.08078,0.00396,2068,-0.0215,2
CBPA2_HUMAN_Tsuboyama_2023_1O6X,ESM2_650M,-0.03776,0.09828,-0.06052,2068,-0.0215,2
CBPA2_HUMAN_Tsuboyama_2023_1O6X,ESM2_3B,-0.0805,0.06444,0.01606,2068,-0.0215,2
CBPA2_HUMAN_Tsuboyama_2023_1O6X,ESM2_15B,-0.14482,0.04863,0.09619,2068,-0.0215,2
CBPA2_HUMAN_Tsuboyama_2023_1O6X,RITA_l,-0.18587,0.09754,0.08833,2068,-0.0215,2
CBPA2_HUMAN_Tsuboyama_2023_1O6X,Progen2_large,-0.21026,0.10766,0.10261,2068,-0.0215,2
CBPA2_HUMAN_Tsuboyama_2023_1O6X,GEMME,-0.1962,0.06816,0.12803,2068,-0.0215,2
CBPA2_HUMAN_Tsuboyama_2023_1O6X,ProtGPT2,0.04235,0.00754,0.03481,2068,-0.0215,2
CBX4_HUMAN_Tsuboyama_2023_2K28,Site_Independent,0.04139,0.00014,0.04125,2282,-0.0213,2
CBX4_HUMAN_Tsuboyama_2023_2K28,EVmutation,0.06127,0.07589,-0.01462,2282,-0.0213,2
CBX4_HUMAN_Tsuboyama_2023_2K28,DeepSequence_ensemble,0.02503,0.12894,-0.10391,2282,-0.0213,2
CBX4_HUMAN_Tsuboyama_2023_2K28,EVE_ensemble,0.10409,0.11585,-0.01176,2282,-0.0213,2
CBX4_HUMAN_Tsuboyama_2023_2K28,MSA_Transformer_ensemble,0.17225,0.1458,0.02645,2282,-0.0213,2
CBX4_HUMAN_Tsuboyama_2023_2K28,ESM1b,0.08654,0.09149,-0.00495,2282,-0.0213,2
CBX4_HUMAN_Tsuboyama_2023_2K28,ESM1v_ensemble,0.1032,0.09429,0.00891,2282,-0.0213,2
CBX4_HUMAN_Tsuboyama_2023_2K28,ESM2_8M,0.0741,0.10036,-0.02626,2282,-0.0213,2
CBX4_HUMAN_Tsuboyama_2023_2K28,ESM2_35M,0.14908,0.06226,0.08683,2282,-0.0213,2
CBX4_HUMAN_Tsuboyama_2023_2K28,ESM2_150M,0.15394,0.09905,0.05489,2282,-0.0213,2
CBX4_HUMAN_Tsuboyama_2023_2K28,ESM2_650M,0.1631,0.06187,0.10123,2282,-0.0213,2
CBX4_HUMAN_Tsuboyama_2023_2K28,ESM2_3B,0.19319,0.12253,0.07066,2282,-0.0213,2
CBX4_HUMAN_Tsuboyama_2023_2K28,ESM2_15B,0.16064,0.10771,0.05293,2282,-0.0213,2
CBX4_HUMAN_Tsuboyama_2023_2K28,RITA_l,0.05298,0.03449,0.01849,2282,-0.0213,2
CBX4_HUMAN_Tsuboyama_2023_2K28,Progen2_large,0.12589,-0.00895,0.11695,2282,-0.0213,2
CBX4_HUMAN_Tsuboyama_2023_2K28,GEMME,0.17072,0.05498,0.11574,2282,-0.0213,2
CBX4_HUMAN_Tsuboyama_2023_2K28,ProtGPT2,0.03823,-0.0582,-0.01996,2282,-0.0213,2
CSN4_MOUSE_Tsuboyama_2023_1UFM,Site_Independent,-0.06938,0.05231,0.01707,3295,-0.1249,2
CSN4_MOUSE_Tsuboyama_2023_1UFM,EVmutation,-0.07899,0.25188,-0.17289,3295,-0.1249,2
CSN4_MOUSE_Tsuboyama_2023_1UFM,DeepSequence_ensemble,0.02272,0.22047,-0.19775,3295,-0.1249,2
CSN4_MOUSE_Tsuboyama_2023_1UFM,EVE_ensemble,0.04272,0.19168,-0.14897,3295,-0.1249,2
CSN4_MOUSE_Tsuboyama_2023_1UFM,MSA_Transformer_ensemble,0.02993,0.24189,-0.21195,3295,-0.1249,2
CSN4_MOUSE_Tsuboyama_2023_1UFM,ESM1b,-0.02808,0.26801,-0.23994,3295,-0.1249,2
CSN4_MOUSE_Tsuboyama_2023_1UFM,ESM1v_ensemble,0.02966,0.25146,-0.2218,3295,-0.1249,2
CSN4_MOUSE_Tsuboyama_2023_1UFM,ESM2_8M,-0.08934,0.10531,-0.01597,3295,-0.1249,2
CSN4_MOUSE_Tsuboyama_2023_1UFM,ESM2_35M,0.04412,0.20488,-0.16076,3295,-0.1249,2
CSN4_MOUSE_Tsuboyama_2023_1UFM,ESM2_150M,0.11246,0.15719,-0.04473,3295,-0.1249,2
CSN4_MOUSE_Tsuboyama_2023_1UFM,ESM2_650M,-0.01879,0.23203,-0.21324,3295,-0.1249,2
CSN4_MOUSE_Tsuboyama_2023_1UFM,ESM2_3B,0.0129,0.2426,-0.2297,3295,-0.1249,2
CSN4_MOUSE_Tsuboyama_2023_1UFM,ESM2_15B,-0.00853,0.25282,-0.24429,3295,-0.1249,2
CSN4_MOUSE_Tsuboyama_2023_1UFM,RITA_l,-0.03795,0.23204,-0.1941,3295,-0.1249,2
CSN4_MOUSE_Tsuboyama_2023_1UFM,Progen2_large,0.00981,0.21875,-0.20894,3295,-0.1249,2
CSN4_MOUSE_Tsuboyama_2023_1UFM,GEMME,0.02311,0.19176,-0.16866,3295,-0.1249,2
CSN4_MOUSE_Tsuboyama_2023_1UFM,ProtGPT2,-0.03269,0.04353,-0.01084,3295,-0.1249,2
CUE1_YEAST_Tsuboyama_2023_2MYX,Site_Independent,0.0147,0.14204,-0.12733,1580,-0.0289,2
CUE1_YEAST_Tsuboyama_2023_2MYX,EVmutation,0.02919,0.13381,-0.10462,1580,-0.0289,2
CUE1_YEAST_Tsuboyama_2023_2MYX,DeepSequence_ensemble,0.09206,0.11194,-0.01988,1580,-0.0289,2
CUE1_YEAST_Tsuboyama_2023_2MYX,EVE_ensemble,0.07012,0.12774,-0.05762,1580,-0.0289,2
CUE1_YEAST_Tsuboyama_2023_2MYX,MSA_Transformer_ensemble,0.09977,0.05746,0.0423,1580,-0.0289,2
CUE1_YEAST_Tsuboyama_2023_2MYX,ESM1b,0.04756,0.13369,-0.08613,1580,-0.0289,2
CUE1_YEAST_Tsuboyama_2023_2MYX,ESM1v_ensemble,-0.06959,0.16391,-0.09432,1580,-0.0289,2
CUE1_YEAST_Tsuboyama_2023_2MYX,ESM2_8M,0.0209,0.08882,-0.06793,1580,-0.0289,2
CUE1_YEAST_Tsuboyama_2023_2MYX,ESM2_35M,-0.13482,0.14884,-0.01401,1580,-0.0289,2
CUE1_YEAST_Tsuboyama_2023_2MYX,ESM2_150M,-0.03054,0.13666,-0.10612,1580,-0.0289,2
CUE1_YEAST_Tsuboyama_2023_2MYX,ESM2_650M,-0.00055,0.12645,-0.1259,1580,-0.0289,2
CUE1_YEAST_Tsuboyama_2023_2MYX,ESM2_3B,0.05925,0.10896,-0.04971,1580,-0.0289,2
CUE1_YEAST_Tsuboyama_2023_2MYX,ESM2_15B,0.07027,0.14281,-0.07254,1580,-0.0289,2
CUE1_YEAST_Tsuboyama_2023_2MYX,RITA_l,0.01268,0.11063,-0.09795,1580,-0.0289,2
CUE1_YEAST_Tsuboyama_2023_2MYX,Progen2_large,0.07021,0.16528,-0.09507,1580,-0.0289,2
CUE1_YEAST_Tsuboyama_2023_2MYX,GEMME,0.04706,0.10969,-0.06262,1580,-0.0289,2
CUE1_YEAST_Tsuboyama_2023_2MYX,ProtGPT2,-0.07591,0.07091,0.005,1580,-0.0289,2
D7PM05_CLYGR_Somermeyer_2022,Site_Independent,-0.014,0.01171,0.00229,8000,0.059,23
D7PM05_CLYGR_Somermeyer_2022,EVmutation,-0.0333,0.03178,0.00152,8000,0.059,23
D7PM05_CLYGR_Somermeyer_2022,DeepSequence_ensemble,-0.0007,0.00809,-0.00739,8000,0.059,23
D7PM05_CLYGR_Somermeyer_2022,EVE_ensemble,0.00554,0.0048,0.00074,8000,0.059,23
D7PM05_CLYGR_Somermeyer_2022,MSA_Transformer_ensemble,-0.00068,0.0258,-0.02512,8000,0.059,23
D7PM05_CLYGR_Somermeyer_2022,ESM1b,-0.10957,0.04771,0.06186,8000,0.059,23
D7PM05_CLYGR_Somermeyer_2022,ESM1v_ensemble,0.02955,0.02425,0.00529,8000,0.059,23
D7PM05_CLYGR_Somermeyer_2022,ESM2_8M,0.02909,0.02263,0.00646,8000,0.059,23
D7PM05_CLYGR_Somermeyer_2022,ESM2_35M,0.0238,0.025,-0.00121,8000,0.059,23
D7PM05_CLYGR_Somermeyer_2022,ESM2_150M,0.02284,0.0319,-0.00907,8000,0.059,23
D7PM05_CLYGR_Somermeyer_2022,ESM2_650M,0.02879,0.01193,0.01686,8000,0.059,23
D7PM05_CLYGR_Somermeyer_2022,ESM2_3B,0.01721,-0.00066,0.01655,8000,0.059,23
D7PM05_CLYGR_Somermeyer_2022,ESM2_15B,-0.01473,0.01719,-0.00246,8000,0.059,23
D7PM05_CLYGR_Somermeyer_2022,RITA_l,0.00459,0.03114,-0.02655,8000,0.059,23
D7PM05_CLYGR_Somermeyer_2022,Progen2_large,0.01291,0.02836,-0.01546,8000,0.059,23
D7PM05_CLYGR_Somermeyer_2022,GEMME,-0.03621,0.03847,-0.00227,8000,0.059,23
D7PM05_CLYGR_Somermeyer_2022,ProtGPT2,0.06215,0.00601,0.05615,8000,0.059,23
DLG4_HUMAN_Faure_2021,Site_Independent,-0.00069,0.10715,-0.10646,6976,-0.0935,2
DLG4_HUMAN_Faure_2021,EVmutation,-0.17501,0.11708,0.05793,6976,-0.0935,2
DLG4_HUMAN_Faure_2021,DeepSequence_ensemble,-0.11839,0.06511,0.05329,6976,-0.0935,2
DLG4_HUMAN_Faure_2021,EVE_ensemble,-0.12367,0.10467,0.019,6976,-0.0935,2
DLG4_HUMAN_Faure_2021,MSA_Transformer_ensemble,-0.1429,0.11663,0.02627,6976,-0.0935,2
DLG4_HUMAN_Faure_2021,ESM1b,-0.17171,0.10222,0.06949,6976,-0.0935,2
DLG4_HUMAN_Faure_2021,ESM1v_ensemble,-0.12399,0.06269,0.0613,6976,-0.0935,2
DLG4_HUMAN_Faure_2021,ESM2_8M,0.02906,0.05358,-0.02453,6976,-0.0935,2
DLG4_HUMAN_Faure_2021,ESM2_35M,-0.00448,0.0489,-0.04443,6976,-0.0935,2
DLG4_HUMAN_Faure_2021,ESM2_150M,-0.03565,0.08119,-0.04554,6976,-0.0935,2
DLG4_HUMAN_Faure_2021,ESM2_650M,-0.1076,0.1,0.0076,6976,-0.0935,2
DLG4_HUMAN_Faure_2021,ESM2_3B,-0.08176,0.10838,-0.02662,6976,-0.0935,2
DLG4_HUMAN_Faure_2021,ESM2_15B,-0.08781,0.14177,-0.05395,6976,-0.0935,2
DLG4_HUMAN_Faure_2021,RITA_l,-0.12969,0.06896,0.06073,6976,-0.0935,2
DLG4_HUMAN_Faure_2021,Progen2_large,-0.08082,0.04073,0.04009,6976,-0.0935,2
DLG4_HUMAN_Faure_2021,GEMME,-0.02203,0.03569,-0.01365,6976,-0.0935,2
DLG4_HUMAN_Faure_2021,ProtGPT2,-0.07839,-0.08397,-0.00558,6976,-0.0935,2
DNJA1_HUMAN_Tsuboyama_2023_2LO1,Site_Independent,-0.08797,0.05408,0.03389,2264,-0.0513,2
DNJA1_HUMAN_Tsuboyama_2023_2LO1,EVmutation,-0.12485,0.0573,0.06755,2264,-0.0513,2
DNJA1_HUMAN_Tsuboyama_2023_2LO1,DeepSequence_ensemble,-0.0479,0.03341,0.01449,2264,-0.0513,2
DNJA1_HUMAN_Tsuboyama_2023_2LO1,EVE_ensemble,-0.07255,0.05105,0.0215,2264,-0.0513,2
DNJA1_HUMAN_Tsuboyama_2023_2LO1,MSA_Transformer_ensemble,-0.19704,0.02654,0.17049,2264,-0.0513,2
DNJA1_HUMAN_Tsuboyama_2023_2LO1,ESM1b,-0.13782,0.11279,0.02503,2264,-0.0513,2
DNJA1_HUMAN_Tsuboyama_2023_2LO1,ESM1v_ensemble,-0.11869,0.06214,0.05655,2264,-0.0513,2
DNJA1_HUMAN_Tsuboyama_2023_2LO1,ESM2_8M,-0.11241,0.09484,0.01757,2264,-0.0513,2
DNJA1_HUMAN_Tsuboyama_2023_2LO1,ESM2_35M,-0.00374,0.09011,-0.08637,2264,-0.0513,2
DNJA1_HUMAN_Tsuboyama_2023_2LO1,ESM2_150M,0.00409,0.08444,-0.08035,2264,-0.0513,2
DNJA1_HUMAN_Tsuboyama_2023_2LO1,ESM2_650M,0.0189,0.04414,-0.02524,2264,-0.0513,2
DNJA1_HUMAN_Tsuboyama_2023_2LO1,ESM2_3B,0.04977,0.08805,-0.03828,2264,-0.0513,2
DNJA1_HUMAN_Tsuboyama_2023_2LO1,ESM2_15B,0.05743,0.06342,-0.00599,2264,-0.0513,2
DNJA1_HUMAN_Tsuboyama_2023_2LO1,RITA_l,-0.23191,0.04033,0.19158,2264,-0.0513,2
DNJA1_HUMAN_Tsuboyama_2023_2LO1,Progen2_large,-0.20446,0.07644,0.12802,2264,-0.0513,2
DNJA1_HUMAN_Tsuboyama_2023_2LO1,GEMME,-0.06597,0.00835,0.05762,2264,-0.0513,2
DNJA1_HUMAN_Tsuboyama_2023_2LO1,ProtGPT2,-0.15913,0.09812,0.06101,2264,-0.0513,2
DOCK1_MOUSE_Tsuboyama_2023_2M0Y,Site_Independent,0.01761,0.00023,0.01738,2915,0.112,2
DOCK1_MOUSE_Tsuboyama_2023_2M0Y,EVmutation,-0.03484,0.05358,-0.01873,2915,0.112,2
DOCK1_MOUSE_Tsuboyama_2023_2M0Y,DeepSequence_ensemble,-0.02424,0.04715,-0.02291,2915,0.112,2
DOCK1_MOUSE_Tsuboyama_2023_2M0Y,EVE_ensemble,-0.09095,0.06191,0.02904,2915,0.112,2
DOCK1_MOUSE_Tsuboyama_2023_2M0Y,MSA_Transformer_ensemble,0.16329,0.16783,-0.00454,2915,0.112,2
DOCK1_MOUSE_Tsuboyama_2023_2M0Y,ESM1b,0.10256,0.14127,-0.03871,2915,0.112,2
DOCK1_MOUSE_Tsuboyama_2023_2M0Y,ESM1v_ensemble,0.18613,0.17262,0.01351,2915,0.112,2
DOCK1_MOUSE_Tsuboyama_2023_2M0Y,ESM2_8M,0.18007,0.14176,0.03831,2915,0.112,2
DOCK1_MOUSE_Tsuboyama_2023_2M0Y,ESM2_35M,0.20625,0.18172,0.02453,2915,0.112,2
DOCK1_MOUSE_Tsuboyama_2023_2M0Y,ESM2_150M,0.20644,0.13974,0.06671,2915,0.112,2
DOCK1_MOUSE_Tsuboyama_2023_2M0Y,ESM2_650M,0.15457,0.12418,0.03039,2915,0.112,2
DOCK1_MOUSE_Tsuboyama_2023_2M0Y,ESM2_3B,0.06573,0.13804,-0.07231,2915,0.112,2
DOCK1_MOUSE_Tsuboyama_2023_2M0Y,ESM2_15B,0.17913,0.1496,0.02953,2915,0.112,2
DOCK1_MOUSE_Tsuboyama_2023_2M0Y,RITA_l,0.09325,0.07064,0.02261,2915,0.112,2
DOCK1_MOUSE_Tsuboyama_2023_2M0Y,Progen2_large,0.18261,0.10829,0.07432,2915,0.112,2
DOCK1_MOUSE_Tsuboyama_2023_2M0Y,GEMME,0.17887,0.20815,-0.02927,2915,0.112,2
DOCK1_MOUSE_Tsuboyama_2023_2M0Y,ProtGPT2,0.14799,0.08301,0.06499,2915,0.112,2
EPHB2_HUMAN_Tsuboyama_2023_1F0M,Site_Independent,-0.1032,0.06202,0.04117,1960,-0.0025,2
EPHB2_HUMAN_Tsuboyama_2023_1F0M,EVmutation,-0.11045,0.09309,0.01736,1960,-0.0025,2
EPHB2_HUMAN_Tsuboyama_2023_1F0M,DeepSequence_ensemble,0.07725,0.07593,0.00131,1960,-0.0025,2
EPHB2_HUMAN_Tsuboyama_2023_1F0M,EVE_ensemble,0.06923,0.07942,-0.01019,1960,-0.0025,2
EPHB2_HUMAN_Tsuboyama_2023_1F0M,MSA_Transformer_ensemble,-0.01847,0.15805,-0.13958,1960,-0.0025,2
EPHB2_HUMAN_Tsuboyama_2023_1F0M,ESM1b,-0.06146,0.15742,-0.09596,1960,-0.0025,2
EPHB2_HUMAN_Tsuboyama_2023_1F0M,ESM1v_ensemble,0.09231,0.16398,-0.07167,1960,-0.0025,2
EPHB2_HUMAN_Tsuboyama_2023_1F0M,ESM2_8M,0.27037,0.1577,0.11267,1960,-0.0025,2
EPHB2_HUMAN_Tsuboyama_2023_1F0M,ESM2_35M,0.02338,0.17606,-0.15269,1960,-0.0025,2
EPHB2_HUMAN_Tsuboyama_2023_1F0M,ESM2_150M,0.04023,0.16844,-0.12821,1960,-0.0025,2
EPHB2_HUMAN_Tsuboyama_2023_1F0M,ESM2_650M,0.02775,0.16172,-0.13398,1960,-0.0025,2
EPHB2_HUMAN_Tsuboyama_2023_1F0M,ESM2_3B,-0.01327,0.12101,-0.10774,1960,-0.0025,2
EPHB2_HUMAN_Tsuboyama_2023_1F0M,ESM2_15B,-0.02421,0.13097,-0.10676,1960,-0.0025,2
EPHB2_HUMAN_Tsuboyama_2023_1F0M,RITA_l,0.00894,0.10889,-0.09994,1960,-0.0025,2
EPHB2_HUMAN_Tsuboyama_2023_1F0M,Progen2_large,-0.00407,0.15723,-0.15316,1960,-0.0025,2
EPHB2_HUMAN_Tsuboyama_2023_1F0M,GEMME,0.01436,0.13485,-0.1205,1960,-0.0025,2
EPHB2_HUMAN_Tsuboyama_2023_1F0M,ProtGPT2,-0.15148,0.14773,0.00375,1960,-0.0025,2
F7YBW8_MESOW_Aakre_2015,Site_Independent,-0.13403,-0.03109,0.10294,8000,0.0274,4
F7YBW8_MESOW_Aakre_2015,EVmutation,0.19873,0.09667,0.10205,8000,0.0274,4
F7YBW8_MESOW_Aakre_2015,DeepSequence_ensemble,0.17803,0.11116,0.06688,8000,0.0274,4
F7YBW8_MESOW_Aakre_2015,EVE_ensemble,0.17438,0.11048,0.0639,8000,0.0274,4
F7YBW8_MESOW_Aakre_2015,MSA_Transformer_ensemble,0.16348,0.07712,0.08636,8000,0.0274,4
F7YBW8_MESOW_Aakre_2015,ESM1b,0.16469,0.10756,0.05714,8000,0.0274,4
F7YBW8_MESOW_Aakre_2015,ESM1v_ensemble,0.14001,0.08235,0.05766,8000,0.0274,4
F7YBW8_MESOW_Aakre_2015,ESM2_8M,-0.29181,-0.05124,0.24057,8000,0.0274,4
F7YBW8_MESOW_Aakre_2015,ESM2_35M,-0.18698,-0.02019,0.1668,8000,0.0274,4
F7YBW8_MESOW_Aakre_2015,ESM2_150M,-0.19443,0.00859,0.18584,8000,0.0274,4
F7YBW8_MESOW_Aakre_2015,ESM2_650M,0.13155,0.07824,0.05331,8000,0.0274,4
F7YBW8_MESOW_Aakre_2015,ESM2_3B,0.07755,0.09581,-0.01827,8000,0.0274,4
F7YBW8_MESOW_Aakre_2015,ESM2_15B,0.20958,0.08578,0.1238,8000,0.0274,4
F7YBW8_MESOW_Aakre_2015,RITA_l,-0.21076,-0.03688,0.17388,8000,0.0274,4
F7YBW8_MESOW_Aakre_2015,Progen2_large,0.11869,0.07754,0.04116,8000,0.0274,4
F7YBW8_MESOW_Aakre_2015,GEMME,0.13731,0.11714,0.02017,8000,0.0274,4
F7YBW8_MESOW_Aakre_2015,ProtGPT2,-0.10722,0.0209,0.08632,8000,0.0274,4
F7YBW8_MESOW_Ding_2023,Site_Independent,-0.01371,0.04034,-0.02663,7922,0.0858,10
F7YBW8_MESOW_Ding_2023,EVmutation,-0.01824,0.08908,-0.07083,7922,0.0858,10
F7YBW8_MESOW_Ding_2023,DeepSequence_ensemble,-0.01438,0.09513,-0.08075,7922,0.0858,10
F7YBW8_MESOW_Ding_2023,EVE_ensemble,-0.01683,0.10559,-0.08876,7922,0.0858,10
F7YBW8_MESOW_Ding_2023,MSA_Transformer_ensemble,-0.04715,0.11819,-0.07104,7922,0.0858,10
F7YBW8_MESOW_Ding_2023,ESM1b,-0.04513,0.15059,-0.10546,7922,0.0858,10
F7YBW8_MESOW_Ding_2023,ESM1v_ensemble,-0.06129,0.15611,-0.09482,7922,0.0858,10
F7YBW8_MESOW_Ding_2023,ESM2_8M,-0.01792,0.07476,-0.05684,7922,0.0858,10
F7YBW8_MESOW_Ding_2023,ESM2_35M,0.05514,0.04826,0.00688,7922,0.0858,10
F7YBW8_MESOW_Ding_2023,ESM2_150M,0.06223,0.07102,-0.00879,7922,0.0858,10
F7YBW8_MESOW_Ding_2023,ESM2_650M,-0.04861,0.12804,-0.07943,7922,0.0858,10
F7YBW8_MESOW_Ding_2023,ESM2_3B,-0.05093,0.14265,-0.09172,7922,0.0858,10
F7YBW8_MESOW_Ding_2023,ESM2_15B,-0.04031,0.17246,-0.13214,7922,0.0858,10
F7YBW8_MESOW_Ding_2023,RITA_l,-0.04289,0.09665,-0.05376,7922,0.0858,10
F7YBW8_MESOW_Ding_2023,Progen2_large,-0.08026,0.14619,-0.06592,7922,0.0858,10
F7YBW8_MESOW_Ding_2023,GEMME,-0.02386,0.11988,-0.09602,7922,0.0858,10
F7YBW8_MESOW_Ding_2023,ProtGPT2,-0.06174,0.03096,0.03079,7922,0.0858,10
FECA_ECOLI_Tsuboyama_2023_2D1U,Site_Independent,0.02088,0.12134,-0.10047,1886,-0.0581,2
FECA_ECOLI_Tsuboyama_2023_2D1U,EVmutation,-0.00712,0.19792,-0.19079,1886,-0.0581,2
FECA_ECOLI_Tsuboyama_2023_2D1U,DeepSequence_ensemble,0.02111,0.12018,-0.09907,1886,-0.0581,2
FECA_ECOLI_Tsuboyama_2023_2D1U,EVE_ensemble,0.01837,0.10275,-0.08438,1886,-0.0581,2
FECA_ECOLI_Tsuboyama_2023_2D1U,MSA_Transformer_ensemble,0.067,0.10823,-0.04123,1886,-0.0581,2
FECA_ECOLI_Tsuboyama_2023_2D1U,ESM1b,0.10249,0.16359,-0.0611,1886,-0.0581,2
FECA_ECOLI_Tsuboyama_2023_2D1U,ESM1v_ensemble,0.02274,0.18112,-0.15838,1886,-0.0581,2
FECA_ECOLI_Tsuboyama_2023_2D1U,ESM2_8M,0.1491,0.16915,-0.02005,1886,-0.0581,2
FECA_ECOLI_Tsuboyama_2023_2D1U,ESM2_35M,0.02328,0.19221,-0.16892,1886,-0.0581,2
FECA_ECOLI_Tsuboyama_2023_2D1U,ESM2_150M,0.11205,0.1262,-0.01415,1886,-0.0581,2
FECA_ECOLI_Tsuboyama_2023_2D1U,ESM2_650M,0.11892,0.15779,-0.03887,1886,-0.0581,2
FECA_ECOLI_Tsuboyama_2023_2D1U,ESM2_3B,0.06019,0.14623,-0.08604,1886,-0.0581,2
FECA_ECOLI_Tsuboyama_2023_2D1U,ESM2_15B,0.05872,0.173,-0.11427,1886,-0.0581,2
FECA_ECOLI_Tsuboyama_2023_2D1U,RITA_l,-0.05876,0.09532,-0.03656,1886,-0.0581,2
FECA_ECOLI_Tsuboyama_2023_2D1U,Progen2_large,0.06383,0.10932,-0.0455,1886,-0.0581,2
FECA_ECOLI_Tsuboyama_2023_2D1U,GEMME,0.08342,0.03295,0.05047,1886,-0.0581,2
FECA_ECOLI_Tsuboyama_2023_2D1U,ProtGPT2,0.02828,0.13646,-0.10819,1886,-0.0581,2
GCN4_YEAST_Staller_2018,Site_Independent,0.0593,0.1034,-0.0441,2638,0.0572,44
GCN4_YEAST_Staller_2018,EVmutation,0.05418,0.09805,-0.04387,2638,0.0572,44
GCN4_YEAST_Staller_2018,DeepSequence_ensemble,0.05349,0.11436,-0.06087,2638,0.0572,44
GCN4_YEAST_Staller_2018,EVE_ensemble,0.0452,0.11149,-0.06629,2638,0.0572,44
GCN4_YEAST_Staller_2018,MSA_Transformer_ensemble,0.05693,0.07949,-0.02256,2638,0.0572,44
GCN4_YEAST_Staller_2018,ESM1b,0.05599,0.09885,-0.04287,2638,0.0572,44
GCN4_YEAST_Staller_2018,ESM1v_ensemble,0.05098,0.06651,-0.01552,2638,0.0572,44
GCN4_YEAST_Staller_2018,ESM2_8M,0.08412,0.01035,0.07378,2638,0.0572,44
GCN4_YEAST_Staller_2018,ESM2_35M,0.09964,0.01933,0.08031,2638,0.0572,44
GCN4_YEAST_Staller_2018,ESM2_150M,0.07617,0.07514,0.00103,2638,0.0572,44
GCN4_YEAST_Staller_2018,ESM2_650M,0.0646,0.09643,-0.03183,2638,0.0572,44
GCN4_YEAST_Staller_2018,ESM2_3B,0.05933,0.0978,-0.03847,2638,0.0572,44
GCN4_YEAST_Staller_2018,ESM2_15B,0.05122,0.1023,-0.05108,2638,0.0572,44
GCN4_YEAST_Staller_2018,RITA_l,0.26521,0.04436,0.22085,2638,0.0572,44
GCN4_YEAST_Staller_2018,Progen2_large,0.24477,0.04484,0.19993,2638,0.0572,44
GCN4_YEAST_Staller_2018,GEMME,0.03237,0.11922,-0.08685,2638,0.0572,44
GCN4_YEAST_Staller_2018,ProtGPT2,0.02236,0.09032,-0.06796,2638,0.0572,44
GFP_AEQVI_Sarkisyan_2016,Site_Independent,-0.0252,0.05259,-0.02739,8000,0.0571,13
GFP_AEQVI_Sarkisyan_2016,EVmutation,-0.03217,0.05858,-0.02641,8000,0.0571,13
GFP_AEQVI_Sarkisyan_2016,DeepSequence_ensemble,-0.01104,0.04908,-0.03803,8000,0.0571,13
GFP_AEQVI_Sarkisyan_2016,EVE_ensemble,-0.00651,0.04469,-0.03817,8000,0.0571,13
GFP_AEQVI_Sarkisyan_2016,MSA_Transformer_ensemble,-0.02847,0.04255,-0.01408,8000,0.0571,13
GFP_AEQVI_Sarkisyan_2016,ESM1b,-0.0556,0.05534,0.00027,8000,0.0571,13
GFP_AEQVI_Sarkisyan_2016,ESM1v_ensemble,0.05374,0.0281,0.02564,8000,0.0571,13
GFP_AEQVI_Sarkisyan_2016,ESM2_8M,0.0735,0.0313,0.0422,8000,0.0571,13
GFP_AEQVI_Sarkisyan_2016,ESM2_35M,0.06259,0.03084,0.03175,8000,0.0571,13
GFP_AEQVI_Sarkisyan_2016,ESM2_150M,0.05857,0.03554,0.02303,8000,0.0571,13
GFP_AEQVI_Sarkisyan_2016,ESM2_650M,0.05712,0.04395,0.01317,8000,0.0571,13
GFP_AEQVI_Sarkisyan_2016,ESM2_3B,0.04934,0.03285,0.01649,8000,0.0571,13
GFP_AEQVI_Sarkisyan_2016,ESM2_15B,0.03322,0.03724,-0.00401,8000,0.0571,13
GFP_AEQVI_Sarkisyan_2016,RITA_l,0.03836,0.05841,-0.02005,8000,0.0571,13
GFP_AEQVI_Sarkisyan_2016,Progen2_large,-0.03889,0.0191,0.01979,8000,0.0571,13
GFP_AEQVI_Sarkisyan_2016,GEMME,-0.0287,0.04585,-0.01715,8000,0.0571,13
GFP_AEQVI_Sarkisyan_2016,ProtGPT2,0.08132,-0.01726,0.06406,8000,0.0571,13
GRB2_HUMAN_Faure_2021,Site_Independent,0.0567,0.09483,-0.03813,8000,-0.0025,2
GRB2_HUMAN_Faure_2021,EVmutation,0.02793,0.07537,-0.04744,8000,-0.0025,2
GRB2_HUMAN_Faure_2021,DeepSequence_ensemble,0.06576,0.06157,0.00419,8000,-0.0025,2
GRB2_HUMAN_Faure_2021,EVE_ensemble,0.06575,0.05393,0.01183,8000,-0.0025,2
GRB2_HUMAN_Faure_2021,MSA_Transformer_ensemble,0.02378,0.02232,0.00146,8000,-0.0025,2
GRB2_HUMAN_Faure_2021,ESM1b,0.02839,0.00721,0.02118,8000,-0.0025,2
GRB2_HUMAN_Faure_2021,ESM1v_ensemble,0.04589,-0.00583,0.04006,8000,-0.0025,2
GRB2_HUMAN_Faure_2021,ESM2_8M,0.07663,0.06331,0.01332,8000,-0.0025,2
GRB2_HUMAN_Faure_2021,ESM2_35M,0.07901,0.0159,0.0631,8000,-0.0025,2
GRB2_HUMAN_Faure_2021,ESM2_150M,0.07446,0.04284,0.03163,8000,-0.0025,2
GRB2_HUMAN_Faure_2021,ESM2_650M,0.07345,0.04443,0.02901,8000,-0.0025,2
GRB2_HUMAN_Faure_2021,ESM2_3B,0.07286,0.03221,0.04066,8000,-0.0025,2
GRB2_HUMAN_Faure_2021,ESM2_15B,0.06292,0.0211,0.04182,8000,-0.0025,2
GRB2_HUMAN_Faure_2021,RITA_l,0.04666,0.01448,0.03218,8000,-0.0025,2
GRB2_HUMAN_Faure_2021,Progen2_large,0.05802,0.01945,0.03856,8000,-0.0025,2
GRB2_HUMAN_Faure_2021,GEMME,0.04173,0.04539,-0.00366,8000,-0.0025,2
GRB2_HUMAN_Faure_2021,ProtGPT2,0.04377,0.01094,0.03283,8000,-0.0025,2
HECD1_HUMAN_Tsuboyama_2023_3DKM,Site_Independent,0.17176,0.03787,0.13389,5586,0.0029,2
HECD1_HUMAN_Tsuboyama_2023_3DKM,EVmutation,0.20461,0.04211,0.1625,5586,0.0029,2
HECD1_HUMAN_Tsuboyama_2023_3DKM,DeepSequence_ensemble,0.23699,-0.00095,0.23604,5586,0.0029,2
HECD1_HUMAN_Tsuboyama_2023_3DKM,EVE_ensemble,0.25097,0.04402,0.20695,5586,0.0029,2
HECD1_HUMAN_Tsuboyama_2023_3DKM,MSA_Transformer_ensemble,0.21972,0.04604,0.17368,5586,0.0029,2
HECD1_HUMAN_Tsuboyama_2023_3DKM,ESM1b,0.2236,0.04268,0.18092,5586,0.0029,2
HECD1_HUMAN_Tsuboyama_2023_3DKM,ESM1v_ensemble,-0.02414,0.07173,-0.04759,5586,0.0029,2
HECD1_HUMAN_Tsuboyama_2023_3DKM,ESM2_8M,-0.0439,0.05625,-0.01235,5586,0.0029,2
HECD1_HUMAN_Tsuboyama_2023_3DKM,ESM2_35M,-0.08687,0.04434,0.04253,5586,0.0029,2
HECD1_HUMAN_Tsuboyama_2023_3DKM,ESM2_150M,0.21651,0.12706,0.08945,5586,0.0029,2
HECD1_HUMAN_Tsuboyama_2023_3DKM,ESM2_650M,0.22075,0.08576,0.13498,5586,0.0029,2
HECD1_HUMAN_Tsuboyama_2023_3DKM,ESM2_3B,0.23808,0.04445,0.19362,5586,0.0029,2
HECD1_HUMAN_Tsuboyama_2023_3DKM,ESM2_15B,0.20092,0.01572,0.18521,5586,0.0029,2
HECD1_HUMAN_Tsuboyama_2023_3DKM,RITA_l,0.20303,0.02528,0.17775,5586,0.0029,2
HECD1_HUMAN_Tsuboyama_2023_3DKM,Progen2_large,0.22889,0.01378,0.21511,5586,0.0029,2
HECD1_HUMAN_Tsuboyama_2023_3DKM,GEMME,0.2808,0.01456,0.26624,5586,0.0029,2
HECD1_HUMAN_Tsuboyama_2023_3DKM,ProtGPT2,0.06539,-0.02687,0.03852,5586,0.0029,2
HIS7_YEAST_Pokusaeva_2019,Site_Independent,-0.01252,0.01944,-0.00692,8000,0.0017,22
HIS7_YEAST_Pokusaeva_2019,EVmutation,-0.02681,-0.01107,0.01574,8000,0.0017,22
HIS7_YEAST_Pokusaeva_2019,DeepSequence_ensemble,-0.03425,-0.03914,-0.00489,8000,0.0017,22
HIS7_YEAST_Pokusaeva_2019,EVE_ensemble,-0.03838,-0.01079,0.02758,8000,0.0017,22
HIS7_YEAST_Pokusaeva_2019,MSA_Transformer_ensemble,-0.02162,-0.01743,0.0042,8000,0.0017,22
HIS7_YEAST_Pokusaeva_2019,ESM1b,-0.05601,-0.0421,0.01391,8000,0.0017,22
HIS7_YEAST_Pokusaeva_2019,ESM1v_ensemble,-0.03898,-0.0412,-0.00222,8000,0.0017,22
HIS7_YEAST_Pokusaeva_2019,ESM2_8M,-0.01113,-0.0901,-0.07897,8000,0.0017,22
HIS7_YEAST_Pokusaeva_2019,ESM2_35M,-0.04022,-0.08062,-0.0404,8000,0.0017,22
HIS7_YEAST_Pokusaeva_2019,ESM2_150M,-0.00742,-0.00929,-0.00187,8000,0.0017,22
HIS7_YEAST_Pokusaeva_2019,ESM2_650M,-0.02282,-0.03832,-0.0155,8000,0.0017,22
HIS7_YEAST_Pokusaeva_2019,ESM2_3B,-0.04001,0.02278,0.01722,8000,0.0017,22
HIS7_YEAST_Pokusaeva_2019,ESM2_15B,-0.02174,-0.03108,-0.00934,8000,0.0017,22
HIS7_YEAST_Pokusaeva_2019,RITA_l,-0.04039,-0.0479,-0.00751,8000,0.0017,22
HIS7_YEAST_Pokusaeva_2019,Progen2_large,-0.04301,0.01635,0.02666,8000,0.0017,22
HIS7_YEAST_Pokusaeva_2019,GEMME,-0.0183,-0.00846,0.00984,8000,0.0017,22
HIS7_YEAST_Pokusaeva_2019,ProtGPT2,-0.01041,-0.02139,-0.01098,8000,0.0017,22
ISDH_STAAW_Tsuboyama_2023_2LHR,Site_Independent,-0.20036,0.08542,0.11494,1944,-0.0065,2
ISDH_STAAW_Tsuboyama_2023_2LHR,EVmutation,-0.17242,0.03086,0.14156,1944,-0.0065,2
ISDH_STAAW_Tsuboyama_2023_2LHR,DeepSequence_ensemble,-0.13084,0.11002,0.02083,1944,-0.0065,2
ISDH_STAAW_Tsuboyama_2023_2LHR,EVE_ensemble,-0.09734,0.12331,-0.02597,1944,-0.0065,2
ISDH_STAAW_Tsuboyama_2023_2LHR,MSA_Transformer_ensemble,-0.00067,0.18386,-0.18319,1944,-0.0065,2
ISDH_STAAW_Tsuboyama_2023_2LHR,ESM1b,-0.05911,0.20857,-0.14947,1944,-0.0065,2
ISDH_STAAW_Tsuboyama_2023_2LHR,ESM1v_ensemble,-0.04525,0.18619,-0.14093,1944,-0.0065,2
ISDH_STAAW_Tsuboyama_2023_2LHR,ESM2_8M,-0.07678,0.16692,-0.09014,1944,-0.0065,2
ISDH_STAAW_Tsuboyama_2023_2LHR,ESM2_35M,-0.08848,0.17003,-0.08155,1944,-0.0065,2
ISDH_STAAW_Tsuboyama_2023_2LHR,ESM2_150M,-0.04149,0.19561,-0.15412,1944,-0.0065,2
ISDH_STAAW_Tsuboyama_2023_2LHR,ESM2_650M,-0.03521,0.21103,-0.17581,1944,-0.0065,2
ISDH_STAAW_Tsuboyama_2023_2LHR,ESM2_3B,-0.03558,0.19261,-0.15702,1944,-0.0065,2
ISDH_STAAW_Tsuboyama_2023_2LHR,ESM2_15B,0.00116,0.19812,-0.19696,1944,-0.0065,2
ISDH_STAAW_Tsuboyama_2023_2LHR,RITA_l,0.11447,0.09225,0.02222,1944,-0.0065,2
ISDH_STAAW_Tsuboyama_2023_2LHR,Progen2_large,0.02486,0.17882,-0.15396,1944,-0.0065,2
ISDH_STAAW_Tsuboyama_2023_2LHR,GEMME,-0.01728,0.15438,-0.1371,1944,-0.0065,2
ISDH_STAAW_Tsuboyama_2023_2LHR,ProtGPT2,-0.00582,0.0625,-0.05668,1944,-0.0065,2
MAFG_MOUSE_Tsuboyama_2023_1K1V,Site_Independent,-0.11049,0.16642,-0.05594,1429,-0.0345,2
MAFG_MOUSE_Tsuboyama_2023_1K1V,EVmutation,-0.13302,0.18802,-0.05499,1429,-0.0345,2
MAFG_MOUSE_Tsuboyama_2023_1K1V,DeepSequence_ensemble,-0.1846,0.19854,-0.01394,1429,-0.0345,2
MAFG_MOUSE_Tsuboyama_2023_1K1V,EVE_ensemble,-0.19666,0.21325,-0.01659,1429,-0.0345,2
MAFG_MOUSE_Tsuboyama_2023_1K1V,MSA_Transformer_ensemble,-0.14098,0.24279,-0.10181,1429,-0.0345,2
MAFG_MOUSE_Tsuboyama_2023_1K1V,ESM1b,0.04692,0.18267,-0.13575,1429,-0.0345,2
MAFG_MOUSE_Tsuboyama_2023_1K1V,ESM1v_ensemble,0.17861,0.13589,0.04272,1429,-0.0345,2
MAFG_MOUSE_Tsuboyama_2023_1K1V,ESM2_8M,0.13588,0.15389,-0.01801,1429,-0.0345,2
MAFG_MOUSE_Tsuboyama_2023_1K1V,ESM2_35M,0.29062,0.12771,0.16292,1429,-0.0345,2
MAFG_MOUSE_Tsuboyama_2023_1K1V,ESM2_150M,0.27174,0.10037,0.17137,1429,-0.0345,2
MAFG_MOUSE_Tsuboyama_2023_1K1V,ESM2_650M,0.28507,0.12361,0.16146,1429,-0.0345,2
MAFG_MOUSE_Tsuboyama_2023_1K1V,ESM2_3B,0.25476,0.14474,0.11002,1429,-0.0345,2
MAFG_MOUSE_Tsuboyama_2023_1K1V,ESM2_15B,0.18401,0.13722,0.0468,1429,-0.0345,2
MAFG_MOUSE_Tsuboyama_2023_1K1V,RITA_l,0.10222,0.13653,-0.03431,1429,-0.0345,2
MAFG_MOUSE_Tsuboyama_2023_1K1V,Progen2_large,0.08938,0.15987,-0.07049,1429,-0.0345,2
MAFG_MOUSE_Tsuboyama_2023_1K1V,GEMME,-0.16724,0.14163,0.02561,1429,-0.0345,2
MAFG_MOUSE_Tsuboyama_2023_1K1V,ProtGPT2,0.09969,0.04262,0.05708,1429,-0.0345,2
MBD11_ARATH_Tsuboyama_2023_6ACV,Site_Independent,-0.09775,0.02328,0.07447,2116,0.0231,2
MBD11_ARATH_Tsuboyama_2023_6ACV,EVmutation,-0.13232,0.08633,0.04599,2116,0.0231,2
MBD11_ARATH_Tsuboyama_2023_6ACV,DeepSequence_ensemble,-0.06789,0.05975,0.00814,2116,0.0231,2
MBD11_ARATH_Tsuboyama_2023_6ACV,EVE_ensemble,-0.1025,0.09356,0.00895,2116,0.0231,2
MBD11_ARATH_Tsuboyama_2023_6ACV,MSA_Transformer_ensemble,-0.06707,0.08682,-0.01975,2116,0.0231,2
MBD11_ARATH_Tsuboyama_2023_6ACV,ESM1b,0.01516,0.04932,-0.03416,2116,0.0231,2
MBD11_ARATH_Tsuboyama_2023_6ACV,ESM1v_ensemble,0.12831,0.15658,-0.02826,2116,0.0231,2
MBD11_ARATH_Tsuboyama_2023_6ACV,ESM2_8M,0.06798,0.15867,-0.0907,2116,0.0231,2
MBD11_ARATH_Tsuboyama_2023_6ACV,ESM2_35M,0.11805,0.18724,-0.0692,2116,0.0231,2
MBD11_ARATH_Tsuboyama_2023_6ACV,ESM2_150M,-0.04181,0.06827,-0.02646,2116,0.0231,2
MBD11_ARATH_Tsuboyama_2023_6ACV,ESM2_650M,0.06418,0.19508,-0.1309,2116,0.0231,2
MBD11_ARATH_Tsuboyama_2023_6ACV,ESM2_3B,0.09281,0.16449,-0.07168,2116,0.0231,2
MBD11_ARATH_Tsuboyama_2023_6ACV,ESM2_15B,0.16008,-0.02612,0.13396,2116,0.0231,2
MBD11_ARATH_Tsuboyama_2023_6ACV,RITA_l,-0.11826,0.2038,-0.08553,2116,0.0231,2
MBD11_ARATH_Tsuboyama_2023_6ACV,Progen2_large,0.01868,0.17704,-0.15836,2116,0.0231,2
MBD11_ARATH_Tsuboyama_2023_6ACV,GEMME,-0.01885,-0.00757,0.01128,2116,0.0231,2
MBD11_ARATH_Tsuboyama_2023_6ACV,ProtGPT2,-0.1434,0.04958,0.09381,2116,0.0231,2
MYO3_YEAST_Tsuboyama_2023_2BTT,Site_Independent,0.06455,-0.00634,0.05821,3297,-0.0573,2
MYO3_YEAST_Tsuboyama_2023_2BTT,EVmutation,0.0129,0.0067,0.0062,3297,-0.0573,2
MYO3_YEAST_Tsuboyama_2023_2BTT,DeepSequence_ensemble,0.07904,0.07393,0.00511,3297,-0.0573,2
MYO3_YEAST_Tsuboyama_2023_2BTT,EVE_ensemble,0.05428,0.08599,-0.03172,3297,-0.0573,2
MYO3_YEAST_Tsuboyama_2023_2BTT,MSA_Transformer_ensemble,0.09937,0.10346,-0.00409,3297,-0.0573,2
MYO3_YEAST_Tsuboyama_2023_2BTT,ESM1b,-0.02338,0.11316,-0.08977,3297,-0.0573,2
MYO3_YEAST_Tsuboyama_2023_2BTT,ESM1v_ensemble,0.0931,0.11892,-0.02582,3297,-0.0573,2
MYO3_YEAST_Tsuboyama_2023_2BTT,ESM2_8M,0.09025,0.09317,-0.00292,3297,-0.0573,2
MYO3_YEAST_Tsuboyama_2023_2BTT,ESM2_35M,0.13035,0.10141,0.02894,3297,-0.0573,2
MYO3_YEAST_Tsuboyama_2023_2BTT,ESM2_150M,0.05355,0.0911,-0.03755,3297,-0.0573,2
MYO3_YEAST_Tsuboyama_2023_2BTT,ESM2_650M,0.00989,0.12116,-0.11127,3297,-0.0573,2
MYO3_YEAST_Tsuboyama_2023_2BTT,ESM2_3B,0.014,0.10489,-0.09089,3297,-0.0573,2
MYO3_YEAST_Tsuboyama_2023_2BTT,ESM2_15B,0.03829,0.08506,-0.04677,3297,-0.0573,2
MYO3_YEAST_Tsuboyama_2023_2BTT,RITA_l,0.08782,0.09844,-0.01063,3297,-0.0573,2
MYO3_YEAST_Tsuboyama_2023_2BTT,Progen2_large,0.13595,0.12569,0.01026,3297,-0.0573,2
MYO3_YEAST_Tsuboyama_2023_2BTT,GEMME,0.18773,0.09593,0.0918,3297,-0.0573,2
MYO3_YEAST_Tsuboyama_2023_2BTT,ProtGPT2,0.17331,0.01931,0.154,3297,-0.0573,2
NKX31_HUMAN_Tsuboyama_2023_2L9R,Site_Independent,-0.02182,0.00738,0.01444,2482,-0.1385,2
NKX31_HUMAN_Tsuboyama_2023_2L9R,EVmutation,-0.01453,0.09061,-0.07608,2482,-0.1385,2
NKX31_HUMAN_Tsuboyama_2023_2L9R,DeepSequence_ensemble,0.12137,0.13793,-0.01656,2482,-0.1385,2
NKX31_HUMAN_Tsuboyama_2023_2L9R,EVE_ensemble,0.15132,0.11504,0.03628,2482,-0.1385,2
NKX31_HUMAN_Tsuboyama_2023_2L9R,MSA_Transformer_ensemble,0.09043,0.18373,-0.0933,2482,-0.1385,2
NKX31_HUMAN_Tsuboyama_2023_2L9R,ESM1b,0.0004,0.20268,-0.20228,2482,-0.1385,2
NKX31_HUMAN_Tsuboyama_2023_2L9R,ESM1v_ensemble,0.03305,0.2222,-0.18915,2482,-0.1385,2
NKX31_HUMAN_Tsuboyama_2023_2L9R,ESM2_8M,0.13472,0.15989,-0.02517,2482,-0.1385,2
NKX31_HUMAN_Tsuboyama_2023_2L9R,ESM2_35M,0.14701,0.07831,0.06871,2482,-0.1385,2
NKX31_HUMAN_Tsuboyama_2023_2L9R,ESM2_150M,0.1656,0.08943,0.07617,2482,-0.1385,2
NKX31_HUMAN_Tsuboyama_2023_2L9R,ESM2_650M,0.23933,0.09672,0.14262,2482,-0.1385,2
NKX31_HUMAN_Tsuboyama_2023_2L9R,ESM2_3B,0.195,0.11933,0.07567,2482,-0.1385,2
NKX31_HUMAN_Tsuboyama_2023_2L9R,ESM2_15B,0.18709,0.16311,0.02397,2482,-0.1385,2
NKX31_HUMAN_Tsuboyama_2023_2L9R,RITA_l,0.04496,0.16997,-0.12501,2482,-0.1385,2
NKX31_HUMAN_Tsuboyama_2023_2L9R,Progen2_large,0.0845,0.16515,-0.08065,2482,-0.1385,2
NKX31_HUMAN_Tsuboyama_2023_2L9R,GEMME,0.13396,0.12702,0.00695,2482,-0.1385,2
NKX31_HUMAN_Tsuboyama_2023_2L9R,ProtGPT2,-0.05462,0.16217,-0.10755,2482,-0.1385,2
NUSA_ECOLI_Tsuboyama_2023_1WCL,Site_Independent,-0.05822,0.07207,-0.01385,2028,-0.0327,2
NUSA_ECOLI_Tsuboyama_2023_1WCL,EVmutation,-0.10155,0.05468,0.04687,2028,-0.0327,2
NUSA_ECOLI_Tsuboyama_2023_1WCL,DeepSequence_ensemble,-0.01007,0.07817,-0.06809,2028,-0.0327,2
NUSA_ECOLI_Tsuboyama_2023_1WCL,EVE_ensemble,0.01237,0.08013,-0.06776,2028,-0.0327,2
NUSA_ECOLI_Tsuboyama_2023_1WCL,MSA_Transformer_ensemble,-0.02343,0.12069,-0.09726,2028,-0.0327,2
NUSA_ECOLI_Tsuboyama_2023_1WCL,ESM1b,-0.02324,0.20168,-0.17844,2028,-0.0327,2
NUSA_ECOLI_Tsuboyama_2023_1WCL,ESM1v_ensemble,0.13142,0.19022,-0.05881,2028,-0.0327,2
NUSA_ECOLI_Tsuboyama_2023_1WCL,ESM2_8M,0.01358,0.18614,-0.17256,2028,-0.0327,2
NUSA_ECOLI_Tsuboyama_2023_1WCL,ESM2_35M,0.08356,0.17194,-0.08838,2028,-0.0327,2
NUSA_ECOLI_Tsuboyama_2023_1WCL,ESM2_150M,0.07075,0.19528,-0.12454,2028,-0.0327,2
NUSA_ECOLI_Tsuboyama_2023_1WCL,ESM2_650M,0.13692,0.19498,-0.05806,2028,-0.0327,2
NUSA_ECOLI_Tsuboyama_2023_1WCL,ESM2_3B,0.10664,0.15299,-0.04635,2028,-0.0327,2
NUSA_ECOLI_Tsuboyama_2023_1WCL,ESM2_15B,0.16961,0.16972,-0.0001,2028,-0.0327,2
NUSA_ECOLI_Tsuboyama_2023_1WCL,RITA_l,-0.13403,0.11294,0.02109,2028,-0.0327,2
NUSA_ECOLI_Tsuboyama_2023_1WCL,Progen2_large,-0.11675,0.11313,0.00362,2028,-0.0327,2
NUSA_ECOLI_Tsuboyama_2023_1WCL,GEMME,-0.00828,0.12131,-0.11303,2028,-0.0327,2
NUSA_ECOLI_Tsuboyama_2023_1WCL,ProtGPT2,-0.00288,0.10866,-0.10579,2028,-0.0327,2
NUSG_MYCTU_Tsuboyama_2023_2MI6,Site_Independent,0.14533,0.19467,-0.04934,1380,-0.0496,2
NUSG_MYCTU_Tsuboyama_2023_2MI6,EVmutation,0.14171,0.14054,0.00117,1380,-0.0496,2
NUSG_MYCTU_Tsuboyama_2023_2MI6,DeepSequence_ensemble,0.16953,0.16796,0.00158,1380,-0.0496,2
NUSG_MYCTU_Tsuboyama_2023_2MI6,EVE_ensemble,0.17464,0.16484,0.00981,1380,-0.0496,2
NUSG_MYCTU_Tsuboyama_2023_2MI6,MSA_Transformer_ensemble,0.12538,0.20368,-0.0783,1380,-0.0496,2
NUSG_MYCTU_Tsuboyama_2023_2MI6,ESM1b,0.11096,0.16345,-0.05249,1380,-0.0496,2
NUSG_MYCTU_Tsuboyama_2023_2MI6,ESM1v_ensemble,0.03195,0.19497,-0.16302,1380,-0.0496,2
NUSG_MYCTU_Tsuboyama_2023_2MI6,ESM2_8M,-0.04129,0.21978,-0.1785,1380,-0.0496,2
NUSG_MYCTU_Tsuboyama_2023_2MI6,ESM2_35M,0.03353,0.20665,-0.17313,1380,-0.0496,2
NUSG_MYCTU_Tsuboyama_2023_2MI6,ESM2_150M,0.01335,0.18077,-0.16742,1380,-0.0496,2
NUSG_MYCTU_Tsuboyama_2023_2MI6,ESM2_650M,0.03359,0.20243,-0.16884,1380,-0.0496,2
NUSG_MYCTU_Tsuboyama_2023_2MI6,ESM2_3B,0.06239,0.20092,-0.13853,1380,-0.0496,2
NUSG_MYCTU_Tsuboyama_2023_2MI6,ESM2_15B,0.13989,0.19486,-0.05497,1380,-0.0496,2
NUSG_MYCTU_Tsuboyama_2023_2MI6,RITA_l,-0.04833,0.17002,-0.12169,1380,-0.0496,2
NUSG_MYCTU_Tsuboyama_2023_2MI6,Progen2_large,-0.04187,0.18124,-0.13936,1380,-0.0496,2
NUSG_MYCTU_Tsuboyama_2023_2MI6,GEMME,0.20221,0.14582,0.05639,1380,-0.0496,2
NUSG_MYCTU_Tsuboyama_2023_2MI6,ProtGPT2,-0.08869,0.03143,0.05726,1380,-0.0496,2
OBSCN_HUMAN_Tsuboyama_2023_1V1C,Site_Independent,-0.06396,0.06915,-0.00519,3197,-0.0301,2
OBSCN_HUMAN_Tsuboyama_2023_1V1C,EVmutation,-0.0805,0.08535,-0.00485,3197,-0.0301,2
OBSCN_HUMAN_Tsuboyama_2023_1V1C,DeepSequence_ensemble,-0.03683,0.13765,-0.10081,3197,-0.0301,2
OBSCN_HUMAN_Tsuboyama_2023_1V1C,EVE_ensemble,-0.00776,0.11515,-0.10739,3197,-0.0301,2
OBSCN_HUMAN_Tsuboyama_2023_1V1C,MSA_Transformer_ensemble,0.0618,0.09194,-0.03014,3197,-0.0301,2
OBSCN_HUMAN_Tsuboyama_2023_1V1C,ESM1b,-0.00551,0.09383,-0.08832,3197,-0.0301,2
OBSCN_HUMAN_Tsuboyama_2023_1V1C,ESM1v_ensemble,0.04672,0.06189,-0.01517,3197,-0.0301,2
OBSCN_HUMAN_Tsuboyama_2023_1V1C,ESM2_8M,-0.09889,0.15107,-0.05217,3197,-0.0301,2
OBSCN_HUMAN_Tsuboyama_2023_1V1C,ESM2_35M,-0.02734,0.08738,-0.06004,3197,-0.0301,2
OBSCN_HUMAN_Tsuboyama_2023_1V1C,ESM2_150M,-0.00697,0.10905,-0.10208,3197,-0.0301,2
OBSCN_HUMAN_Tsuboyama_2023_1V1C,ESM2_650M,-0.04605,0.11801,-0.07196,3197,-0.0301,2
OBSCN_HUMAN_Tsuboyama_2023_1V1C,ESM2_3B,-0.00765,0.09025,-0.08261,3197,-0.0301,2
OBSCN_HUMAN_Tsuboyama_2023_1V1C,ESM2_15B,-0.00609,0.11288,-0.10678,3197,-0.0301,2
OBSCN_HUMAN_Tsuboyama_2023_1V1C,RITA_l,-0.00456,0.04324,-0.03869,3197,-0.0301,2
OBSCN_HUMAN_Tsuboyama_2023_1V1C,Progen2_large,-0.10187,0.12442,-0.02255,3197,-0.0301,2
OBSCN_HUMAN_Tsuboyama_2023_1V1C,GEMME,0.09069,-0.00039,0.0903,3197,-0.0301,2
OBSCN_HUMAN_Tsuboyama_2023_1V1C,ProtGPT2,-0.08698,-0.00979,0.07719,3197,-0.0301,2
ODP2_GEOSE_Tsuboyama_2023_1W4G,Site_Independent,0.06634,0.01713,0.04921,1134,0.068,2
ODP2_GEOSE_Tsuboyama_2023_1W4G,EVmutation,0.07024,-1e-05,0.07023,1134,0.068,2
ODP2_GEOSE_Tsuboyama_2023_1W4G,DeepSequence_ensemble,0.13827,0.08657,0.0517,1134,0.068,2
ODP2_GEOSE_Tsuboyama_2023_1W4G,EVE_ensemble,0.13501,0.15238,-0.01737,1134,0.068,2
ODP2_GEOSE_Tsuboyama_2023_1W4G,MSA_Transformer_ensemble,0.21612,0.11761,0.0985,1134,0.068,2
ODP2_GEOSE_Tsuboyama_2023_1W4G,ESM1b,0.12412,0.02444,0.09968,1134,0.068,2
ODP2_GEOSE_Tsuboyama_2023_1W4G,ESM1v_ensemble,0.06425,0.06797,-0.00372,1134,0.068,2
ODP2_GEOSE_Tsuboyama_2023_1W4G,ESM2_8M,0.10155,0.05729,0.04426,1134,0.068,2
ODP2_GEOSE_Tsuboyama_2023_1W4G,ESM2_35M,0.07441,0.09683,-0.02242,1134,0.068,2
ODP2_GEOSE_Tsuboyama_2023_1W4G,ESM2_150M,0.14249,0.11204,0.03045,1134,0.068,2
ODP2_GEOSE_Tsuboyama_2023_1W4G,ESM2_650M,0.18616,0.10142,0.08474,1134,0.068,2
ODP2_GEOSE_Tsuboyama_2023_1W4G,ESM2_3B,0.17742,0.13741,0.04001,1134,0.068,2
ODP2_GEOSE_Tsuboyama_2023_1W4G,ESM2_15B,0.15996,0.09511,0.06484,1134,0.068,2
ODP2_GEOSE_Tsuboyama_2023_1W4G,RITA_l,0.08653,-0.01634,0.0702,1134,0.068,2
ODP2_GEOSE_Tsuboyama_2023_1W4G,Progen2_large,0.1752,0.10619,0.069,1134,0.068,2
ODP2_GEOSE_Tsuboyama_2023_1W4G,GEMME,0.15123,0.07924,0.07199,1134,0.068,2
ODP2_GEOSE_Tsuboyama_2023_1W4G,ProtGPT2,-0.05125,0.01458,0.03668,1134,0.068,2
PABP_YEAST_Melamed_2013,Site_Independent,0.01267,-0.0191,-0.00644,8000,-0.1146,2
PABP_YEAST_Melamed_2013,EVmutation,-0.11708,-0.01493,0.10215,8000,-0.1146,2
PABP_YEAST_Melamed_2013,DeepSequence_ensemble,-0.03214,-0.01829,0.01385,8000,-0.1146,2
PABP_YEAST_Melamed_2013,EVE_ensemble,-0.04785,-0.02639,0.02146,8000,-0.1146,2
PABP_YEAST_Melamed_2013,MSA_Transformer_ensemble,-0.03405,0.02597,0.00808,8000,-0.1146,2
PABP_YEAST_Melamed_2013,ESM1b,-0.08549,-0.00754,0.07795,8000,-0.1146,2
PABP_YEAST_Melamed_2013,ESM1v_ensemble,0.01102,-0.00957,0.00145,8000,-0.1146,2
PABP_YEAST_Melamed_2013,ESM2_8M,0.02512,0.00552,0.0196,8000,-0.1146,2
PABP_YEAST_Melamed_2013,ESM2_35M,0.01711,-0.01552,0.00158,8000,-0.1146,2
PABP_YEAST_Melamed_2013,ESM2_150M,0.00998,-0.02013,-0.01015,8000,-0.1146,2
PABP_YEAST_Melamed_2013,ESM2_650M,0.0026,-0.02137,-0.01878,8000,-0.1146,2
PABP_YEAST_Melamed_2013,ESM2_3B,0.01172,0.01491,-0.00318,8000,-0.1146,2
PABP_YEAST_Melamed_2013,ESM2_15B,0.01613,-0.00614,0.00999,8000,-0.1146,2
PABP_YEAST_Melamed_2013,RITA_l,0.01708,-0.01379,0.00329,8000,-0.1146,2
PABP_YEAST_Melamed_2013,Progen2_large,0.01262,-0.01221,0.00041,8000,-0.1146,2
PABP_YEAST_Melamed_2013,GEMME,-0.04832,-0.03226,0.01605,8000,-0.1146,2
PABP_YEAST_Melamed_2013,ProtGPT2,0.04964,0.03642,0.01322,8000,-0.1146,2
PHOT_CHLRE_Chen_2023,Site_Independent,0.04136,0.00472,0.03664,8000,-0.0675,15
PHOT_CHLRE_Chen_2023,EVmutation,0.06275,-0.00221,0.06054,8000,-0.0675,15
PHOT_CHLRE_Chen_2023,DeepSequence_ensemble,0.00898,0.01177,-0.00279,8000,-0.0675,15
PHOT_CHLRE_Chen_2023,EVE_ensemble,0.04336,0.00224,0.04112,8000,-0.0675,15
PHOT_CHLRE_Chen_2023,MSA_Transformer_ensemble,0.04075,0.00518,0.03557,8000,-0.0675,15
PHOT_CHLRE_Chen_2023,ESM1b,0.02181,0.0126,0.00922,8000,-0.0675,15
PHOT_CHLRE_Chen_2023,ESM1v_ensemble,0.00855,0.02394,-0.01539,8000,-0.0675,15
PHOT_CHLRE_Chen_2023,ESM2_8M,0.01518,-0.02849,-0.01331,8000,-0.0675,15
PHOT_CHLRE_Chen_2023,ESM2_35M,0.01759,-0.00501,0.01258,8000,-0.0675,15
PHOT_CHLRE_Chen_2023,ESM2_150M,0.03356,-0.02828,0.00527,8000,-0.0675,15
PHOT_CHLRE_Chen_2023,ESM2_650M,0.03221,0.03135,0.00087,8000,-0.0675,15
PHOT_CHLRE_Chen_2023,ESM2_3B,0.04361,0.01491,0.02869,8000,-0.0675,15
PHOT_CHLRE_Chen_2023,ESM2_15B,0.00982,-0.00688,0.00293,8000,-0.0675,15
PHOT_CHLRE_Chen_2023,RITA_l,0.02764,0.03792,-0.01029,8000,-0.0675,15
PHOT_CHLRE_Chen_2023,Progen2_large,0.01758,0.04754,-0.02996,8000,-0.0675,15
PHOT_CHLRE_Chen_2023,GEMME,0.03072,0.02007,0.01064,8000,-0.0675,15
PHOT_CHLRE_Chen_2023,ProtGPT2,0.03879,-0.00972,0.02908,8000,-0.0675,15
PIN1_HUMAN_Tsuboyama_2023_1I6C,Site_Independent,0.06781,-0.04732,0.0205,802,0.0063,2
PIN1_HUMAN_Tsuboyama_2023_1I6C,EVmutation,-0.15677,-0.02282,0.13396,802,0.0063,2
PIN1_HUMAN_Tsuboyama_2023_1I6C,DeepSequence_ensemble,-0.00601,0.04152,-0.03552,802,0.0063,2
PIN1_HUMAN_Tsuboyama_2023_1I6C,EVE_ensemble,0.10523,0.09271,0.01252,802,0.0063,2
PIN1_HUMAN_Tsuboyama_2023_1I6C,MSA_Transformer_ensemble,0.09556,0.09465,0.00091,802,0.0063,2
PIN1_HUMAN_Tsuboyama_2023_1I6C,ESM1b,-0.03345,0.10407,-0.07063,802,0.0063,2
PIN1_HUMAN_Tsuboyama_2023_1I6C,ESM1v_ensemble,0.10286,0.10685,-0.00399,802,0.0063,2
PIN1_HUMAN_Tsuboyama_2023_1I6C,ESM2_8M,-0.00734,0.06038,-0.05305,802,0.0063,2
PIN1_HUMAN_Tsuboyama_2023_1I6C,ESM2_35M,0.11794,0.08622,0.03172,802,0.0063,2
PIN1_HUMAN_Tsuboyama_2023_1I6C,ESM2_150M,0.13272,0.07421,0.05851,802,0.0063,2
PIN1_HUMAN_Tsuboyama_2023_1I6C,ESM2_650M,0.07815,0.07251,0.00563,802,0.0063,2
PIN1_HUMAN_Tsuboyama_2023_1I6C,ESM2_3B,0.19495,0.08597,0.10898,802,0.0063,2
PIN1_HUMAN_Tsuboyama_2023_1I6C,ESM2_15B,0.17549,0.07647,0.09902,802,0.0063,2
PIN1_HUMAN_Tsuboyama_2023_1I6C,RITA_l,-0.09582,0.04407,0.05175,802,0.0063,2
PIN1_HUMAN_Tsuboyama_2023_1I6C,Progen2_large,-0.05771,0.01634,0.04138,802,0.0063,2
PIN1_HUMAN_Tsuboyama_2023_1I6C,GEMME,-0.04594,0.01558,0.03036,802,0.0063,2
PIN1_HUMAN_Tsuboyama_2023_1I6C,ProtGPT2,-0.09639,-0.00638,0.09001,802,0.0063,2
PITX2_HUMAN_Tsuboyama_2023_2L7M,Site_Independent,-0.00555,0.04346,-0.0379,1824,0.0272,2
PITX2_HUMAN_Tsuboyama_2023_2L7M,EVmutation,-0.05227,0.14126,-0.08899,1824,0.0272,2
PITX2_HUMAN_Tsuboyama_2023_2L7M,DeepSequence_ensemble,0.01054,0.15855,-0.148,1824,0.0272,2
PITX2_HUMAN_Tsuboyama_2023_2L7M,EVE_ensemble,0.01908,0.15103,-0.13194,1824,0.0272,2
PITX2_HUMAN_Tsuboyama_2023_2L7M,MSA_Transformer_ensemble,0.07782,0.13111,-0.05329,1824,0.0272,2
PITX2_HUMAN_Tsuboyama_2023_2L7M,ESM1b,0.05151,0.18265,-0.13114,1824,0.0272,2
PITX2_HUMAN_Tsuboyama_2023_2L7M,ESM1v_ensemble,0.13414,0.13526,-0.00112,1824,0.0272,2
PITX2_HUMAN_Tsuboyama_2023_2L7M,ESM2_8M,0.03014,0.08039,-0.05025,1824,0.0272,2
PITX2_HUMAN_Tsuboyama_2023_2L7M,ESM2_35M,0.12377,0.10398,0.01978,1824,0.0272,2
PITX2_HUMAN_Tsuboyama_2023_2L7M,ESM2_150M,0.06417,0.07655,-0.01238,1824,0.0272,2
PITX2_HUMAN_Tsuboyama_2023_2L7M,ESM2_650M,0.06755,0.13765,-0.0701,1824,0.0272,2
PITX2_HUMAN_Tsuboyama_2023_2L7M,ESM2_3B,0.09369,0.15903,-0.06534,1824,0.0272,2
PITX2_HUMAN_Tsuboyama_2023_2L7M,ESM2_15B,0.14825,0.16531,-0.01706,1824,0.0272,2
PITX2_HUMAN_Tsuboyama_2023_2L7M,RITA_l,0.13994,0.06292,0.07702,1824,0.0272,2
PITX2_HUMAN_Tsuboyama_2023_2L7M,Progen2_large,0.17199,0.05716,0.11482,1824,0.0272,2
PITX2_HUMAN_Tsuboyama_2023_2L7M,GEMME,0.06896,0.06369,0.00527,1824,0.0272,2
PITX2_HUMAN_Tsuboyama_2023_2L7M,ProtGPT2,0.09269,0.11652,-0.02383,1824,0.0272,2
POLG_PESV_Tsuboyama_2023_2MXD,Site_Independent,-0.00535,0.06874,-0.06338,5130,-0.0041,2
POLG_PESV_Tsuboyama_2023_2MXD,EVmutation,0.12295,0.07639,0.04657,5130,-0.0041,2
POLG_PESV_Tsuboyama_2023_2MXD,DeepSequence_ensemble,0.15106,0.01611,0.13494,5130,-0.0041,2
POLG_PESV_Tsuboyama_2023_2MXD,EVE_ensemble,0.14558,0.03105,0.11453,5130,-0.0041,2
POLG_PESV_Tsuboyama_2023_2MXD,MSA_Transformer_ensemble,0.15476,0.09968,0.05508,5130,-0.0041,2
POLG_PESV_Tsuboyama_2023_2MXD,ESM1b,0.19324,0.16134,0.03191,5130,-0.0041,2
POLG_PESV_Tsuboyama_2023_2MXD,ESM1v_ensemble,-0.07368,0.10421,-0.03053,5130,-0.0041,2
POLG_PESV_Tsuboyama_2023_2MXD,ESM2_8M,-0.12049,0.137,-0.01652,5130,-0.0041,2
POLG_PESV_Tsuboyama_2023_2MXD,ESM2_35M,-0.10403,0.10415,-0.00012,5130,-0.0041,2
POLG_PESV_Tsuboyama_2023_2MXD,ESM2_150M,-0.07691,0.14031,-0.0634,5130,-0.0041,2
POLG_PESV_Tsuboyama_2023_2MXD,ESM2_650M,-0.07788,0.12976,-0.05188,5130,-0.0041,2
POLG_PESV_Tsuboyama_2023_2MXD,ESM2_3B,-0.04631,0.13162,-0.08531,5130,-0.0041,2
POLG_PESV_Tsuboyama_2023_2MXD,ESM2_15B,-0.04692,0.12807,-0.08115,5130,-0.0041,2
POLG_PESV_Tsuboyama_2023_2MXD,RITA_l,-0.03397,0.18956,-0.15559,5130,-0.0041,2
POLG_PESV_Tsuboyama_2023_2MXD,Progen2_large,-0.09741,0.13659,-0.03918,5130,-0.0041,2
POLG_PESV_Tsuboyama_2023_2MXD,GEMME,0.11483,0.12996,-0.01513,5130,-0.0041,2
POLG_PESV_Tsuboyama_2023_2MXD,ProtGPT2,-0.15403,0.03378,0.12025,5130,-0.0041,2
PR40A_HUMAN_Tsuboyama_2023_1UZC,Site_Independent,-0.19355,0.09128,0.10227,2033,0.0428,2
PR40A_HUMAN_Tsuboyama_2023_1UZC,EVmutation,-0.11008,0.08461,0.02546,2033,0.0428,2
PR40A_HUMAN_Tsuboyama_2023_1UZC,DeepSequence_ensemble,-0.11961,0.09848,0.02113,2033,0.0428,2
PR40A_HUMAN_Tsuboyama_2023_1UZC,EVE_ensemble,-0.11185,0.11124,0.0006,2033,0.0428,2
PR40A_HUMAN_Tsuboyama_2023_1UZC,MSA_Transformer_ensemble,-0.04186,0.13669,-0.09483,2033,0.0428,2
PR40A_HUMAN_Tsuboyama_2023_1UZC,ESM1b,-0.08383,0.13967,-0.05585,2033,0.0428,2
PR40A_HUMAN_Tsuboyama_2023_1UZC,ESM1v_ensemble,-0.14057,0.22797,-0.0874,2033,0.0428,2
PR40A_HUMAN_Tsuboyama_2023_1UZC,ESM2_8M,-0.23354,0.1391,0.09445,2033,0.0428,2
PR40A_HUMAN_Tsuboyama_2023_1UZC,ESM2_35M,-0.24742,0.13952,0.10791,2033,0.0428,2
PR40A_HUMAN_Tsuboyama_2023_1UZC,ESM2_150M,-0.13599,0.16074,-0.02475,2033,0.0428,2
PR40A_HUMAN_Tsuboyama_2023_1UZC,ESM2_650M,-0.08013,0.17088,-0.09075,2033,0.0428,2
PR40A_HUMAN_Tsuboyama_2023_1UZC,ESM2_3B,-0.05122,0.12056,-0.06934,2033,0.0428,2
PR40A_HUMAN_Tsuboyama_2023_1UZC,ESM2_15B,-0.08791,0.13706,-0.04915,2033,0.0428,2
PR40A_HUMAN_Tsuboyama_2023_1UZC,RITA_l,-0.11056,0.08947,0.02109,2033,0.0428,2
PR40A_HUMAN_Tsuboyama_2023_1UZC,Progen2_large,-0.04003,0.07377,-0.03374,2033,0.0428,2
PR40A_HUMAN_Tsuboyama_2023_1UZC,GEMME,0.03164,0.0966,-0.06496,2033,0.0428,2
PR40A_HUMAN_Tsuboyama_2023_1UZC,ProtGPT2,-0.10643,0.05764,0.0488,2033,0.0428,2
PSAE_PICP2_Tsuboyama_2023_1PSE,Site_Independent,-0.2054,0.04941,0.15599,1579,0.0278,2
PSAE_PICP2_Tsuboyama_2023_1PSE,EVmutation,-0.20009,0.07865,0.12144,1579,0.0278,2
PSAE_PICP2_Tsuboyama_2023_1PSE,DeepSequence_ensemble,-0.19481,0.08156,0.11325,1579,0.0278,2
PSAE_PICP2_Tsuboyama_2023_1PSE,EVE_ensemble,-0.19068,0.11727,0.07341,1579,0.0278,2
PSAE_PICP2_Tsuboyama_2023_1PSE,MSA_Transformer_ensemble,-0.23814,0.11876,0.11938,1579,0.0278,2
PSAE_PICP2_Tsuboyama_2023_1PSE,ESM1b,-0.11617,0.15678,-0.04061,1579,0.0278,2
PSAE_PICP2_Tsuboyama_2023_1PSE,ESM1v_ensemble,-0.17998,0.11151,0.06847,1579,0.0278,2
PSAE_PICP2_Tsuboyama_2023_1PSE,ESM2_8M,-0.18549,0.14119,0.0443,1579,0.0278,2
PSAE_PICP2_Tsuboyama_2023_1PSE,ESM2_35M,-0.16334,0.13028,0.03306,1579,0.0278,2
PSAE_PICP2_Tsuboyama_2023_1PSE,ESM2_150M,-0.11959,0.14427,-0.02467,1579,0.0278,2
PSAE_PICP2_Tsuboyama_2023_1PSE,ESM2_650M,-0.10214,0.197,-0.09487,1579,0.0278,2
PSAE_PICP2_Tsuboyama_2023_1PSE,ESM2_3B,-0.16247,0.11843,0.04404,1579,0.0278,2
PSAE_PICP2_Tsuboyama_2023_1PSE,ESM2_15B,-0.18945,0.09952,0.08992,1579,0.0278,2
PSAE_PICP2_Tsuboyama_2023_1PSE,RITA_l,-0.22717,0.14364,0.08353,1579,0.0278,2
PSAE_PICP2_Tsuboyama_2023_1PSE,Progen2_large,-0.1677,0.11145,0.05625,1579,0.0278,2
PSAE_PICP2_Tsuboyama_2023_1PSE,GEMME,-0.21155,0.08638,0.12518,1579,0.0278,2
PSAE_PICP2_Tsuboyama_2023_1PSE,ProtGPT2,-0.07201,0.07685,-0.00484,1579,0.0278,2
Q6WV12_9MAXI_Somermeyer_2022,Site_Independent,0.00744,0.05824,-0.0508,8000,-0.0273,11
Q6WV12_9MAXI_Somermeyer_2022,EVmutation,-0.01594,0.05124,-0.0353,8000,-0.0273,11
Q6WV12_9MAXI_Somermeyer_2022,DeepSequence_ensemble,0.03685,0.0527,-0.01585,8000,-0.0273,11
Q6WV12_9MAXI_Somermeyer_2022,EVE_ensemble,0.03391,0.02257,0.01134,8000,-0.0273,11
Q6WV12_9MAXI_Somermeyer_2022,MSA_Transformer_ensemble,0.02147,0.0119,0.00957,8000,-0.0273,11
Q6WV12_9MAXI_Somermeyer_2022,ESM1b,0.00372,0.06463,-0.06091,8000,-0.0273,11
Q6WV12_9MAXI_Somermeyer_2022,ESM1v_ensemble,0.09252,0.09041,0.00211,8000,-0.0273,11
Q6WV12_9MAXI_Somermeyer_2022,ESM2_8M,0.08267,0.08288,-0.00021,8000,-0.0273,11
Q6WV12_9MAXI_Somermeyer_2022,ESM2_35M,0.08257,0.07589,0.00668,8000,-0.0273,11
Q6WV12_9MAXI_Somermeyer_2022,ESM2_150M,0.08572,0.08637,-0.00065,8000,-0.0273,11
Q6WV12_9MAXI_Somermeyer_2022,ESM2_650M,0.0823,0.09557,-0.01328,8000,-0.0273,11
Q6WV12_9MAXI_Somermeyer_2022,ESM2_3B,0.08249,0.08915,-0.00665,8000,-0.0273,11
Q6WV12_9MAXI_Somermeyer_2022,ESM2_15B,0.09043,0.10084,-0.01041,8000,-0.0273,11
Q6WV12_9MAXI_Somermeyer_2022,RITA_l,0.08144,0.0962,-0.01476,8000,-0.0273,11
Q6WV12_9MAXI_Somermeyer_2022,Progen2_large,0.07679,0.08526,-0.00847,8000,-0.0273,11
Q6WV12_9MAXI_Somermeyer_2022,GEMME,0.00336,0.04412,-0.04077,8000,-0.0273,11
Q6WV12_9MAXI_Somermeyer_2022,ProtGPT2,0.1023,0.07233,0.02997,8000,-0.0273,11
Q8WTC7_9CNID_Somermeyer_2022,Site_Independent,0.00624,0.03325,-0.02701,8000,-0.0406,42
Q8WTC7_9CNID_Somermeyer_2022,EVmutation,-0.00793,0.02214,-0.01422,8000,-0.0406,42
Q8WTC7_9CNID_Somermeyer_2022,DeepSequence_ensemble,0.01694,-0.00643,0.01051,8000,-0.0406,42
Q8WTC7_9CNID_Somermeyer_2022,EVE_ensemble,0.01603,0.01124,0.00479,8000,-0.0406,42
Q8WTC7_9CNID_Somermeyer_2022,MSA_Transformer_ensemble,0.01322,-0.00238,0.01084,8000,-0.0406,42
Q8WTC7_9CNID_Somermeyer_2022,ESM1b,-0.03139,0.02356,0.00784,8000,-0.0406,42
Q8WTC7_9CNID_Somermeyer_2022,ESM1v_ensemble,0.07982,0.05023,0.02959,8000,-0.0406,42
Q8WTC7_9CNID_Somermeyer_2022,ESM2_8M,0.07597,0.0486,0.02736,8000,-0.0406,42
Q8WTC7_9CNID_Somermeyer_2022,ESM2_35M,0.0788,0.06286,0.01594,8000,-0.0406,42
Q8WTC7_9CNID_Somermeyer_2022,ESM2_150M,0.07803,0.04578,0.03225,8000,-0.0406,42
Q8WTC7_9CNID_Somermeyer_2022,ESM2_650M,0.07555,0.04793,0.02762,8000,-0.0406,42
Q8WTC7_9CNID_Somermeyer_2022,ESM2_3B,0.07737,0.03943,0.03794,8000,-0.0406,42
Q8WTC7_9CNID_Somermeyer_2022,ESM2_15B,0.06051,0.048,0.01251,8000,-0.0406,42
Q8WTC7_9CNID_Somermeyer_2022,RITA_l,0.05339,0.04989,0.0035,8000,-0.0406,42
Q8WTC7_9CNID_Somermeyer_2022,Progen2_large,-0.02249,0.0436,-0.02111,8000,-0.0406,42
Q8WTC7_9CNID_Somermeyer_2022,GEMME,-0.0183,-0.00348,0.01482,8000,-0.0406,42
Q8WTC7_9CNID_Somermeyer_2022,ProtGPT2,0.01912,0.04602,-0.0269,8000,-0.0406,42
RAD_ANTMA_Tsuboyama_2023_2CJJ,Site_Independent,-0.22699,0.04227,0.18472,912,-0.0908,2
RAD_ANTMA_Tsuboyama_2023_2CJJ,EVmutation,-0.16414,-0.02079,0.14335,912,-0.0908,2
RAD_ANTMA_Tsuboyama_2023_2CJJ,DeepSequence_ensemble,-0.06945,-0.06796,0.00149,912,-0.0908,2
RAD_ANTMA_Tsuboyama_2023_2CJJ,EVE_ensemble,-0.09802,-0.04646,0.05157,912,-0.0908,2
RAD_ANTMA_Tsuboyama_2023_2CJJ,MSA_Transformer_ensemble,-0.15464,0.03957,0.11507,912,-0.0908,2
RAD_ANTMA_Tsuboyama_2023_2CJJ,ESM1b,-0.24997,0.05081,0.19916,912,-0.0908,2
RAD_ANTMA_Tsuboyama_2023_2CJJ,ESM1v_ensemble,-0.06794,-0.0108,0.05714,912,-0.0908,2
RAD_ANTMA_Tsuboyama_2023_2CJJ,ESM2_8M,-0.13884,0.12015,0.01869,912,-0.0908,2
RAD_ANTMA_Tsuboyama_2023_2CJJ,ESM2_35M,-0.1803,0.06986,0.11044,912,-0.0908,2
RAD_ANTMA_Tsuboyama_2023_2CJJ,ESM2_150M,-0.15103,0.06473,0.0863,912,-0.0908,2
RAD_ANTMA_Tsuboyama_2023_2CJJ,ESM2_650M,-0.20169,0.07132,0.13037,912,-0.0908,2
RAD_ANTMA_Tsuboyama_2023_2CJJ,ESM2_3B,-0.21749,0.04909,0.16839,912,-0.0908,2
RAD_ANTMA_Tsuboyama_2023_2CJJ,ESM2_15B,-0.16533,0.03625,0.12908,912,-0.0908,2
RAD_ANTMA_Tsuboyama_2023_2CJJ,RITA_l,-0.11642,0.0149,0.10152,912,-0.0908,2
RAD_ANTMA_Tsuboyama_2023_2CJJ,Progen2_large,-0.12004,0.05628,0.06376,912,-0.0908,2
RAD_ANTMA_Tsuboyama_2023_2CJJ,GEMME,-0.27042,0.0829,0.18752,912,-0.0908,2
RAD_ANTMA_Tsuboyama_2023_2CJJ,ProtGPT2,0.06796,0.05123,0.01673,912,-0.0908,2
RASK_HUMAN_Weng_2022_abundance,Site_Independent,0.02479,-0.04428,-0.01949,8000,-0.0035,2
RASK_HUMAN_Weng_2022_abundance,EVmutation,-0.03751,0.02574,0.01177,8000,-0.0035,2
RASK_HUMAN_Weng_2022_abundance,DeepSequence_ensemble,-0.04027,-0.0075,0.03277,8000,-0.0035,2
RASK_HUMAN_Weng_2022_abundance,EVE_ensemble,-0.04655,-0.00528,0.04127,8000,-0.0035,2
RASK_HUMAN_Weng_2022_abundance,MSA_Transformer_ensemble,-0.00702,0.03112,-0.0241,8000,-0.0035,2
RASK_HUMAN_Weng_2022_abundance,ESM1b,-0.06284,0.04608,0.01676,8000,-0.0035,2
RASK_HUMAN_Weng_2022_abundance,ESM1v_ensemble,-0.04245,0.04773,-0.00528,8000,-0.0035,2
RASK_HUMAN_Weng_2022_abundance,ESM2_8M,0.0377,-0.01329,0.02442,8000,-0.0035,2
RASK_HUMAN_Weng_2022_abundance,ESM2_35M,0.00639,-0.01031,-0.00392,8000,-0.0035,2
RASK_HUMAN_Weng_2022_abundance,ESM2_150M,0.01096,0.00855,0.00241,8000,-0.0035,2
RASK_HUMAN_Weng_2022_abundance,ESM2_650M,0.00142,0.01224,-0.01082,8000,-0.0035,2
RASK_HUMAN_Weng_2022_abundance,ESM2_3B,0.00933,0.01838,-0.00904,8000,-0.0035,2
RASK_HUMAN_Weng_2022_abundance,ESM2_15B,-0.02552,0.06649,-0.04096,8000,-0.0035,2
RASK_HUMAN_Weng_2022_abundance,RITA_l,-0.05489,0.02272,0.03217,8000,-0.0035,2
RASK_HUMAN_Weng_2022_abundance,Progen2_large,-0.03303,0.04518,-0.01215,8000,-0.0035,2
RASK_HUMAN_Weng_2022_abundance,GEMME,0.01613,0.01603,0.0001,8000,-0.0035,2
RASK_HUMAN_Weng_2022_abundance,ProtGPT2,0.04867,0.09284,-0.04417,8000,-0.0035,2
RASK_HUMAN_Weng_2022_binding-DARPin_K55,Site_Independent,0.06553,0.01846,0.04707,8000,-0.0166,2
RASK_HUMAN_Weng_2022_binding-DARPin_K55,EVmutation,0.00105,0.0146,-0.01355,8000,-0.0166,2
RASK_HUMAN_Weng_2022_binding-DARPin_K55,DeepSequence_ensemble,-0.03819,0.03974,-0.00155,8000,-0.0166,2
RASK_HUMAN_Weng_2022_binding-DARPin_K55,EVE_ensemble,-0.03295,0.04309,-0.01014,8000,-0.0166,2
RASK_HUMAN_Weng_2022_binding-DARPin_K55,MSA_Transformer_ensemble,-0.00864,0.04888,-0.04025,8000,-0.0166,2
RASK_HUMAN_Weng_2022_binding-DARPin_K55,ESM1b,-0.09082,0.07433,0.0165,8000,-0.0166,2
RASK_HUMAN_Weng_2022_binding-DARPin_K55,ESM1v_ensemble,-0.06019,0.07849,-0.0183,8000,-0.0166,2
RASK_HUMAN_Weng_2022_binding-DARPin_K55,ESM2_8M,0.07707,0.0235,0.05358,8000,-0.0166,2
RASK_HUMAN_Weng_2022_binding-DARPin_K55,ESM2_35M,0.05326,0.02968,0.02358,8000,-0.0166,2
RASK_HUMAN_Weng_2022_binding-DARPin_K55,ESM2_150M,0.03818,0.02003,0.01815,8000,-0.0166,2
RASK_HUMAN_Weng_2022_binding-DARPin_K55,ESM2_650M,-0.0221,0.04481,-0.02271,8000,-0.0166,2
RASK_HUMAN_Weng_2022_binding-DARPin_K55,ESM2_3B,0.00753,0.02545,-0.01791,8000,-0.0166,2
RASK_HUMAN_Weng_2022_binding-DARPin_K55,ESM2_15B,-0.00396,0.14568,-0.14172,8000,-0.0166,2
RASK_HUMAN_Weng_2022_binding-DARPin_K55,RITA_l,-0.02099,0.00823,0.01276,8000,-0.0166,2
RASK_HUMAN_Weng_2022_binding-DARPin_K55,Progen2_large,0.04843,0.03857,0.00986,8000,-0.0166,2
RASK_HUMAN_Weng_2022_binding-DARPin_K55,GEMME,0.06768,0.05345,0.01423,8000,-0.0166,2
RASK_HUMAN_Weng_2022_binding-DARPin_K55,ProtGPT2,0.07741,0.05467,0.02274,8000,-0.0166,2
RBP1_HUMAN_Tsuboyama_2023_2KWH,Site_Independent,-0.0565,0.11072,-0.05422,1332,-0.031,2
RBP1_HUMAN_Tsuboyama_2023_2KWH,EVmutation,-0.06999,0.077,-0.00702,1332,-0.031,2
RBP1_HUMAN_Tsuboyama_2023_2KWH,DeepSequence_ensemble,0.06832,0.17136,-0.10304,1332,-0.031,2
RBP1_HUMAN_Tsuboyama_2023_2KWH,EVE_ensemble,0.06859,0.15835,-0.08976,1332,-0.031,2
RBP1_HUMAN_Tsuboyama_2023_2KWH,MSA_Transformer_ensemble,0.06901,0.17644,-0.10743,1332,-0.031,2
RBP1_HUMAN_Tsuboyama_2023_2KWH,ESM1b,0.12872,0.18879,-0.06006,1332,-0.031,2
RBP1_HUMAN_Tsuboyama_2023_2KWH,ESM1v_ensemble,0.06496,0.19155,-0.12658,1332,-0.031,2
RBP1_HUMAN_Tsuboyama_2023_2KWH,ESM2_8M,0.04589,0.18666,-0.14078,1332,-0.031,2
RBP1_HUMAN_Tsuboyama_2023_2KWH,ESM2_35M,0.05545,0.19964,-0.14419,1332,-0.031,2
RBP1_HUMAN_Tsuboyama_2023_2KWH,ESM2_150M,0.11377,0.2004,-0.08663,1332,-0.031,2
RBP1_HUMAN_Tsuboyama_2023_2KWH,ESM2_650M,0.11351,0.17423,-0.06072,1332,-0.031,2
RBP1_HUMAN_Tsuboyama_2023_2KWH,ESM2_3B,0.07611,0.12033,-0.04423,1332,-0.031,2
RBP1_HUMAN_Tsuboyama_2023_2KWH,ESM2_15B,0.05128,0.09642,-0.04514,1332,-0.031,2
RBP1_HUMAN_Tsuboyama_2023_2KWH,RITA_l,-0.14455,0.05771,0.08684,1332,-0.031,2
RBP1_HUMAN_Tsuboyama_2023_2KWH,Progen2_large,-0.11053,0.07965,0.03087,1332,-0.031,2
RBP1_HUMAN_Tsuboyama_2023_2KWH,GEMME,0.09613,0.11382,-0.01769,1332,-0.031,2
RBP1_HUMAN_Tsuboyama_2023_2KWH,ProtGPT2,-0.02742,0.11462,-0.0872,1332,-0.031,2
RCD1_ARATH_Tsuboyama_2023_5OAO,Site_Independent,-0.05579,0.08272,-0.02693,1261,-0.0184,2
RCD1_ARATH_Tsuboyama_2023_5OAO,EVmutation,0.00965,0.0356,-0.02595,1261,-0.0184,2
RCD1_ARATH_Tsuboyama_2023_5OAO,DeepSequence_ensemble,0.0592,0.04454,0.01466,1261,-0.0184,2
RCD1_ARATH_Tsuboyama_2023_5OAO,EVE_ensemble,0.03888,0.03473,0.00416,1261,-0.0184,2
RCD1_ARATH_Tsuboyama_2023_5OAO,MSA_Transformer_ensemble,0.01259,0.07343,-0.06084,1261,-0.0184,2
RCD1_ARATH_Tsuboyama_2023_5OAO,ESM1b,-0.02654,0.23136,-0.20482,1261,-0.0184,2
RCD1_ARATH_Tsuboyama_2023_5OAO,ESM1v_ensemble,-0.05461,0.22288,-0.16826,1261,-0.0184,2
RCD1_ARATH_Tsuboyama_2023_5OAO,ESM2_8M,-0.04677,0.18458,-0.1378,1261,-0.0184,2
RCD1_ARATH_Tsuboyama_2023_5OAO,ESM2_35M,-0.04672,0.22014,-0.17342,1261,-0.0184,2
RCD1_ARATH_Tsuboyama_2023_5OAO,ESM2_150M,0.12538,0.03803,0.08735,1261,-0.0184,2
RCD1_ARATH_Tsuboyama_2023_5OAO,ESM2_650M,0.13159,0.014,0.11759,1261,-0.0184,2
RCD1_ARATH_Tsuboyama_2023_5OAO,ESM2_3B,0.13186,-0.00443,0.12742,1261,-0.0184,2
RCD1_ARATH_Tsuboyama_2023_5OAO,ESM2_15B,0.11138,0.00928,0.1021,1261,-0.0184,2
RCD1_ARATH_Tsuboyama_2023_5OAO,RITA_l,-0.09762,0.18471,-0.08708,1261,-0.0184,2
RCD1_ARATH_Tsuboyama_2023_5OAO,Progen2_large,-0.04653,0.22748,-0.18095,1261,-0.0184,2
RCD1_ARATH_Tsuboyama_2023_5OAO,GEMME,0.02495,0.04104,-0.01609,1261,-0.0184,2
RCD1_ARATH_Tsuboyama_2023_5OAO,ProtGPT2,0.14405,0.00626,0.13779,1261,-0.0184,2
RCRO_LAMBD_Tsuboyama_2023_1ORC,Site_Independent,-0.05394,0.05374,0.0002,2278,-0.0447,2
RCRO_LAMBD_Tsuboyama_2023_1ORC,EVmutation,-0.15354,0.15533,-0.0018,2278,-0.0447,2
RCRO_LAMBD_Tsuboyama_2023_1ORC,DeepSequence_ensemble,0.0255,0.1955,-0.17,2278,-0.0447,2
RCRO_LAMBD_Tsuboyama_2023_1ORC,EVE_ensemble,-0.03121,0.20478,-0.17358,2278,-0.0447,2
RCRO_LAMBD_Tsuboyama_2023_1ORC,MSA_Transformer_ensemble,0.12737,0.24443,-0.11706,2278,-0.0447,2
RCRO_LAMBD_Tsuboyama_2023_1ORC,ESM1b,0.02396,0.23111,-0.20715,2278,-0.0447,2
RCRO_LAMBD_Tsuboyama_2023_1ORC,ESM1v_ensemble,0.13036,0.16339,-0.03303,2278,-0.0447,2
RCRO_LAMBD_Tsuboyama_2023_1ORC,ESM2_8M,-0.01832,0.11247,-0.09415,2278,-0.0447,2
RCRO_LAMBD_Tsuboyama_2023_1ORC,ESM2_35M,0.04059,0.14163,-0.10105,2278,-0.0447,2
RCRO_LAMBD_Tsuboyama_2023_1ORC,ESM2_150M,0.06047,0.09441,-0.03394,2278,-0.0447,2
RCRO_LAMBD_Tsuboyama_2023_1ORC,ESM2_650M,0.08209,0.22434,-0.14225,2278,-0.0447,2
RCRO_LAMBD_Tsuboyama_2023_1ORC,ESM2_3B,0.07653,0.23125,-0.15472,2278,-0.0447,2
RCRO_LAMBD_Tsuboyama_2023_1ORC,ESM2_15B,-0.08424,0.25798,-0.17373,2278,-0.0447,2
RCRO_LAMBD_Tsuboyama_2023_1ORC,RITA_l,0.12966,0.14652,-0.01686,2278,-0.0447,2
RCRO_LAMBD_Tsuboyama_2023_1ORC,Progen2_large,0.17732,0.1554,0.02192,2278,-0.0447,2
RCRO_LAMBD_Tsuboyama_2023_1ORC,GEMME,-0.02632,0.25971,-0.23339,2278,-0.0447,2
RCRO_LAMBD_Tsuboyama_2023_1ORC,ProtGPT2,0.14955,0.06982,0.07974,2278,-0.0447,2
RD23A_HUMAN_Tsuboyama_2023_1IFY,Site_Independent,-0.14688,0.14252,0.00435,1019,-0.0642,2
RD23A_HUMAN_Tsuboyama_2023_1IFY,EVmutation,0.03591,0.12024,-0.08433,1019,-0.0642,2
RD23A_HUMAN_Tsuboyama_2023_1IFY,DeepSequence_ensemble,0.05391,0.15283,-0.09892,1019,-0.0642,2
RD23A_HUMAN_Tsuboyama_2023_1IFY,EVE_ensemble,-0.06701,0.17739,-0.11038,1019,-0.0642,2
RD23A_HUMAN_Tsuboyama_2023_1IFY,MSA_Transformer_ensemble,0.16441,0.12549,0.03891,1019,-0.0642,2
RD23A_HUMAN_Tsuboyama_2023_1IFY,ESM1b,0.17536,0.13384,0.04152,1019,-0.0642,2
RD23A_HUMAN_Tsuboyama_2023_1IFY,ESM1v_ensemble,0.06871,0.19612,-0.12741,1019,-0.0642,2
RD23A_HUMAN_Tsuboyama_2023_1IFY,ESM2_8M,0.0217,0.17561,-0.15392,1019,-0.0642,2
RD23A_HUMAN_Tsuboyama_2023_1IFY,ESM2_35M,0.01206,0.20209,-0.19003,1019,-0.0642,2
RD23A_HUMAN_Tsuboyama_2023_1IFY,ESM2_150M,0.16143,0.12873,0.03269,1019,-0.0642,2
RD23A_HUMAN_Tsuboyama_2023_1IFY,ESM2_650M,0.18499,0.08868,0.09631,1019,-0.0642,2
RD23A_HUMAN_Tsuboyama_2023_1IFY,ESM2_3B,0.18869,0.08619,0.1025,1019,-0.0642,2
RD23A_HUMAN_Tsuboyama_2023_1IFY,ESM2_15B,0.15077,0.10004,0.05072,1019,-0.0642,2
RD23A_HUMAN_Tsuboyama_2023_1IFY,RITA_l,0.05873,0.17499,-0.11626,1019,-0.0642,2
RD23A_HUMAN_Tsuboyama_2023_1IFY,Progen2_large,0.02851,0.13915,-0.11063,1019,-0.0642,2
RD23A_HUMAN_Tsuboyama_2023_1IFY,GEMME,0.09633,0.07877,0.01755,1019,-0.0642,2
RD23A_HUMAN_Tsuboyama_2023_1IFY,ProtGPT2,0.00539,0.11546,-0.11007,1019,-0.0642,2
RFAH_ECOLI_Tsuboyama_2023_2LCL,Site_Independent,0.08983,0.10798,-0.01815,1326,-0.0285,2
RFAH_ECOLI_Tsuboyama_2023_2LCL,EVmutation,0.0785,0.14881,-0.07031,1326,-0.0285,2
RFAH_ECOLI_Tsuboyama_2023_2LCL,DeepSequence_ensemble,0.15088,0.20359,-0.05272,1326,-0.0285,2
RFAH_ECOLI_Tsuboyama_2023_2LCL,EVE_ensemble,0.13597,0.21437,-0.0784,1326,-0.0285,2
RFAH_ECOLI_Tsuboyama_2023_2LCL,MSA_Transformer_ensemble,0.16289,0.22358,-0.06068,1326,-0.0285,2
RFAH_ECOLI_Tsuboyama_2023_2LCL,ESM1b,0.17064,0.20758,-0.03694,1326,-0.0285,2
RFAH_ECOLI_Tsuboyama_2023_2LCL,ESM1v_ensemble,0.10749,0.17578,-0.06829,1326,-0.0285,2
RFAH_ECOLI_Tsuboyama_2023_2LCL,ESM2_8M,0.07036,0.18368,-0.11331,1326,-0.0285,2
RFAH_ECOLI_Tsuboyama_2023_2LCL,ESM2_35M,0.2752,0.16904,0.10616,1326,-0.0285,2
RFAH_ECOLI_Tsuboyama_2023_2LCL,ESM2_150M,0.11961,0.18961,-0.07,1326,-0.0285,2
RFAH_ECOLI_Tsuboyama_2023_2LCL,ESM2_650M,0.13009,0.17874,-0.04865,1326,-0.0285,2
RFAH_ECOLI_Tsuboyama_2023_2LCL,ESM2_3B,0.14827,0.2327,-0.08443,1326,-0.0285,2
RFAH_ECOLI_Tsuboyama_2023_2LCL,ESM2_15B,0.08426,0.20516,-0.1209,1326,-0.0285,2
RFAH_ECOLI_Tsuboyama_2023_2LCL,RITA_l,0.06548,0.22028,-0.1548,1326,-0.0285,2
RFAH_ECOLI_Tsuboyama_2023_2LCL,Progen2_large,0.12331,0.22122,-0.09791,1326,-0.0285,2
RFAH_ECOLI_Tsuboyama_2023_2LCL,GEMME,0.09818,0.18413,-0.08595,1326,-0.0285,2
RFAH_ECOLI_Tsuboyama_2023_2LCL,ProtGPT2,0.05637,0.0155,0.04087,1326,-0.0285,2
RL20_AQUAE_Tsuboyama_2023_1GYZ,Site_Independent,-0.16712,0.02987,0.13724,1461,0.0219,2
RL20_AQUAE_Tsuboyama_2023_1GYZ,EVmutation,-0.36999,0.02182,0.34816,1461,0.0219,2
RL20_AQUAE_Tsuboyama_2023_1GYZ,DeepSequence_ensemble,-0.29058,0.02241,0.26816,1461,0.0219,2
RL20_AQUAE_Tsuboyama_2023_1GYZ,EVE_ensemble,-0.32378,0.043,0.28078,1461,0.0219,2
RL20_AQUAE_Tsuboyama_2023_1GYZ,MSA_Transformer_ensemble,-0.07434,0.09943,-0.02509,1461,0.0219,2
RL20_AQUAE_Tsuboyama_2023_1GYZ,ESM1b,-0.2967,0.05903,0.23767,1461,0.0219,2
RL20_AQUAE_Tsuboyama_2023_1GYZ,ESM1v_ensemble,-0.24093,0.03226,0.20867,1461,0.0219,2
RL20_AQUAE_Tsuboyama_2023_1GYZ,ESM2_8M,0.08203,0.14149,-0.05946,1461,0.0219,2
RL20_AQUAE_Tsuboyama_2023_1GYZ,ESM2_35M,-0.1124,0.13465,-0.02225,1461,0.0219,2
RL20_AQUAE_Tsuboyama_2023_1GYZ,ESM2_150M,-0.0945,0.13082,-0.03631,1461,0.0219,2
RL20_AQUAE_Tsuboyama_2023_1GYZ,ESM2_650M,-0.33528,0.01659,0.31869,1461,0.0219,2
RL20_AQUAE_Tsuboyama_2023_1GYZ,ESM2_3B,-0.31086,0.04638,0.26448,1461,0.0219,2
RL20_AQUAE_Tsuboyama_2023_1GYZ,ESM2_15B,-0.34018,0.0426,0.29758,1461,0.0219,2
RL20_AQUAE_Tsuboyama_2023_1GYZ,RITA_l,-0.22596,0.08941,0.13654,1461,0.0219,2
RL20_AQUAE_Tsuboyama_2023_1GYZ,Progen2_large,-0.2204,0.10923,0.11117,1461,0.0219,2
RL20_AQUAE_Tsuboyama_2023_1GYZ,GEMME,-0.3908,0.13626,0.25454,1461,0.0219,2
RL20_AQUAE_Tsuboyama_2023_1GYZ,ProtGPT2,0.09756,0.04972,0.04783,1461,0.0219,2
RPC1_BP434_Tsuboyama_2023_1R69,Site_Independent,-0.21157,0.11068,0.10089,1459,0.0086,2
RPC1_BP434_Tsuboyama_2023_1R69,EVmutation,-0.20911,0.09883,0.11029,1459,0.0086,2
RPC1_BP434_Tsuboyama_2023_1R69,DeepSequence_ensemble,-0.09144,0.11244,-0.02099,1459,0.0086,2
RPC1_BP434_Tsuboyama_2023_1R69,EVE_ensemble,-0.06772,0.07807,-0.01035,1459,0.0086,2
RPC1_BP434_Tsuboyama_2023_1R69,MSA_Transformer_ensemble,0.01044,0.20377,-0.19333,1459,0.0086,2
RPC1_BP434_Tsuboyama_2023_1R69,ESM1b,-0.02036,0.1976,-0.17724,1459,0.0086,2
RPC1_BP434_Tsuboyama_2023_1R69,ESM1v_ensemble,0.02619,0.2102,-0.18401,1459,0.0086,2
RPC1_BP434_Tsuboyama_2023_1R69,ESM2_8M,-0.02607,0.23735,-0.21128,1459,0.0086,2
RPC1_BP434_Tsuboyama_2023_1R69,ESM2_35M,0.03168,0.21472,-0.18304,1459,0.0086,2
RPC1_BP434_Tsuboyama_2023_1R69,ESM2_150M,0.02591,0.22624,-0.20033,1459,0.0086,2
RPC1_BP434_Tsuboyama_2023_1R69,ESM2_650M,-0.00324,0.16205,-0.15881,1459,0.0086,2
RPC1_BP434_Tsuboyama_2023_1R69,ESM2_3B,-0.03911,0.13824,-0.09913,1459,0.0086,2
RPC1_BP434_Tsuboyama_2023_1R69,ESM2_15B,-0.06263,0.1846,-0.12198,1459,0.0086,2
RPC1_BP434_Tsuboyama_2023_1R69,RITA_l,-0.10152,0.18705,-0.08553,1459,0.0086,2
RPC1_BP434_Tsuboyama_2023_1R69,Progen2_large,-0.07767,0.17147,-0.0938,1459,0.0086,2
RPC1_BP434_Tsuboyama_2023_1R69,GEMME,-0.02846,0.16947,-0.14101,1459,0.0086,2
RPC1_BP434_Tsuboyama_2023_1R69,ProtGPT2,-0.18451,0.09008,0.09444,1459,0.0086,2
SAV1_MOUSE_Tsuboyama_2023_2YSB,Site_Independent,-0.23414,0.07372,0.16041,965,-0.1244,2
SAV1_MOUSE_Tsuboyama_2023_2YSB,EVmutation,-0.1987,0.08453,0.11417,965,-0.1244,2
SAV1_MOUSE_Tsuboyama_2023_2YSB,DeepSequence_ensemble,-0.03109,0.0998,-0.06871,965,-0.1244,2
SAV1_MOUSE_Tsuboyama_2023_2YSB,EVE_ensemble,-0.03545,0.10214,-0.06668,965,-0.1244,2
SAV1_MOUSE_Tsuboyama_2023_2YSB,MSA_Transformer_ensemble,-0.00137,0.16297,-0.1616,965,-0.1244,2
SAV1_MOUSE_Tsuboyama_2023_2YSB,ESM1b,0.18657,0.11857,0.068,965,-0.1244,2
SAV1_MOUSE_Tsuboyama_2023_2YSB,ESM1v_ensemble,0.19323,0.10759,0.08564,965,-0.1244,2
SAV1_MOUSE_Tsuboyama_2023_2YSB,ESM2_8M,0.18064,0.08326,0.09738,965,-0.1244,2
SAV1_MOUSE_Tsuboyama_2023_2YSB,ESM2_35M,-0.04124,0.11082,-0.06958,965,-0.1244,2
SAV1_MOUSE_Tsuboyama_2023_2YSB,ESM2_150M,0.19691,0.10135,0.09556,965,-0.1244,2
SAV1_MOUSE_Tsuboyama_2023_2YSB,ESM2_650M,0.19304,0.09955,0.0935,965,-0.1244,2
SAV1_MOUSE_Tsuboyama_2023_2YSB,ESM2_3B,0.21825,0.08993,0.12831,965,-0.1244,2
SAV1_MOUSE_Tsuboyama_2023_2YSB,ESM2_15B,0.09937,0.10691,-0.00753,965,-0.1244,2
SAV1_MOUSE_Tsuboyama_2023_2YSB,RITA_l,0.08702,0.04846,0.03856,965,-0.1244,2
SAV1_MOUSE_Tsuboyama_2023_2YSB,Progen2_large,0.08925,0.03124,0.05801,965,-0.1244,2
SAV1_MOUSE_Tsuboyama_2023_2YSB,GEMME,0.12157,0.1115,0.01007,965,-0.1244,2
SAV1_MOUSE_Tsuboyama_2023_2YSB,ProtGPT2,-0.01641,0.05467,-0.03827,965,-0.1244,2
SDA_BACSU_Tsuboyama_2023_1PV0,Site_Independent,0.26087,0.09376,0.16711,2770,-0.0128,2
SDA_BACSU_Tsuboyama_2023_1PV0,EVmutation,0.27252,0.13795,0.13458,2770,-0.0128,2
SDA_BACSU_Tsuboyama_2023_1PV0,DeepSequence_ensemble,0.29144,0.15069,0.14076,2770,-0.0128,2
SDA_BACSU_Tsuboyama_2023_1PV0,EVE_ensemble,0.29958,0.14551,0.15406,2770,-0.0128,2
SDA_BACSU_Tsuboyama_2023_1PV0,MSA_Transformer_ensemble,0.38287,0.1513,0.23157,2770,-0.0128,2
SDA_BACSU_Tsuboyama_2023_1PV0,ESM1b,0.31932,0.17063,0.14869,2770,-0.0128,2
SDA_BACSU_Tsuboyama_2023_1PV0,ESM1v_ensemble,0.377,0.16692,0.21008,2770,-0.0128,2
SDA_BACSU_Tsuboyama_2023_1PV0,ESM2_8M,0.08905,0.01212,0.07693,2770,-0.0128,2
SDA_BACSU_Tsuboyama_2023_1PV0,ESM2_35M,0.08593,0.03054,0.05539,2770,-0.0128,2
SDA_BACSU_Tsuboyama_2023_1PV0,ESM2_150M,0.34449,0.17118,0.17331,2770,-0.0128,2
SDA_BACSU_Tsuboyama_2023_1PV0,ESM2_650M,0.36462,0.14001,0.22462,2770,-0.0128,2
SDA_BACSU_Tsuboyama_2023_1PV0,ESM2_3B,0.34451,0.14785,0.19666,2770,-0.0128,2
SDA_BACSU_Tsuboyama_2023_1PV0,ESM2_15B,0.34599,0.15462,0.19137,2770,-0.0128,2
SDA_BACSU_Tsuboyama_2023_1PV0,RITA_l,0.13556,0.0119,0.12366,2770,-0.0128,2
SDA_BACSU_Tsuboyama_2023_1PV0,Progen2_large,0.24047,0.07963,0.16084,2770,-0.0128,2
SDA_BACSU_Tsuboyama_2023_1PV0,GEMME,0.33564,0.10238,0.23326,2770,-0.0128,2
SDA_BACSU_Tsuboyama_2023_1PV0,ProtGPT2,-0.26451,-0.14199,0.12252,2770,-0.0128,2
SPA_STAAU_Tsuboyama_2023_1LP1,Site_Independent,-0.07305,0.17811,-0.10505,2105,-0.0568,2
SPA_STAAU_Tsuboyama_2023_1LP1,EVmutation,-0.0637,0.19023,-0.12653,2105,-0.0568,2
SPA_STAAU_Tsuboyama_2023_1LP1,DeepSequence_ensemble,-0.08514,0.18046,-0.09532,2105,-0.0568,2
SPA_STAAU_Tsuboyama_2023_1LP1,EVE_ensemble,-0.11559,0.20704,-0.09145,2105,-0.0568,2
SPA_STAAU_Tsuboyama_2023_1LP1,MSA_Transformer_ensemble,0.00295,0.23717,-0.23422,2105,-0.0568,2
SPA_STAAU_Tsuboyama_2023_1LP1,ESM1b,-0.00384,0.19377,-0.18993,2105,-0.0568,2
SPA_STAAU_Tsuboyama_2023_1LP1,ESM1v_ensemble,0.1574,0.13073,0.02667,2105,-0.0568,2
SPA_STAAU_Tsuboyama_2023_1LP1,ESM2_8M,0.17052,0.10887,0.06165,2105,-0.0568,2
SPA_STAAU_Tsuboyama_2023_1LP1,ESM2_35M,0.12285,0.10242,0.02043,2105,-0.0568,2
SPA_STAAU_Tsuboyama_2023_1LP1,ESM2_150M,0.12288,0.10246,0.02042,2105,-0.0568,2
SPA_STAAU_Tsuboyama_2023_1LP1,ESM2_650M,0.11284,0.11773,-0.00489,2105,-0.0568,2
SPA_STAAU_Tsuboyama_2023_1LP1,ESM2_3B,0.11828,0.08861,0.02968,2105,-0.0568,2
SPA_STAAU_Tsuboyama_2023_1LP1,ESM2_15B,0.14004,0.1104,0.02964,2105,-0.0568,2
SPA_STAAU_Tsuboyama_2023_1LP1,RITA_l,0.04838,0.13898,-0.0906,2105,-0.0568,2
SPA_STAAU_Tsuboyama_2023_1LP1,Progen2_large,-0.03956,0.12788,-0.08832,2105,-0.0568,2
SPA_STAAU_Tsuboyama_2023_1LP1,GEMME,0.02414,0.17844,-0.1543,2105,-0.0568,2
SPA_STAAU_Tsuboyama_2023_1LP1,ProtGPT2,0.00227,0.03412,-0.03185,2105,-0.0568,2
SPG1_STRSG_Olson_2014,Site_Independent,0.00323,-0.06619,-0.06296,8000,0.0321,2
SPG1_STRSG_Olson_2014,EVmutation,0.001,-0.03911,-0.03811,8000,0.0321,2
SPG1_STRSG_Olson_2014,DeepSequence_ensemble,-0.01508,-0.02787,-0.01279,8000,0.0321,2
SPG1_STRSG_Olson_2014,EVE_ensemble,0.00335,-0.03195,-0.0286,8000,0.0321,2
SPG1_STRSG_Olson_2014,MSA_Transformer_ensemble,0.02073,0.05361,-0.03288,8000,0.0321,2
SPG1_STRSG_Olson_2014,ESM1b,0.0001,0.0003,-0.0002,8000,0.0321,2
SPG1_STRSG_Olson_2014,ESM1v_ensemble,0.01206,0.00743,0.00463,8000,0.0321,2
SPG1_STRSG_Olson_2014,ESM2_8M,0.01049,0.01517,-0.00469,8000,0.0321,2
SPG1_STRSG_Olson_2014,ESM2_35M,0.01009,0.01667,-0.00658,8000,0.0321,2
SPG1_STRSG_Olson_2014,ESM2_150M,0.01182,-0.00541,0.00642,8000,0.0321,2
SPG1_STRSG_Olson_2014,ESM2_650M,0.00744,-0.01537,-0.00793,8000,0.0321,2
SPG1_STRSG_Olson_2014,ESM2_3B,0.01115,0.00759,0.00356,8000,0.0321,2
SPG1_STRSG_Olson_2014,ESM2_15B,0.00677,0.00027,0.0065,8000,0.0321,2
SPG1_STRSG_Olson_2014,RITA_l,0.01455,0.01641,-0.00186,8000,0.0321,2
SPG1_STRSG_Olson_2014,Progen2_large,0.0114,0.00607,0.00533,8000,0.0321,2
SPG1_STRSG_Olson_2014,GEMME,-0.00145,-0.08276,-0.08131,8000,0.0321,2
SPG1_STRSG_Olson_2014,ProtGPT2,0.03293,0.00337,0.02956,8000,0.0321,2
SPG1_STRSG_Wu_2016,Site_Independent,-0.0161,-0.03109,-0.01499,8000,0.004,4
SPG1_STRSG_Wu_2016,EVmutation,-0.02931,0.00078,0.02853,8000,0.004,4
SPG1_STRSG_Wu_2016,DeepSequence_ensemble,-0.02951,0.0044,0.02511,8000,0.004,4
SPG1_STRSG_Wu_2016,EVE_ensemble,-0.03138,-0.00698,0.0244,8000,0.004,4
SPG1_STRSG_Wu_2016,MSA_Transformer_ensemble,-0.07871,0.057,0.02171,8000,0.004,4
SPG1_STRSG_Wu_2016,ESM1b,-0.03777,0.04191,-0.00414,8000,0.004,4
SPG1_STRSG_Wu_2016,ESM1v_ensemble,-0.01021,0.01377,-0.00356,8000,0.004,4
SPG1_STRSG_Wu_2016,ESM2_8M,0.00058,0.02752,-0.02694,8000,0.004,4
SPG1_STRSG_Wu_2016,ESM2_35M,-0.00818,0.02779,-0.01962,8000,0.004,4
SPG1_STRSG_Wu_2016,ESM2_150M,-0.01958,0.0233,-0.00372,8000,0.004,4
SPG1_STRSG_Wu_2016,ESM2_650M,-0.00493,0.02352,-0.01859,8000,0.004,4
SPG1_STRSG_Wu_2016,ESM2_3B,-0.01649,0.01509,0.0014,8000,0.004,4
SPG1_STRSG_Wu_2016,ESM2_15B,-0.00493,0.00971,-0.00478,8000,0.004,4
SPG1_STRSG_Wu_2016,RITA_l,0.02302,0.0182,0.00482,8000,0.004,4
SPG1_STRSG_Wu_2016,Progen2_large,0.02264,0.00691,0.01574,8000,0.004,4
SPG1_STRSG_Wu_2016,GEMME,-0.06086,0.04392,0.01694,8000,0.004,4
SPG1_STRSG_Wu_2016,ProtGPT2,0.00983,0.0528,-0.04297,8000,0.004,4
SPG2_STRSG_Tsuboyama_2023_5UBS,Site_Independent,-0.14566,0.10012,0.04554,1451,-0.1088,2
SPG2_STRSG_Tsuboyama_2023_5UBS,EVmutation,-0.21264,0.17027,0.04237,1451,-0.1088,2
SPG2_STRSG_Tsuboyama_2023_5UBS,DeepSequence_ensemble,-0.19914,0.21128,-0.01214,1451,-0.1088,2
SPG2_STRSG_Tsuboyama_2023_5UBS,EVE_ensemble,-0.17125,0.23066,-0.05941,1451,-0.1088,2
SPG2_STRSG_Tsuboyama_2023_5UBS,MSA_Transformer_ensemble,-0.15105,0.20854,-0.05749,1451,-0.1088,2
SPG2_STRSG_Tsuboyama_2023_5UBS,ESM1b,-0.22546,0.2375,-0.01204,1451,-0.1088,2
SPG2_STRSG_Tsuboyama_2023_5UBS,ESM1v_ensemble,-0.12789,0.16528,-0.03738,1451,-0.1088,2
SPG2_STRSG_Tsuboyama_2023_5UBS,ESM2_8M,-0.15344,0.18037,-0.02693,1451,-0.1088,2
SPG2_STRSG_Tsuboyama_2023_5UBS,ESM2_35M,-0.13024,0.17368,-0.04344,1451,-0.1088,2
SPG2_STRSG_Tsuboyama_2023_5UBS,ESM2_150M,-0.11746,0.15375,-0.03628,1451,-0.1088,2
SPG2_STRSG_Tsuboyama_2023_5UBS,ESM2_650M,-0.13317,0.18736,-0.05419,1451,-0.1088,2
SPG2_STRSG_Tsuboyama_2023_5UBS,ESM2_3B,-0.15064,0.19752,-0.04688,1451,-0.1088,2
SPG2_STRSG_Tsuboyama_2023_5UBS,ESM2_15B,-0.10771,0.16529,-0.05757,1451,-0.1088,2
SPG2_STRSG_Tsuboyama_2023_5UBS,RITA_l,-0.0811,0.17244,-0.09134,1451,-0.1088,2
SPG2_STRSG_Tsuboyama_2023_5UBS,Progen2_large,-0.12989,0.18585,-0.05596,1451,-0.1088,2
SPG2_STRSG_Tsuboyama_2023_5UBS,GEMME,-0.1491,0.16961,-0.02051,1451,-0.1088,2
SPG2_STRSG_Tsuboyama_2023_5UBS,ProtGPT2,0.13513,-0.0058,0.12933,1451,-0.1088,2
SPTN1_CHICK_Tsuboyama_2023_1TUD,Site_Independent,0.04687,0.04268,0.00419,3201,-0.0697,2
SPTN1_CHICK_Tsuboyama_2023_1TUD,EVmutation,-0.00575,0.04347,-0.03772,3201,-0.0697,2
SPTN1_CHICK_Tsuboyama_2023_1TUD,DeepSequence_ensemble,0.06653,0.06636,0.00017,3201,-0.0697,2
SPTN1_CHICK_Tsuboyama_2023_1TUD,EVE_ensemble,0.07532,0.06046,0.01485,3201,-0.0697,2
SPTN1_CHICK_Tsuboyama_2023_1TUD,MSA_Transformer_ensemble,0.07298,0.08824,-0.01526,3201,-0.0697,2
SPTN1_CHICK_Tsuboyama_2023_1TUD,ESM1b,0.02675,0.1126,-0.08585,3201,-0.0697,2
SPTN1_CHICK_Tsuboyama_2023_1TUD,ESM1v_ensemble,0.14378,0.10596,0.03782,3201,-0.0697,2
SPTN1_CHICK_Tsuboyama_2023_1TUD,ESM2_8M,0.11656,0.15241,-0.03585,3201,-0.0697,2
SPTN1_CHICK_Tsuboyama_2023_1TUD,ESM2_35M,0.12021,0.06806,0.05215,3201,-0.0697,2
SPTN1_CHICK_Tsuboyama_2023_1TUD,ESM2_150M,0.13579,0.12523,0.01055,3201,-0.0697,2
SPTN1_CHICK_Tsuboyama_2023_1TUD,ESM2_650M,0.13692,0.11758,0.01934,3201,-0.0697,2
SPTN1_CHICK_Tsuboyama_2023_1TUD,ESM2_3B,0.07629,0.07038,0.00592,3201,-0.0697,2
SPTN1_CHICK_Tsuboyama_2023_1TUD,ESM2_15B,0.03263,0.06509,-0.03246,3201,-0.0697,2
SPTN1_CHICK_Tsuboyama_2023_1TUD,RITA_l,-0.03221,0.13939,-0.10719,3201,-0.0697,2
SPTN1_CHICK_Tsuboyama_2023_1TUD,Progen2_large,0.02878,0.10389,-0.07511,3201,-0.0697,2
SPTN1_CHICK_Tsuboyama_2023_1TUD,GEMME,0.1121,0.02765,0.08445,3201,-0.0697,2
SPTN1_CHICK_Tsuboyama_2023_1TUD,ProtGPT2,-0.03164,0.09366,-0.06202,3201,-0.0697,2
SR43C_ARATH_Tsuboyama_2023_2N88,Site_Independent,-0.17353,0.05156,0.12197,1583,0.0263,2
SR43C_ARATH_Tsuboyama_2023_2N88,EVmutation,-0.13909,0.1132,0.02589,1583,0.0263,2
SR43C_ARATH_Tsuboyama_2023_2N88,DeepSequence_ensemble,-0.05134,0.21032,-0.15898,1583,0.0263,2
SR43C_ARATH_Tsuboyama_2023_2N88,EVE_ensemble,-0.02814,0.20282,-0.17468,1583,0.0263,2
SR43C_ARATH_Tsuboyama_2023_2N88,MSA_Transformer_ensemble,0.05506,0.21977,-0.16471,1583,0.0263,2
SR43C_ARATH_Tsuboyama_2023_2N88,ESM1b,-0.00522,0.18664,-0.18142,1583,0.0263,2
SR43C_ARATH_Tsuboyama_2023_2N88,ESM1v_ensemble,-0.01674,0.19138,-0.17464,1583,0.0263,2
SR43C_ARATH_Tsuboyama_2023_2N88,ESM2_8M,0.16442,0.21537,-0.05095,1583,0.0263,2
SR43C_ARATH_Tsuboyama_2023_2N88,ESM2_35M,-0.04163,0.1646,-0.12297,1583,0.0263,2
SR43C_ARATH_Tsuboyama_2023_2N88,ESM2_150M,0.00095,0.21584,-0.21489,1583,0.0263,2
SR43C_ARATH_Tsuboyama_2023_2N88,ESM2_650M,0.02718,0.16805,-0.14087,1583,0.0263,2
SR43C_ARATH_Tsuboyama_2023_2N88,ESM2_3B,0.05156,0.16436,-0.1128,1583,0.0263,2
SR43C_ARATH_Tsuboyama_2023_2N88,ESM2_15B,0.09084,0.20953,-0.11869,1583,0.0263,2
SR43C_ARATH_Tsuboyama_2023_2N88,RITA_l,-0.03669,0.09537,-0.05869,1583,0.0263,2
SR43C_ARATH_Tsuboyama_2023_2N88,Progen2_large,-0.00614,0.13811,-0.13197,1583,0.0263,2
SR43C_ARATH_Tsuboyama_2023_2N88,GEMME,-0.06286,0.17703,-0.11418,1583,0.0263,2
SR43C_ARATH_Tsuboyama_2023_2N88,ProtGPT2,0.03871,-0.13948,-0.10077,1583,0.0263,2
SRBS1_HUMAN_Tsuboyama_2023_2O2W,Site_Independent,-0.21411,0.0677,0.14641,1556,-0.039,2
SRBS1_HUMAN_Tsuboyama_2023_2O2W,EVmutation,-0.26578,0.10108,0.1647,1556,-0.039,2
SRBS1_HUMAN_Tsuboyama_2023_2O2W,DeepSequence_ensemble,-0.18788,0.14848,0.0394,1556,-0.039,2
SRBS1_HUMAN_Tsuboyama_2023_2O2W,EVE_ensemble,-0.16592,0.15745,0.00847,1556,-0.039,2
SRBS1_HUMAN_Tsuboyama_2023_2O2W,MSA_Transformer_ensemble,-0.13874,0.12754,0.0112,1556,-0.039,2
SRBS1_HUMAN_Tsuboyama_2023_2O2W,ESM1b,-0.22248,0.14016,0.08232,1556,-0.039,2
SRBS1_HUMAN_Tsuboyama_2023_2O2W,ESM1v_ensemble,-0.10523,0.10919,-0.00396,1556,-0.039,2
SRBS1_HUMAN_Tsuboyama_2023_2O2W,ESM2_8M,-0.22548,0.16022,0.06526,1556,-0.039,2
SRBS1_HUMAN_Tsuboyama_2023_2O2W,ESM2_35M,-0.05639,0.08527,-0.02888,1556,-0.039,2
SRBS1_HUMAN_Tsuboyama_2023_2O2W,ESM2_150M,-0.07737,0.10727,-0.02991,1556,-0.039,2
SRBS1_HUMAN_Tsuboyama_2023_2O2W,ESM2_650M,-0.17055,0.12958,0.04098,1556,-0.039,2
SRBS1_HUMAN_Tsuboyama_2023_2O2W,ESM2_3B,-0.11112,0.0644,0.04672,1556,-0.039,2
SRBS1_HUMAN_Tsuboyama_2023_2O2W,ESM2_15B,-0.17951,0.13449,0.04502,1556,-0.039,2
SRBS1_HUMAN_Tsuboyama_2023_2O2W,RITA_l,-0.17477,0.10791,0.06686,1556,-0.039,2
SRBS1_HUMAN_Tsuboyama_2023_2O2W,Progen2_large,-0.1835,0.07595,0.10755,1556,-0.039,2
SRBS1_HUMAN_Tsuboyama_2023_2O2W,GEMME,-0.18609,0.10033,0.08576,1556,-0.039,2
SRBS1_HUMAN_Tsuboyama_2023_2O2W,ProtGPT2,-0.24089,0.05159,0.1893,1556,-0.039,2
TCRG1_MOUSE_Tsuboyama_2023_1E0L,Site_Independent,-0.19453,0.05758,0.13695,1058,-0.0679,2
TCRG1_MOUSE_Tsuboyama_2023_1E0L,EVmutation,-0.15006,0.05497,0.09508,1058,-0.0679,2
TCRG1_MOUSE_Tsuboyama_2023_1E0L,DeepSequence_ensemble,-0.1859,0.07905,0.10685,1058,-0.0679,2
TCRG1_MOUSE_Tsuboyama_2023_1E0L,EVE_ensemble,-0.15063,0.05848,0.09215,1058,-0.0679,2
TCRG1_MOUSE_Tsuboyama_2023_1E0L,MSA_Transformer_ensemble,-0.16663,0.09338,0.07325,1058,-0.0679,2
TCRG1_MOUSE_Tsuboyama_2023_1E0L,ESM1b,0.09584,0.13494,-0.0391,1058,-0.0679,2
TCRG1_MOUSE_Tsuboyama_2023_1E0L,ESM1v_ensemble,0.06194,0.15014,-0.0882,1058,-0.0679,2
TCRG1_MOUSE_Tsuboyama_2023_1E0L,ESM2_8M,-0.05642,0.20281,-0.14639,1058,-0.0679,2
TCRG1_MOUSE_Tsuboyama_2023_1E0L,ESM2_35M,0.12074,0.14692,-0.02618,1058,-0.0679,2
TCRG1_MOUSE_Tsuboyama_2023_1E0L,ESM2_150M,0.11678,0.15451,-0.03773,1058,-0.0679,2
TCRG1_MOUSE_Tsuboyama_2023_1E0L,ESM2_650M,0.07194,0.12288,-0.05094,1058,-0.0679,2
TCRG1_MOUSE_Tsuboyama_2023_1E0L,ESM2_3B,0.11112,0.14613,-0.03501,1058,-0.0679,2
TCRG1_MOUSE_Tsuboyama_2023_1E0L,ESM2_15B,0.03203,0.17976,-0.14773,1058,-0.0679,2
TCRG1_MOUSE_Tsuboyama_2023_1E0L,RITA_l,0.15994,0.05049,0.10945,1058,-0.0679,2
TCRG1_MOUSE_Tsuboyama_2023_1E0L,Progen2_large,0.15084,0.06342,0.08741,1058,-0.0679,2
TCRG1_MOUSE_Tsuboyama_2023_1E0L,GEMME,0.07202,0.04139,0.03062,1058,-0.0679,2
TCRG1_MOUSE_Tsuboyama_2023_1E0L,ProtGPT2,-0.0961,0.06128,0.03482,1058,-0.0679,2
THO1_YEAST_Tsuboyama_2023_2WQG,Site_Independent,-0.047,0.12959,-0.0826,1279,0.0228,2
THO1_YEAST_Tsuboyama_2023_2WQG,EVmutation,-0.0005,0.18172,-0.18122,1279,0.0228,2
THO1_YEAST_Tsuboyama_2023_2WQG,DeepSequence_ensemble,0.06361,0.21207,-0.14845,1279,0.0228,2
THO1_YEAST_Tsuboyama_2023_2WQG,EVE_ensemble,0.0539,0.20845,-0.15455,1279,0.0228,2
THO1_YEAST_Tsuboyama_2023_2WQG,MSA_Transformer_ensemble,0.09811,0.21211,-0.11399,1279,0.0228,2
THO1_YEAST_Tsuboyama_2023_2WQG,ESM1b,0.05409,0.22067,-0.16658,1279,0.0228,2
THO1_YEAST_Tsuboyama_2023_2WQG,ESM1v_ensemble,0.04978,0.12222,-0.07244,1279,0.0228,2
THO1_YEAST_Tsuboyama_2023_2WQG,ESM2_8M,0.06617,0.07573,-0.00955,1279,0.0228,2
THO1_YEAST_Tsuboyama_2023_2WQG,ESM2_35M,0.0544,0.16889,-0.11449,1279,0.0228,2
THO1_YEAST_Tsuboyama_2023_2WQG,ESM2_150M,0.10826,0.20001,-0.09174,1279,0.0228,2
THO1_YEAST_Tsuboyama_2023_2WQG,ESM2_650M,0.11362,0.2167,-0.10308,1279,0.0228,2
THO1_YEAST_Tsuboyama_2023_2WQG,ESM2_3B,0.13941,0.22918,-0.08977,1279,0.0228,2
THO1_YEAST_Tsuboyama_2023_2WQG,ESM2_15B,0.12008,0.2319,-0.11181,1279,0.0228,2
THO1_YEAST_Tsuboyama_2023_2WQG,RITA_l,0.04933,0.11185,-0.06252,1279,0.0228,2
THO1_YEAST_Tsuboyama_2023_2WQG,Progen2_large,0.06231,0.10305,-0.04073,1279,0.0228,2
THO1_YEAST_Tsuboyama_2023_2WQG,GEMME,0.10319,0.17039,-0.0672,1279,0.0228,2
THO1_YEAST_Tsuboyama_2023_2WQG,ProtGPT2,0.03067,0.05956,-0.0289,1279,0.0228,2
TNKS2_HUMAN_Tsuboyama_2023_5JRT,Site_Independent,-0.06142,0.08461,-0.02319,1479,-0.0145,2
TNKS2_HUMAN_Tsuboyama_2023_5JRT,EVmutation,0.07845,0.159,-0.08055,1479,-0.0145,2
TNKS2_HUMAN_Tsuboyama_2023_5JRT,DeepSequence_ensemble,0.16781,0.27174,-0.10393,1479,-0.0145,2
TNKS2_HUMAN_Tsuboyama_2023_5JRT,EVE_ensemble,0.1694,0.28405,-0.11465,1479,-0.0145,2
TNKS2_HUMAN_Tsuboyama_2023_5JRT,MSA_Transformer_ensemble,0.17451,0.23136,-0.05685,1479,-0.0145,2
TNKS2_HUMAN_Tsuboyama_2023_5JRT,ESM1b,0.11523,0.30203,-0.1868,1479,-0.0145,2
TNKS2_HUMAN_Tsuboyama_2023_5JRT,ESM1v_ensemble,0.13362,0.23054,-0.09692,1479,-0.0145,2
TNKS2_HUMAN_Tsuboyama_2023_5JRT,ESM2_8M,0.18531,0.03141,0.1539,1479,-0.0145,2
TNKS2_HUMAN_Tsuboyama_2023_5JRT,ESM2_35M,0.12745,0.17259,-0.04514,1479,-0.0145,2
TNKS2_HUMAN_Tsuboyama_2023_5JRT,ESM2_150M,0.13589,0.16579,-0.0299,1479,-0.0145,2
TNKS2_HUMAN_Tsuboyama_2023_5JRT,ESM2_650M,0.18502,0.28889,-0.10387,1479,-0.0145,2
TNKS2_HUMAN_Tsuboyama_2023_5JRT,ESM2_3B,0.15616,0.25419,-0.09803,1479,-0.0145,2
TNKS2_HUMAN_Tsuboyama_2023_5JRT,ESM2_15B,0.20264,0.30105,-0.09841,1479,-0.0145,2
TNKS2_HUMAN_Tsuboyama_2023_5JRT,RITA_l,0.14534,0.19377,-0.04843,1479,-0.0145,2
TNKS2_HUMAN_Tsuboyama_2023_5JRT,Progen2_large,0.14162,0.23624,-0.09462,1479,-0.0145,2
TNKS2_HUMAN_Tsuboyama_2023_5JRT,GEMME,0.18881,0.2089,-0.02009,1479,-0.0145,2
TNKS2_HUMAN_Tsuboyama_2023_5JRT,ProtGPT2,0.10344,0.04696,0.05647,1479,-0.0145,2
UBE4B_HUMAN_Tsuboyama_2023_3L1X,Site_Independent,0.01433,0.12294,-0.10861,3622,0.0457,2
UBE4B_HUMAN_Tsuboyama_2023_3L1X,EVmutation,0.02222,0.16212,-0.13989,3622,0.0457,2
UBE4B_HUMAN_Tsuboyama_2023_3L1X,DeepSequence_ensemble,0.05655,0.19696,-0.14041,3622,0.0457,2
UBE4B_HUMAN_Tsuboyama_2023_3L1X,EVE_ensemble,0.03815,0.20354,-0.16539,3622,0.0457,2
UBE4B_HUMAN_Tsuboyama_2023_3L1X,MSA_Transformer_ensemble,0.0709,0.18212,-0.11122,3622,0.0457,2
UBE4B_HUMAN_Tsuboyama_2023_3L1X,ESM1b,0.02762,0.13793,-0.11031,3622,0.0457,2
UBE4B_HUMAN_Tsuboyama_2023_3L1X,ESM1v_ensemble,0.11171,0.18085,-0.06914,3622,0.0457,2
UBE4B_HUMAN_Tsuboyama_2023_3L1X,ESM2_8M,0.09399,0.15261,-0.05862,3622,0.0457,2
UBE4B_HUMAN_Tsuboyama_2023_3L1X,ESM2_35M,0.11232,0.16679,-0.05447,3622,0.0457,2
UBE4B_HUMAN_Tsuboyama_2023_3L1X,ESM2_150M,0.06385,0.1651,-0.10125,3622,0.0457,2
UBE4B_HUMAN_Tsuboyama_2023_3L1X,ESM2_650M,0.0382,0.16375,-0.12555,3622,0.0457,2
UBE4B_HUMAN_Tsuboyama_2023_3L1X,ESM2_3B,-0.002,0.17394,-0.17194,3622,0.0457,2
UBE4B_HUMAN_Tsuboyama_2023_3L1X,ESM2_15B,-0.01139,0.18307,-0.17168,3622,0.0457,2
UBE4B_HUMAN_Tsuboyama_2023_3L1X,RITA_l,0.05964,0.12407,-0.06442,3622,0.0457,2
UBE4B_HUMAN_Tsuboyama_2023_3L1X,Progen2_large,0.08937,0.11983,-0.03046,3622,0.0457,2
UBE4B_HUMAN_Tsuboyama_2023_3L1X,GEMME,0.06336,0.142,-0.07864,3622,0.0457,2
UBE4B_HUMAN_Tsuboyama_2023_3L1X,ProtGPT2,0.05996,0.10085,-0.04088,3622,0.0457,2
UBR5_HUMAN_Tsuboyama_2023_1I2T,Site_Independent,-0.08599,0.02009,0.06591,1453,-0.0178,2
UBR5_HUMAN_Tsuboyama_2023_1I2T,EVmutation,-0.11001,0.11996,-0.00995,1453,-0.0178,2
UBR5_HUMAN_Tsuboyama_2023_1I2T,DeepSequence_ensemble,-0.08518,0.13131,-0.04613,1453,-0.0178,2
UBR5_HUMAN_Tsuboyama_2023_1I2T,EVE_ensemble,-0.13236,0.13956,-0.0072,1453,-0.0178,2
UBR5_HUMAN_Tsuboyama_2023_1I2T,MSA_Transformer_ensemble,-0.12646,0.13566,-0.0092,1453,-0.0178,2
UBR5_HUMAN_Tsuboyama_2023_1I2T,ESM1b,-0.20679,0.15471,0.05207,1453,-0.0178,2
UBR5_HUMAN_Tsuboyama_2023_1I2T,ESM1v_ensemble,-0.13678,0.21757,-0.08079,1453,-0.0178,2
UBR5_HUMAN_Tsuboyama_2023_1I2T,ESM2_8M,-0.1927,0.19763,-0.00493,1453,-0.0178,2
UBR5_HUMAN_Tsuboyama_2023_1I2T,ESM2_35M,-0.18392,0.19126,-0.00735,1453,-0.0178,2
UBR5_HUMAN_Tsuboyama_2023_1I2T,ESM2_150M,-0.12198,0.18641,-0.06443,1453,-0.0178,2
UBR5_HUMAN_Tsuboyama_2023_1I2T,ESM2_650M,0.05919,0.20998,-0.15079,1453,-0.0178,2
UBR5_HUMAN_Tsuboyama_2023_1I2T,ESM2_3B,-0.13884,0.16567,-0.02683,1453,-0.0178,2
UBR5_HUMAN_Tsuboyama_2023_1I2T,ESM2_15B,-0.10673,0.14398,-0.03724,1453,-0.0178,2
UBR5_HUMAN_Tsuboyama_2023_1I2T,RITA_l,-0.27617,0.14044,0.13572,1453,-0.0178,2
UBR5_HUMAN_Tsuboyama_2023_1I2T,Progen2_large,-0.19375,0.10992,0.08383,1453,-0.0178,2
UBR5_HUMAN_Tsuboyama_2023_1I2T,GEMME,-0.2379,0.03732,0.20058,1453,-0.0178,2
UBR5_HUMAN_Tsuboyama_2023_1I2T,ProtGPT2,-0.09813,0.12102,-0.02289,1453,-0.0178,2
VILI_CHICK_Tsuboyama_2023_1YU5,Site_Independent,-0.04387,0.08144,-0.03757,2568,-0.0157,2
VILI_CHICK_Tsuboyama_2023_1YU5,EVmutation,0.08966,0.11224,-0.02258,2568,-0.0157,2
VILI_CHICK_Tsuboyama_2023_1YU5,DeepSequence_ensemble,0.17598,0.0989,0.07708,2568,-0.0157,2
VILI_CHICK_Tsuboyama_2023_1YU5,EVE_ensemble,0.1679,0.09891,0.06899,2568,-0.0157,2
VILI_CHICK_Tsuboyama_2023_1YU5,MSA_Transformer_ensemble,0.21835,0.08901,0.12934,2568,-0.0157,2
VILI_CHICK_Tsuboyama_2023_1YU5,ESM1b,0.14882,0.14779,0.00103,2568,-0.0157,2
VILI_CHICK_Tsuboyama_2023_1YU5,ESM1v_ensemble,0.1921,0.15549,0.03661,2568,-0.0157,2
VILI_CHICK_Tsuboyama_2023_1YU5,ESM2_8M,-0.03735,0.02902,0.00834,2568,-0.0157,2
VILI_CHICK_Tsuboyama_2023_1YU5,ESM2_35M,-0.05748,0.07366,-0.01619,2568,-0.0157,2
VILI_CHICK_Tsuboyama_2023_1YU5,ESM2_150M,0.21169,0.07502,0.13667,2568,-0.0157,2
VILI_CHICK_Tsuboyama_2023_1YU5,ESM2_650M,0.25919,0.06129,0.1979,2568,-0.0157,2
VILI_CHICK_Tsuboyama_2023_1YU5,ESM2_3B,0.26179,0.06477,0.19703,2568,-0.0157,2
VILI_CHICK_Tsuboyama_2023_1YU5,ESM2_15B,0.2683,0.10909,0.15921,2568,-0.0157,2
VILI_CHICK_Tsuboyama_2023_1YU5,RITA_l,0.02101,0.14045,-0.11944,2568,-0.0157,2
VILI_CHICK_Tsuboyama_2023_1YU5,Progen2_large,0.10066,0.14696,-0.04631,2568,-0.0157,2
VILI_CHICK_Tsuboyama_2023_1YU5,GEMME,0.19811,0.06402,0.13409,2568,-0.0157,2
VILI_CHICK_Tsuboyama_2023_1YU5,ProtGPT2,0.07827,0.11,-0.03172,2568,-0.0157,2
YAIA_ECOLI_Tsuboyama_2023_2KVT,Site_Independent,-0.13803,0.03753,0.10049,1890,-0.0027,2
YAIA_ECOLI_Tsuboyama_2023_2KVT,EVmutation,-0.1102,0.10018,0.01002,1890,-0.0027,2
YAIA_ECOLI_Tsuboyama_2023_2KVT,DeepSequence_ensemble,-0.08198,0.08819,-0.00621,1890,-0.0027,2
YAIA_ECOLI_Tsuboyama_2023_2KVT,EVE_ensemble,-0.0921,0.07616,0.01594,1890,-0.0027,2
YAIA_ECOLI_Tsuboyama_2023_2KVT,MSA_Transformer_ensemble,0.02249,0.09605,-0.07356,1890,-0.0027,2
YAIA_ECOLI_Tsuboyama_2023_2KVT,ESM1b,-0.05272,0.0977,-0.04498,1890,-0.0027,2
YAIA_ECOLI_Tsuboyama_2023_2KVT,ESM1v_ensemble,-0.01204,0.09796,-0.08592,1890,-0.0027,2
YAIA_ECOLI_Tsuboyama_2023_2KVT,ESM2_8M,-0.05877,0.12674,-0.06797,1890,-0.0027,2
YAIA_ECOLI_Tsuboyama_2023_2KVT,ESM2_35M,-0.08833,0.12035,-0.03202,1890,-0.0027,2
YAIA_ECOLI_Tsuboyama_2023_2KVT,ESM2_150M,0.07689,0.08756,-0.01066,1890,-0.0027,2
YAIA_ECOLI_Tsuboyama_2023_2KVT,ESM2_650M,0.06172,0.08098,-0.01926,1890,-0.0027,2
YAIA_ECOLI_Tsuboyama_2023_2KVT,ESM2_3B,0.00397,0.06551,-0.06155,1890,-0.0027,2
YAIA_ECOLI_Tsuboyama_2023_2KVT,ESM2_15B,-0.01714,0.0531,-0.03597,1890,-0.0027,2
YAIA_ECOLI_Tsuboyama_2023_2KVT,RITA_l,-0.07055,0.09017,-0.01962,1890,-0.0027,2
YAIA_ECOLI_Tsuboyama_2023_2KVT,Progen2_large,-0.05346,0.08158,-0.02812,1890,-0.0027,2
YAIA_ECOLI_Tsuboyama_2023_2KVT,GEMME,-0.07557,0.05291,0.02266,1890,-0.0027,2
YAIA_ECOLI_Tsuboyama_2023_2KVT,ProtGPT2,0.02152,0.06594,-0.04442,1890,-0.0027,2
YAP1_HUMAN_Araya_2012,Site_Independent,-0.03824,-0.0035,0.03474,8000,-0.0704,2
YAP1_HUMAN_Araya_2012,EVmutation,-0.13394,0.02824,0.10569,8000,-0.0704,2
YAP1_HUMAN_Araya_2012,DeepSequence_ensemble,-0.09329,0.01583,0.07746,8000,-0.0704,2
YAP1_HUMAN_Araya_2012,EVE_ensemble,-0.09988,0.0151,0.08478,8000,-0.0704,2
YAP1_HUMAN_Araya_2012,MSA_Transformer_ensemble,-0.09559,0.05502,0.04058,8000,-0.0704,2
YAP1_HUMAN_Araya_2012,ESM1b,-0.11808,0.02773,0.09035,8000,-0.0704,2
YAP1_HUMAN_Araya_2012,ESM1v_ensemble,-0.08901,0.03219,0.05682,8000,-0.0704,2
YAP1_HUMAN_Araya_2012,ESM2_8M,0.03784,0.00852,0.02932,8000,-0.0704,2
YAP1_HUMAN_Araya_2012,ESM2_35M,0.03721,-0.00879,0.02842,8000,-0.0704,2
YAP1_HUMAN_Araya_2012,ESM2_150M,0.032,0.02259,0.00941,8000,-0.0704,2
YAP1_HUMAN_Araya_2012,ESM2_650M,0.01806,0.02268,-0.00462,8000,-0.0704,2
YAP1_HUMAN_Araya_2012,ESM2_3B,-0.01619,0.02712,-0.01092,8000,-0.0704,2
YAP1_HUMAN_Araya_2012,ESM2_15B,-0.02806,0.08132,-0.05325,8000,-0.0704,2
YAP1_HUMAN_Araya_2012,RITA_l,-0.05783,-0.01424,0.04359,8000,-0.0704,2
YAP1_HUMAN_Araya_2012,Progen2_large,-0.02602,-0.04683,-0.02081,8000,-0.0704,2
YAP1_HUMAN_Araya_2012,GEMME,-0.05974,-0.01303,0.04671,8000,-0.0704,2
YAP1_HUMAN_Araya_2012,ProtGPT2,0.01478,0.03604,-0.02127,8000,-0.0704,2
YNZC_BACSU_Tsuboyama_2023_2JVD,Site_Independent,0.08193,0.13904,-0.05711,2300,-0.0446,2
YNZC_BACSU_Tsuboyama_2023_2JVD,EVmutation,0.12262,0.13061,-0.00799,2300,-0.0446,2
YNZC_BACSU_Tsuboyama_2023_2JVD,DeepSequence_ensemble,0.14934,0.16239,-0.01305,2300,-0.0446,2
YNZC_BACSU_Tsuboyama_2023_2JVD,EVE_ensemble,0.1498,0.14917,0.00064,2300,-0.0446,2
YNZC_BACSU_Tsuboyama_2023_2JVD,MSA_Transformer_ensemble,0.19057,0.16346,0.02712,2300,-0.0446,2
YNZC_BACSU_Tsuboyama_2023_2JVD,ESM1b,0.14674,0.11357,0.03316,2300,-0.0446,2
YNZC_BACSU_Tsuboyama_2023_2JVD,ESM1v_ensemble,0.19478,0.13004,0.06474,2300,-0.0446,2
YNZC_BACSU_Tsuboyama_2023_2JVD,ESM2_8M,0.13332,0.07617,0.05715,2300,-0.0446,2
YNZC_BACSU_Tsuboyama_2023_2JVD,ESM2_35M,0.09675,0.07283,0.02392,2300,-0.0446,2
YNZC_BACSU_Tsuboyama_2023_2JVD,ESM2_150M,0.22473,0.11568,0.10905,2300,-0.0446,2
YNZC_BACSU_Tsuboyama_2023_2JVD,ESM2_650M,0.21753,0.1584,0.05913,2300,-0.0446,2
YNZC_BACSU_Tsuboyama_2023_2JVD,ESM2_3B,0.19735,0.12606,0.07129,2300,-0.0446,2
YNZC_BACSU_Tsuboyama_2023_2JVD,ESM2_15B,0.22356,0.16324,0.06031,2300,-0.0446,2
YNZC_BACSU_Tsuboyama_2023_2JVD,RITA_l,0.1937,0.11935,0.07435,2300,-0.0446,2
YNZC_BACSU_Tsuboyama_2023_2JVD,Progen2_large,0.2349,0.12967,0.10522,2300,-0.0446,2
YNZC_BACSU_Tsuboyama_2023_2JVD,GEMME,0.19967,0.10234,0.09734,2300,-0.0446,2
YNZC_BACSU_Tsuboyama_2023_2JVD,ProtGPT2,0.16363,0.10274,0.06089,2300,-0.0446,2
