model,protein,length,regime,m,seed,m_realized,hamming,ll_identity,ll_permuted,delta_ll,overlap,chance
esm2_t6_8M_UR50D,PF00018|BOI2_YEAST,51,random,2,0,2,4,-0.420353,-0.486682,0.066329,0.16,0.03205
esm2_t6_8M_UR50D,PF00018|BOI2_YEAST,51,random,2,1,2,7,-0.420353,-0.572292,0.151939,0.08,0.03205
esm2_t6_8M_UR50D,PF00018|BOI2_YEAST,51,random,6,0,6,14,-0.420353,-0.544898,0.124544,0.12,0.03205
esm2_t6_8M_UR50D,PF00018|BOI2_YEAST,51,random,6,1,6,21,-0.420353,-0.610853,0.1905,0.2,0.03205
esm2_t6_8M_UR50D,PF00018|BOI2_YEAST,51,random,10,0,10,30,-0.420353,-0.514646,0.094293,0.08,0.03205
esm2_t6_8M_UR50D,PF00018|BOI2_YEAST,51,random,10,1,10,23,-0.420353,-0.571755,0.151402,0.12,0.03205
esm2_t6_8M_UR50D,PF00018|BOI2_YEAST,51,random,20,0,20,51,-0.420353,-0.529745,0.109392,0.08,0.03205
esm2_t6_8M_UR50D,PF00018|BOI2_YEAST,51,random,20,1,20,51,-0.420353,-0.599956,0.179602,0.04,0.03205
esm2_t6_8M_UR50D,PF00018|BOI2_YEAST,51,In-class,2,0,2,3,-0.420353,-0.53457,0.114217,0.24,0.03205
esm2_t6_8M_UR50D,PF00018|BOI2_YEAST,51,In-class,2,1,2,3,-0.420353,-0.53457,0.114217,0.24,0.03205
esm2_t6_8M_UR50D,PF00018|BOI2_YEAST,51,In-class,6,0,6,22,-0.420353,-0.471111,0.050758,0.16,0.03205
esm2_t6_8M_UR50D,PF00018|BOI2_YEAST,51,In-class,6,1,6,9,-0.420353,-0.512199,0.091846,0.12,0.03205
esm2_t6_8M_UR50D,PF00018|BOI2_YEAST,51,In-class,10,0,10,31,-0.420353,-0.549595,0.129241,0.0,0.03205
esm2_t6_8M_UR50D,PF00018|BOI2_YEAST,51,In-class,10,1,10,35,-0.420353,-0.490509,0.070156,0.08,0.03205
esm2_t6_8M_UR50D,PF00018|BOI2_YEAST,51,In-class,20,0,15,44,-0.420353,-0.527405,0.107052,0.12,0.03205
esm2_t6_8M_UR50D,PF00018|BOI2_YEAST,51,In-class,20,1,15,44,-0.420353,-0.526909,0.106556,0.04,0.03205
esm2_t6_8M_UR50D,cytochrome_c,104,random,2,0,2,15,-0.360171,-0.392229,0.032058,0.34615,0.01216
esm2_t6_8M_UR50D,cytochrome_c,104,random,2,1,2,13,-0.360171,-0.460375,0.100204,0.51923,0.01216
esm2_t6_8M_UR50D,cytochrome_c,104,random,6,0,6,40,-0.360171,-0.540874,0.180703,0.0,0.01216
esm2_t6_8M_UR50D,cytochrome_c,104,random,6,1,6,39,-0.360171,-0.506083,0.145912,0.09615,0.01216
esm2_t6_8M_UR50D,cytochrome_c,104,random,10,0,10,53,-0.360171,-0.408112,0.047941,0.23077,0.01216
esm2_t6_8M_UR50D,cytochrome_c,104,random,10,1,10,53,-0.360171,-0.540259,0.180087,0.0,0.01216
esm2_t6_8M_UR50D,cytochrome_c,104,random,20,0,20,104,-0.360171,-0.572964,0.212793,0.0,0.01216
esm2_t6_8M_UR50D,cytochrome_c,104,random,20,1,20,104,-0.360171,-0.576135,0.215964,0.01923,0.01216
esm2_t6_8M_UR50D,cytochrome_c,104,In-class,2,0,2,7,-0.360171,-0.389201,0.02903,0.78846,0.01216
esm2_t6_8M_UR50D,cytochrome_c,104,In-class,2,1,2,7,-0.360171,-0.389201,0.02903,0.78846,0.01216
esm2_t6_8M_UR50D,cytochrome_c,104,In-class,6,0,6,29,-0.360171,-0.37756,0.017389,0.63462,0.01216
esm2_t6_8M_UR50D,cytochrome_c,104,In-class,6,1,6,22,-0.360171,-0.421195,0.061023,0.61538,0.01216
esm2_t6_8M_UR50D,cytochrome_c,104,In-class,10,0,10,53,-0.360171,-0.432181,0.072009,0.5,0.01216
esm2_t6_8M_UR50D,cytochrome_c,104,In-class,10,1,10,58,-0.360171,-0.461017,0.100846,0.28846,0.01216
esm2_t6_8M_UR50D,cytochrome_c,104,In-class,20,0,15,76,-0.360171,-0.445894,0.085723,0.26923,0.01216
esm2_t6_8M_UR50D,cytochrome_c,104,In-class,20,1,15,76,-0.360171,-0.439526,0.079354,0.42308,0.01216
esm2_t6_8M_UR50D,protein_G_B1,56,random,2,0,2,4,-0.256912,-0.303856,0.046944,0.75,0.02828
esm2_t6_8M_UR50D,protein_G_B1,56,random,2,1,2,4,-0.256912,-0.307108,0.050196,0.64286,0.02828
esm2_t6_8M_UR50D,protein_G_B1,56,random,6,0,6,23,-0.256912,-0.400362,0.14345,0.28571,0.02828
esm2_t6_8M_UR50D,protein_G_B1,56,random,6,1,6,15,-0.256912,-0.481621,0.224709,0.35714,0.02828
esm2_t6_8M_UR50D,protein_G_B1,56,random,10,0,10,36,-0.256912,-0.54743,0.290518,0.17857,0.02828
esm2_t6_8M_UR50D,protein_G_B1,56,random,10,1,10,34,-0.256912,-0.446034,0.189122,0.03571,0.02828
esm2_t6_8M_UR50D,protein_G_B1,56,random,20,0,20,56,-0.256912,-0.525222,0.26831,0.0,0.02828
esm2_t6_8M_UR50D,protein_G_B1,56,random,20,1,20,56,-0.256912,-0.551197,0.294285,0.03571,0.02828
esm2_t6_8M_UR50D,protein_G_B1,56,In-class,2,0,2,4,-0.256912,-0.296915,0.040003,0.78571,0.02828
esm2_t6_8M_UR50D,protein_G_B1,56,In-class,2,1,2,4,-0.256912,-0.296915,0.040003,0.78571,0.02828
esm2_t6_8M_UR50D,protein_G_B1,56,In-class,6,0,6,19,-0.256912,-0.329386,0.072474,0.75,0.02828
esm2_t6_8M_UR50D,protein_G_B1,56,In-class,6,1,6,20,-0.256912,-0.429658,0.172747,0.39286,0.02828
esm2_t6_8M_UR50D,protein_G_B1,56,In-class,10,0,10,35,-0.256912,-0.412555,0.155643,0.10714,0.02828
esm2_t6_8M_UR50D,protein_G_B1,56,In-class,10,1,10,29,-0.256912,-0.415784,0.158873,0.60714,0.02828
esm2_t6_8M_UR50D,protein_G_B1,56,In-class,20,0,15,46,-0.256912,-0.478638,0.221726,0.03571,0.02828
esm2_t6_8M_UR50D,protein_G_B1,56,In-class,20,1,15,46,-0.256912,-0.503688,0.246776,0.25,0.02828
esm2_t6_8M_UR50D,ubiquitin,76,random,2,0,2,9,-0.385648,-0.358134,-0.027514,0.36842,0.01827
esm2_t6_8M_UR50D,ubiquitin,76,random,2,1,2,9,-0.385648,-0.500757,0.115109,0.13158,0.01827
esm2_t6_8M_UR50D,ubiquitin,76,random,6,0,6,26,-0.385648,-0.516753,0.131105,0.15789,0.01827
esm2_t6_8M_UR50D,ubiquitin,76,random,6,1,6,27,-0.385648,-0.50737,0.121722,0.15789,0.01827
esm2_t6_8M_UR50D,ubiquitin,76,random,10,0,10,45,-0.385648,-0.52376,0.138113,0.23684,0.01827
esm2_t6_8M_UR50D,ubiquitin,76,random,10,1,10,45,-0.385648,-0.496981,0.111333,0.26316,0.01827
esm2_t6_8M_UR50D,ubiquitin,76,random,20,0,20,76,-0.385648,-0.57211,0.186462,0.15789,0.01827
esm2_t6_8M_UR50D,ubiquitin,76,random,20,1,20,76,-0.385648,-0.559008,0.173361,0.0,0.01827
esm2_t6_8M_UR50D,ubiquitin,76,In-class,2,0,2,8,-0.385648,-0.408434,0.022786,0.55263,0.01827
esm2_t6_8M_UR50D,ubiquitin,76,In-class,2,1,2,8,-0.385648,-0.408434,0.022786,0.55263,0.01827
esm2_t6_8M_UR50D,ubiquitin,76,In-class,6,0,6,30,-0.385648,-0.443812,0.058164,0.52632,0.01827
esm2_t6_8M_UR50D,ubiquitin,76,In-class,6,1,6,23,-0.385648,-0.492571,0.106924,0.26316,0.01827
esm2_t6_8M_UR50D,ubiquitin,76,In-class,10,0,10,41,-0.385648,-0.481528,0.095881,0.44737,0.01827
esm2_t6_8M_UR50D,ubiquitin,76,In-class,10,1,10,51,-0.385648,-0.521377,0.135729,0.31579,0.01827
esm2_t6_8M_UR50D,ubiquitin,76,In-class,20,0,15,64,-0.385648,-0.507054,0.121407,0.21053,0.01827
esm2_t6_8M_UR50D,ubiquitin,76,In-class,20,1,15,64,-0.385648,-0.621875,0.236227,0.34211,0.01827
esm2_t12_35M_UR50D,PF00018|BOI2_YEAST,51,random,2,0,2,4,-0.353948,-0.542191,0.188243,0.12,0.03205
esm2_t12_35M_UR50D,PF00018|BOI2_YEAST,51,random,2,1,2,7,-0.353948,-0.560589,0.206642,0.08,0.03205
esm2_t12_35M_UR50D,PF00018|BOI2_YEAST,51,random,6,0,6,14,-0.353948,-0.54362,0.189672,0.04,0.03205
esm2_t12_35M_UR50D,PF00018|BOI2_YEAST,51,random,6,1,6,21,-0.353948,-0.600711,0.246763,0.08,0.03205
esm2_t12_35M_UR50D,PF00018|BOI2_YEAST,51,random,10,0,10,30,-0.353948,-0.501689,0.147742,0.0,0.03205
esm2_t12_35M_UR50D,PF00018|BOI2_YEAST,51,random,10,1,10,23,-0.353948,-0.586751,0.232803,0.08,0.03205
esm2_t12_35M_UR50D,PF00018|BOI2_YEAST,51,random,20,0,20,51,-0.353948,-0.57998,0.226032,0.08,0.03205
esm2_t12_35M_UR50D,PF00018|BOI2_YEAST,51,random,20,1,20,51,-0.353948,-0.631935,0.277987,0.08,0.03205
esm2_t12_35M_UR50D,PF00018|BOI2_YEAST,51,In-class,2,0,2,3,-0.353948,-0.481534,0.127587,0.88,0.03205
esm2_t12_35M_UR50D,PF00018|BOI2_YEAST,51,In-class,2,1,2,3,-0.353948,-0.481534,0.127587,0.88,0.03205
esm2_t12_35M_UR50D,PF00018|BOI2_YEAST,51,In-class,6,0,6,22,-0.353948,-0.482054,0.128106,0.76,0.03205
esm2_t12_35M_UR50D,PF00018|BOI2_YEAST,51,In-class,6,1,6,9,-0.353948,-0.482998,0.12905,0.8,0.03205
esm2_t12_35M_UR50D,PF00018|BOI2_YEAST,51,In-class,10,0,10,31,-0.353948,-0.461283,0.107335,0.0,0.03205
esm2_t12_35M_UR50D,PF00018|BOI2_YEAST,51,In-class,10,1,10,35,-0.353948,-0.521373,0.167425,0.12,0.03205
esm2_t12_35M_UR50D,PF00018|BOI2_YEAST,51,In-class,20,0,15,44,-0.353948,-0.497158,0.14321,0.0,0.03205
esm2_t12_35M_UR50D,PF00018|BOI2_YEAST,51,In-class,20,1,15,44,-0.353948,-0.469423,0.115475,0.24,0.03205
esm2_t12_35M_UR50D,cytochrome_c,104,random,2,0,2,15,-0.284652,-0.394728,0.110075,0.67308,0.01216
esm2_t12_35M_UR50D,cytochrome_c,104,random,2,1,2,13,-0.284652,-0.4672,0.182547,0.71154,0.01216
esm2_t12_35M_UR50D,cytochrome_c,104,random,6,0,6,40,-0.284652,-0.695389,0.410737,0.46154,0.01216
esm2_t12_35M_UR50D,cytochrome_c,104,random,6,1,6,39,-0.284652,-0.529993,0.24534,0.0,0.01216
esm2_t12_35M_UR50D,cytochrome_c,104,random,10,0,10,53,-0.284652,-0.518506,0.233854,0.44231,0.01216
esm2_t12_35M_UR50D,cytochrome_c,104,random,10,1,10,53,-0.284652,-0.558425,0.273772,0.0,0.01216
esm2_t12_35M_UR50D,cytochrome_c,104,random,20,0,20,104,-0.284652,-0.535306,0.250653,0.0,0.01216
esm2_t12_35M_UR50D,cytochrome_c,104,random,20,1,20,104,-0.284652,-0.576293,0.29164,0.0,0.01216
esm2_t12_35M_UR50D,cytochrome_c,104,In-class,2,0,2,7,-0.284652,-0.311204,0.026551,0.92308,0.01216
esm2_t12_35M_UR50D,cytochrome_c,104,In-class,2,1,2,7,-0.284652,-0.311204,0.026551,0.92308,0.01216
esm2_t12_35M_UR50D,cytochrome_c,104,In-class,6,0,6,29,-0.284652,-0.34804,0.063387,0.71154,0.01216
esm2_t12_35M_UR50D,cytochrome_c,104,In-class,6,1,6,22,-0.284652,-0.38575,0.101098,0.84615,0.01216
esm2_t12_35M_UR50D,cytochrome_c,104,In-class,10,0,10,53,-0.284652,-0.388473,0.103821,0.63462,0.01216
esm2_t12_35M_UR50D,cytochrome_c,104,In-class,10,1,10,58,-0.284652,-0.427078,0.142425,0.59615,0.01216
esm2_t12_35M_UR50D,cytochrome_c,104,In-class,20,0,15,76,-0.284652,-0.390793,0.106141,0.48077,0.01216
esm2_t12_35M_UR50D,cytochrome_c,104,In-class,20,1,15,76,-0.284652,-0.401819,0.117166,0.53846,0.01216
esm2_t12_35M_UR50D,protein_G_B1,56,random,2,0,2,4,-0.24194,-0.289237,0.047297,0.71429,0.02828
esm2_t12_35M_UR50D,protein_G_B1,56,random,2,1,2,4,-0.24194,-0.278092,0.036152,0.71429,0.02828
esm2_t12_35M_UR50D,protein_G_B1,56,random,6,0,6,23,-0.24194,-0.424504,0.182564,0.10714,0.02828
esm2_t12_35M_UR50D,protein_G_B1,56,random,6,1,6,15,-0.24194,-0.488781,0.246841,0.07143,0.02828
esm2_t12_35M_UR50D,protein_G_B1,56,random,10,0,10,36,-0.24194,-0.552086,0.310146,0.0,0.02828
esm2_t12_35M_UR50D,protein_G_B1,56,random,10,1,10,34,-0.24194,-0.431853,0.189912,0.0,0.02828
esm2_t12_35M_UR50D,protein_G_B1,56,random,20,0,20,56,-0.24194,-0.573438,0.331498,0.0,0.02828
esm2_t12_35M_UR50D,protein_G_B1,56,random,20,1,20,56,-0.24194,-0.604859,0.362918,0.0,0.02828
esm2_t12_35M_UR50D,protein_G_B1,56,In-class,2,0,2,4,-0.24194,-0.282864,0.040924,0.71429,0.02828
esm2_t12_35M_UR50D,protein_G_B1,56,In-class,2,1,2,4,-0.24194,-0.282864,0.040924,0.71429,0.02828
esm2_t12_35M_UR50D,protein_G_B1,56,In-class,6,0,6,19,-0.24194,-0.339052,0.097112,0.42857,0.02828
esm2_t12_35M_UR50D,protein_G_B1,56,In-class,6,1,6,20,-0.24194,-0.437098,0.195158,0.46429,0.02828
esm2_t12_35M_UR50D,protein_G_B1,56,In-class,10,0,10,35,-0.24194,-0.428086,0.186146,0.03571,0.02828
esm2_t12_35M_UR50D,protein_G_B1,56,In-class,10,1,10,29,-0.24194,-0.452453,0.210513,0.32143,0.02828
esm2_t12_35M_UR50D,protein_G_B1,56,In-class,20,0,15,46,-0.24194,-0.506196,0.264256,0.03571,0.02828
esm2_t12_35M_UR50D,protein_G_B1,56,In-class,20,1,15,46,-0.24194,-0.520966,0.279026,0.03571,0.02828
esm2_t12_35M_UR50D,ubiquitin,76,random,2,0,2,9,-0.16882,-0.204218,0.035399,0.92105,0.01827
esm2_t12_35M_UR50D,ubiquitin,76,random,2,1,2,9,-0.16882,-0.742801,0.573981,0.36842,0.01827
esm2_t12_35M_UR50D,ubiquitin,76,random,6,0,6,26,-0.16882,-0.578587,0.409767,0.15789,0.01827
esm2_t12_35M_UR50D,ubiquitin,76,random,6,1,6,27,-0.16882,-0.521753,0.352933,0.02632,0.01827
esm2_t12_35M_UR50D,ubiquitin,76,random,10,0,10,45,-0.16882,-0.525077,0.356257,0.02632,0.01827
esm2_t12_35M_UR50D,ubiquitin,76,random,10,1,10,45,-0.16882,-0.493055,0.324235,0.05263,0.01827
esm2_t12_35M_UR50D,ubiquitin,76,random,20,0,20,76,-0.16882,-0.585008,0.416188,0.02632,0.01827
esm2_t12_35M_UR50D,ubiquitin,76,random,20,1,20,76,-0.16882,-0.5697,0.400881,0.02632,0.01827
esm2_t12_35M_UR50D,ubiquitin,76,In-class,2,0,2,8,-0.16882,-0.260186,0.091366,0.89474,0.01827
esm2_t12_35M_UR50D,ubiquitin,76,In-class,2,1,2,8,-0.16882,-0.260186,0.091366,0.89474,0.01827
esm2_t12_35M_UR50D,ubiquitin,76,In-class,6,0,6,30,-0.16882,-0.295222,0.126402,0.86842,0.01827
esm2_t12_35M_UR50D,ubiquitin,76,In-class,6,1,6,23,-0.16882,-0.395672,0.226852,0.89474,0.01827
esm2_t12_35M_UR50D,ubiquitin,76,In-class,10,0,10,41,-0.16882,-0.335705,0.166885,0.84211,0.01827
esm2_t12_35M_UR50D,ubiquitin,76,In-class,10,1,10,51,-0.16882,-0.408528,0.239708,0.84211,0.01827
esm2_t12_35M_UR50D,ubiquitin,76,In-class,20,0,15,64,-0.16882,-0.438061,0.269241,0.81579,0.01827
esm2_t12_35M_UR50D,ubiquitin,76,In-class,20,1,15,64,-0.16882,-0.490137,0.321317,0.78947,0.01827
esm2_t30_150M_UR50D,PF00018|BOI2_YEAST,51,random,2,0,2,4,-0.226637,-0.39316,0.166523,0.52,0.03205
esm2_t30_150M_UR50D,PF00018|BOI2_YEAST,51,random,2,1,2,7,-0.226637,-0.565835,0.339198,0.4,0.03205
esm2_t30_150M_UR50D,PF00018|BOI2_YEAST,51,random,6,0,6,14,-0.226637,-0.566273,0.339636,0.04,0.03205
esm2_t30_150M_UR50D,PF00018|BOI2_YEAST,51,random,6,1,6,21,-0.226637,-0.58562,0.358983,0.12,0.03205
esm2_t30_150M_UR50D,PF00018|BOI2_YEAST,51,random,10,0,10,30,-0.226637,-0.455529,0.228891,0.36,0.03205
esm2_t30_150M_UR50D,PF00018|BOI2_YEAST,51,random,10,1,10,23,-0.226637,-0.555725,0.329088,0.16,0.03205
esm2_t30_150M_UR50D,PF00018|BOI2_YEAST,51,random,20,0,20,51,-0.226637,-0.551501,0.324864,0.04,0.03205
esm2_t30_150M_UR50D,PF00018|BOI2_YEAST,51,random,20,1,20,51,-0.226637,-0.599501,0.372864,0.12,0.03205
esm2_t30_150M_UR50D,PF00018|BOI2_YEAST,51,In-class,2,0,2,3,-0.226637,-0.336292,0.109655,0.96,0.03205
esm2_t30_150M_UR50D,PF00018|BOI2_YEAST,51,In-class,2,1,2,3,-0.226637,-0.336292,0.109655,0.96,0.03205
esm2_t30_150M_UR50D,PF00018|BOI2_YEAST,51,In-class,6,0,6,22,-0.226637,-0.427882,0.201245,0.84,0.03205
esm2_t30_150M_UR50D,PF00018|BOI2_YEAST,51,In-class,6,1,6,9,-0.226637,-0.375386,0.148749,0.92,0.03205
esm2_t30_150M_UR50D,PF00018|BOI2_YEAST,51,In-class,10,0,10,31,-0.226637,-0.468297,0.241659,0.64,0.03205
esm2_t30_150M_UR50D,PF00018|BOI2_YEAST,51,In-class,10,1,10,35,-0.226637,-0.478251,0.251614,0.48,0.03205
esm2_t30_150M_UR50D,PF00018|BOI2_YEAST,51,In-class,20,0,15,44,-0.226637,-0.461524,0.234887,0.76,0.03205
esm2_t30_150M_UR50D,PF00018|BOI2_YEAST,51,In-class,20,1,15,44,-0.226637,-0.449372,0.222735,0.76,0.03205
esm2_t30_150M_UR50D,cytochrome_c,104,random,2,0,2,15,-0.251869,-0.341535,0.089666,0.88462,0.01216
esm2_t30_150M_UR50D,cytochrome_c,104,random,2,1,2,13,-0.251869,-0.450621,0.198752,0.84615,0.01216
esm2_t30_150M_UR50D,cytochrome_c,104,random,6,0,6,40,-0.251869,-0.559606,0.307737,0.63462,0.01216
esm2_t30_150M_UR50D,cytochrome_c,104,random,6,1,6,39,-0.251869,-0.572743,0.320874,0.09615,0.01216
esm2_t30_150M_UR50D,cytochrome_c,104,random,10,0,10,53,-0.251869,-0.514031,0.262162,0.38462,0.01216
esm2_t30_150M_UR50D,cytochrome_c,104,random,10,1,10,53,-0.251869,-0.524908,0.273039,0.03846,0.01216
esm2_t30_150M_UR50D,cytochrome_c,104,random,20,0,20,104,-0.251869,-0.55153,0.299661,0.0,0.01216
esm2_t30_150M_UR50D,cytochrome_c,104,random,20,1,20,104,-0.251869,-0.579739,0.32787,0.0,0.01216
esm2_t30_150M_UR50D,cytochrome_c,104,In-class,2,0,2,7,-0.251869,-0.252601,0.000732,0.94231,0.01216
esm2_t30_150M_UR50D,cytochrome_c,104,In-class,2,1,2,7,-0.251869,-0.252601,0.000732,0.94231,0.01216
esm2_t30_150M_UR50D,cytochrome_c,104,In-class,6,0,6,29,-0.251869,-0.280074,0.028205,0.82692,0.01216
esm2_t30_150M_UR50D,cytochrome_c,104,In-class,6,1,6,22,-0.251869,-0.320217,0.068348,0.92308,0.01216
esm2_t30_150M_UR50D,cytochrome_c,104,In-class,10,0,10,53,-0.251869,-0.346206,0.094337,0.86538,0.01216
esm2_t30_150M_UR50D,cytochrome_c,104,In-class,10,1,10,58,-0.251869,-0.388396,0.136527,0.80769,0.01216
esm2_t30_150M_UR50D,cytochrome_c,104,In-class,20,0,15,76,-0.251869,-0.37525,0.123381,0.80769,0.01216
esm2_t30_150M_UR50D,cytochrome_c,104,In-class,20,1,15,76,-0.251869,-0.373644,0.121775,0.78846,0.01216
esm2_t30_150M_UR50D,protein_G_B1,56,random,2,0,2,4,-0.247473,-0.298887,0.051414,0.64286,0.02828
esm2_t30_150M_UR50D,protein_G_B1,56,random,2,1,2,4,-0.247473,-0.287642,0.040169,0.64286,0.02828
esm2_t30_150M_UR50D,protein_G_B1,56,random,6,0,6,23,-0.247473,-0.427709,0.180236,0.25,0.02828
esm2_t30_150M_UR50D,protein_G_B1,56,random,6,1,6,15,-0.247473,-0.502404,0.254931,0.14286,0.02828
esm2_t30_150M_UR50D,protein_G_B1,56,random,10,0,10,36,-0.247473,-0.553589,0.306116,0.03571,0.02828
esm2_t30_150M_UR50D,protein_G_B1,56,random,10,1,10,34,-0.247473,-0.427623,0.18015,0.03571,0.02828
esm2_t30_150M_UR50D,protein_G_B1,56,random,20,0,20,56,-0.247473,-0.557042,0.309569,0.0,0.02828
esm2_t30_150M_UR50D,protein_G_B1,56,random,20,1,20,56,-0.247473,-0.571371,0.323898,0.03571,0.02828
esm2_t30_150M_UR50D,protein_G_B1,56,In-class,2,0,2,4,-0.247473,-0.284361,0.036888,0.78571,0.02828
esm2_t30_150M_UR50D,protein_G_B1,56,In-class,2,1,2,4,-0.247473,-0.284361,0.036888,0.78571,0.02828
esm2_t30_150M_UR50D,protein_G_B1,56,In-class,6,0,6,19,-0.247473,-0.309944,0.062471,0.5,0.02828
esm2_t30_150M_UR50D,protein_G_B1,56,In-class,6,1,6,20,-0.247473,-0.419809,0.172336,0.53571,0.02828
esm2_t30_150M_UR50D,protein_G_B1,56,In-class,10,0,10,35,-0.247473,-0.394044,0.146571,0.14286,0.02828
esm2_t30_150M_UR50D,protein_G_B1,56,In-class,10,1,10,29,-0.247473,-0.467011,0.219538,0.39286,0.02828
esm2_t30_150M_UR50D,protein_G_B1,56,In-class,20,0,15,46,-0.247473,-0.503876,0.256403,0.0,0.02828
esm2_t30_150M_UR50D,protein_G_B1,56,In-class,20,1,15,46,-0.247473,-0.538109,0.290636,0.10714,0.02828
esm2_t30_150M_UR50D,ubiquitin,76,random,2,0,2,9,-0.108354,-0.188321,0.079967,0.92105,0.01827
esm2_t30_150M_UR50D,ubiquitin,76,random,2,1,2,9,-0.108354,-0.613744,0.50539,0.84211,0.01827
esm2_t30_150M_UR50D,ubiquitin,76,random,6,0,6,26,-0.108354,-0.520674,0.41232,0.44737,0.01827
esm2_t30_150M_UR50D,ubiquitin,76,random,6,1,6,27,-0.108354,-0.69793,0.589576,0.47368,0.01827
esm2_t30_150M_UR50D,ubiquitin,76,random,10,0,10,45,-0.108354,-0.551081,0.442728,0.18421,0.01827
esm2_t30_150M_UR50D,ubiquitin,76,random,10,1,10,45,-0.108354,-0.507695,0.399341,0.07895,0.01827
esm2_t30_150M_UR50D,ubiquitin,76,random,20,0,20,76,-0.108354,-0.566229,0.457875,0.02632,0.01827
esm2_t30_150M_UR50D,ubiquitin,76,random,20,1,20,76,-0.108354,-0.552184,0.44383,0.0,0.01827
esm2_t30_150M_UR50D,ubiquitin,76,In-class,2,0,2,8,-0.108354,-0.264055,0.155701,0.94737,0.01827
esm2_t30_150M_UR50D,ubiquitin,76,In-class,2,1,2,8,-0.108354,-0.264055,0.155701,0.94737,0.01827
esm2_t30_150M_UR50D,ubiquitin,76,In-class,6,0,6,30,-0.108354,-0.268337,0.159983,0.92105,0.01827
esm2_t30_150M_UR50D,ubiquitin,76,In-class,6,1,6,23,-0.108354,-0.372098,0.263744,0.89474,0.01827
esm2_t30_150M_UR50D,ubiquitin,76,In-class,10,0,10,41,-0.108354,-0.313654,0.2053,0.92105,0.01827
esm2_t30_150M_UR50D,ubiquitin,76,In-class,10,1,10,51,-0.108354,-0.378508,0.270155,0.86842,0.01827
esm2_t30_150M_UR50D,ubiquitin,76,In-class,20,0,15,64,-0.108354,-0.375988,0.267634,0.86842,0.01827
esm2_t30_150M_UR50D,ubiquitin,76,In-class,20,1,15,64,-0.108354,-0.399079,0.290725,0.89474,0.01827
esm2_t33_650M_UR50D,PF00018|BOI2_YEAST,51,random,2,0,2,4,-0.227754,-0.445537,0.217783,0.84,0.03205
esm2_t33_650M_UR50D,PF00018|BOI2_YEAST,51,random,2,1,2,7,-0.227754,-0.629807,0.402053,0.72,0.03205
esm2_t33_650M_UR50D,PF00018|BOI2_YEAST,51,random,6,0,6,14,-0.227754,-0.714869,0.487115,0.16,0.03205
esm2_t33_650M_UR50D,PF00018|BOI2_YEAST,51,random,6,1,6,21,-0.227754,-0.610122,0.382368,0.08,0.03205
esm2_t33_650M_UR50D,PF00018|BOI2_YEAST,51,random,10,0,10,30,-0.227754,-0.536432,0.308678,0.0,0.03205
esm2_t33_650M_UR50D,PF00018|BOI2_YEAST,51,random,10,1,10,23,-0.227754,-0.58174,0.353986,0.08,0.03205
esm2_t33_650M_UR50D,PF00018|BOI2_YEAST,51,random,20,0,20,51,-0.227754,-0.556028,0.328275,0.04,0.03205
esm2_t33_650M_UR50D,PF00018|BOI2_YEAST,51,random,20,1,20,51,-0.227754,-0.609475,0.381722,0.0,0.03205
esm2_t33_650M_UR50D,PF00018|BOI2_YEAST,51,In-class,2,0,2,3,-0.227754,-0.310288,0.082535,0.88,0.03205
esm2_t33_650M_UR50D,PF00018|BOI2_YEAST,51,In-class,2,1,2,3,-0.227754,-0.310288,0.082535,0.88,0.03205
esm2_t33_650M_UR50D,PF00018|BOI2_YEAST,51,In-class,6,0,6,22,-0.227754,-0.413313,0.185559,0.88,0.03205
esm2_t33_650M_UR50D,PF00018|BOI2_YEAST,51,In-class,6,1,6,9,-0.227754,-0.363636,0.135882,0.92,0.03205
esm2_t33_650M_UR50D,PF00018|BOI2_YEAST,51,In-class,10,0,10,31,-0.227754,-0.544801,0.317048,0.64,0.03205
esm2_t33_650M_UR50D,PF00018|BOI2_YEAST,51,In-class,10,1,10,35,-0.227754,-0.505977,0.278224,0.08,0.03205
esm2_t33_650M_UR50D,PF00018|BOI2_YEAST,51,In-class,20,0,15,44,-0.227754,-0.521718,0.293965,0.72,0.03205
esm2_t33_650M_UR50D,PF00018|BOI2_YEAST,51,In-class,20,1,15,44,-0.227754,-0.52114,0.293386,0.4,0.03205
esm2_t33_650M_UR50D,cytochrome_c,104,random,2,0,2,15,-0.211579,-0.37956,0.167981,0.80769,0.01216
esm2_t33_650M_UR50D,cytochrome_c,104,random,2,1,2,13,-0.211579,-0.442533,0.230954,0.78846,0.01216
esm2_t33_650M_UR50D,cytochrome_c,104,random,6,0,6,40,-0.211579,-0.604226,0.392647,0.67308,0.01216
esm2_t33_650M_UR50D,cytochrome_c,104,random,6,1,6,39,-0.211579,-0.598208,0.386629,0.30769,0.01216
esm2_t33_650M_UR50D,cytochrome_c,104,random,10,0,10,53,-0.211579,-0.621868,0.410288,0.65385,0.01216
esm2_t33_650M_UR50D,cytochrome_c,104,random,10,1,10,53,-0.211579,-0.537093,0.325514,0.0,0.01216
esm2_t33_650M_UR50D,cytochrome_c,104,random,20,0,20,104,-0.211579,-0.546575,0.334996,0.0,0.01216
esm2_t33_650M_UR50D,cytochrome_c,104,random,20,1,20,104,-0.211579,-0.577878,0.366298,0.0,0.01216
esm2_t33_650M_UR50D,cytochrome_c,104,In-class,2,0,2,7,-0.211579,-0.275879,0.0643,0.92308,0.01216
esm2_t33_650M_UR50D,cytochrome_c,104,In-class,2,1,2,7,-0.211579,-0.275879,0.0643,0.92308,0.01216
esm2_t33_650M_UR50D,cytochrome_c,104,In-class,6,0,6,29,-0.211579,-0.316779,0.1052,0.82692,0.01216
esm2_t33_650M_UR50D,cytochrome_c,104,In-class,6,1,6,22,-0.211579,-0.324923,0.113343,0.88462,0.01216
esm2_t33_650M_UR50D,cytochrome_c,104,In-class,10,0,10,53,-0.211579,-0.412496,0.200917,0.73077,0.01216
esm2_t33_650M_UR50D,cytochrome_c,104,In-class,10,1,10,58,-0.211579,-0.405529,0.19395,0.73077,0.01216
esm2_t33_650M_UR50D,cytochrome_c,104,In-class,20,0,15,76,-0.211579,-0.481511,0.269932,0.71154,0.01216
esm2_t33_650M_UR50D,cytochrome_c,104,In-class,20,1,15,76,-0.211579,-0.455753,0.244174,0.71154,0.01216
esm2_t33_650M_UR50D,protein_G_B1,56,random,2,0,2,4,-0.24104,-0.28496,0.043921,0.57143,0.02828
esm2_t33_650M_UR50D,protein_G_B1,56,random,2,1,2,4,-0.24104,-0.286775,0.045736,0.53571,0.02828
esm2_t33_650M_UR50D,protein_G_B1,56,random,6,0,6,23,-0.24104,-0.465192,0.224152,0.07143,0.02828
esm2_t33_650M_UR50D,protein_G_B1,56,random,6,1,6,15,-0.24104,-0.539412,0.298373,0.07143,0.02828
esm2_t33_650M_UR50D,protein_G_B1,56,random,10,0,10,36,-0.24104,-0.561622,0.320582,0.0,0.02828
esm2_t33_650M_UR50D,protein_G_B1,56,random,10,1,10,34,-0.24104,-0.435978,0.194938,0.03571,0.02828
esm2_t33_650M_UR50D,protein_G_B1,56,random,20,0,20,56,-0.24104,-0.558531,0.317491,0.03571,0.02828
esm2_t33_650M_UR50D,protein_G_B1,56,random,20,1,20,56,-0.24104,-0.578054,0.337014,0.03571,0.02828
esm2_t33_650M_UR50D,protein_G_B1,56,In-class,2,0,2,4,-0.24104,-0.27439,0.033351,0.64286,0.02828
esm2_t33_650M_UR50D,protein_G_B1,56,In-class,2,1,2,4,-0.24104,-0.27439,0.033351,0.64286,0.02828
esm2_t33_650M_UR50D,protein_G_B1,56,In-class,6,0,6,19,-0.24104,-0.359538,0.118499,0.42857,0.02828
esm2_t33_650M_UR50D,protein_G_B1,56,In-class,6,1,6,20,-0.24104,-0.426433,0.185393,0.57143,0.02828
esm2_t33_650M_UR50D,protein_G_B1,56,In-class,10,0,10,35,-0.24104,-0.412235,0.171196,0.14286,0.02828
esm2_t33_650M_UR50D,protein_G_B1,56,In-class,10,1,10,29,-0.24104,-0.470304,0.229264,0.32143,0.02828
esm2_t33_650M_UR50D,protein_G_B1,56,In-class,20,0,15,46,-0.24104,-0.514064,0.273024,0.07143,0.02828
esm2_t33_650M_UR50D,protein_G_B1,56,In-class,20,1,15,46,-0.24104,-0.58138,0.34034,0.10714,0.02828
esm2_t33_650M_UR50D,ubiquitin,76,random,2,0,2,9,-0.069024,-0.197911,0.128887,0.86842,0.01827
esm2_t33_650M_UR50D,ubiquitin,76,random,2,1,2,9,-0.069024,-0.495157,0.426133,0.81579,0.01827
esm2_t33_650M_UR50D,ubiquitin,76,random,6,0,6,26,-0.069024,-0.644636,0.575612,0.21053,0.01827
esm2_t33_650M_UR50D,ubiquitin,76,random,6,1,6,27,-0.069024,-0.844043,0.775019,0.60526,0.01827
esm2_t33_650M_UR50D,ubiquitin,76,random,10,0,10,45,-0.069024,-0.614544,0.54552,0.52632,0.01827
esm2_t33_650M_UR50D,ubiquitin,76,random,10,1,10,45,-0.069024,-0.532207,0.463182,0.02632,0.01827
esm2_t33_650M_UR50D,ubiquitin,76,random,20,0,20,76,-0.069024,-0.575778,0.506754,0.02632,0.01827
esm2_t33_650M_UR50D,ubiquitin,76,random,20,1,20,76,-0.069024,-0.571037,0.502013,0.0,0.01827
esm2_t33_650M_UR50D,ubiquitin,76,In-class,2,0,2,8,-0.069024,-0.252962,0.183938,0.86842,0.01827
esm2_t33_650M_UR50D,ubiquitin,76,In-class,2,1,2,8,-0.069024,-0.252962,0.183938,0.86842,0.01827
esm2_t33_650M_UR50D,ubiquitin,76,In-class,6,0,6,30,-0.069024,-0.262025,0.193001,0.78947,0.01827
esm2_t33_650M_UR50D,ubiquitin,76,In-class,6,1,6,23,-0.069024,-0.340033,0.271008,0.73684,0.01827
esm2_t33_650M_UR50D,ubiquitin,76,In-class,10,0,10,41,-0.069024,-0.293822,0.224797,0.71053,0.01827
esm2_t33_650M_UR50D,ubiquitin,76,In-class,10,1,10,51,-0.069024,-0.35367,0.284646,0.71053,0.01827
esm2_t33_650M_UR50D,ubiquitin,76,In-class,20,0,15,64,-0.069024,-0.3865,0.317476,0.63158,0.01827
esm2_t33_650M_UR50D,ubiquitin,76,In-class,20,1,15,64,-0.069024,-0.415558,0.346534,0.65789,0.01827
