protein,length,label,m_realized,cost_weighted,cost_unweighted,overlap,chance
ubiquitin,76,random_000,20,-1.17105,-0.8,0.60526,0.01827
ubiquitin,76,random_001,20,-1.42105,-0.75,0.60526,0.01827
ubiquitin,76,random_002,20,-1.31579,-0.9,0.57895,0.01827
ubiquitin,76,random_003,20,-1.18421,-0.75,0.10526,0.01827
ubiquitin,76,random_004,20,-1.43421,-0.65,0.52632,0.01827
ubiquitin,76,random_005,20,0.06579,0.6,0.0,0.01827
ubiquitin,76,random_006,20,-0.02632,0.45,0.05263,0.01827
ubiquitin,76,random_007,20,0.06579,0.95,0.07895,0.01827
ubiquitin,76,random_008,20,-0.21053,0.15,0.0,0.01827
ubiquitin,76,random_009,20,-0.23684,0.55,0.02632,0.01827
ubiquitin,76,random_010,20,0.44737,0.85,0.0,0.01827
ubiquitin,76,random_011,20,0.39474,0.8,0.0,0.01827
ubiquitin,76,random_012,20,0.18421,1.0,0.02632,0.01827
ubiquitin,76,random_013,20,0.44737,1.0,0.0,0.01827
ubiquitin,76,random_014,20,0.35526,1.0,0.02632,0.01827
ubiquitin,76,random_015,20,0.68421,0.65,0.02632,0.01827
ubiquitin,76,random_016,20,0.75,1.0,0.02632,0.01827
ubiquitin,76,random_017,20,0.78947,1.15,0.05263,0.01827
ubiquitin,76,random_018,20,0.81579,0.95,0.02632,0.01827
ubiquitin,76,random_019,20,0.77632,1.15,0.05263,0.01827
ubiquitin,76,random_020,20,0.90789,1.0,0.07895,0.01827
ubiquitin,76,random_021,20,1.0,1.15,0.0,0.01827
ubiquitin,76,random_022,20,1.17105,1.55,0.05263,0.01827
ubiquitin,76,random_023,20,0.85526,0.85,0.05263,0.01827
ubiquitin,76,random_024,20,1.07895,1.05,0.05263,0.01827
ubiquitin,76,random_025,20,1.44737,1.3,0.0,0.01827
ubiquitin,76,random_026,20,1.38158,1.5,0.05263,0.01827
ubiquitin,76,random_027,20,1.51316,1.5,0.0,0.01827
ubiquitin,76,random_028,20,1.52632,1.8,0.0,0.01827
ubiquitin,76,random_029,20,1.46053,1.45,0.10526,0.01827
ubiquitin,76,random_030,20,1.63158,1.6,0.0,0.01827
ubiquitin,76,random_031,20,1.65789,1.7,0.0,0.01827
ubiquitin,76,random_032,20,1.72368,1.8,0.02632,0.01827
ubiquitin,76,random_033,20,1.72368,1.55,0.07895,0.01827
ubiquitin,76,random_034,20,1.93421,1.85,0.02632,0.01827
ubiquitin,76,random_035,20,2.06579,1.8,0.0,0.01827
ubiquitin,76,random_036,20,2.06579,1.85,0.05263,0.01827
ubiquitin,76,random_037,20,2.10526,1.9,0.0,0.01827
ubiquitin,76,random_038,20,2.03947,1.8,0.02632,0.01827
ubiquitin,76,random_039,20,2.26316,2.0,0.0,0.01827
ubiquitin,76,random_040,20,2.39474,2.25,0.0,0.01827
ubiquitin,76,random_041,20,2.42105,2.0,0.0,0.01827
ubiquitin,76,random_042,20,2.47368,2.0,0.02632,0.01827
ubiquitin,76,random_043,20,2.97368,2.7,0.0,0.01827
ubiquitin,76,random_044,20,2.88158,2.55,0.02632,0.01827
ubiquitin,76,random_045,20,2.78947,2.55,0.02632,0.01827
ubiquitin,76,random_046,20,2.98684,2.65,0.0,0.01827
ubiquitin,76,random_047,20,2.92105,2.65,0.02632,0.01827
ubiquitin,76,In-class_s0,15,-2.32895,-2.9,0.63158,0.01827
ubiquitin,76,In-class_s1,15,-2.36842,-2.9,0.65789,0.01827
ubiquitin,76,Cross-class_s0,16,1.01316,0.45,0.0,0.01827
ubiquitin,76,Cross-class_s1,14,-0.38158,-0.7,0.0,0.01827
protein_G_B1,56,random_000,20,-1.26786,-0.6,0.03571,0.02828
protein_G_B1,56,random_001,20,-1.17857,-0.4,0.10714,0.02828
protein_G_B1,56,random_002,20,-1.25,-0.25,0.03571,0.02828
protein_G_B1,56,random_003,20,-1.41071,-0.6,0.03571,0.02828
protein_G_B1,56,random_004,20,-1.10714,-0.25,0.07143,0.02828
protein_G_B1,56,random_005,20,-0.96429,-0.75,0.03571,0.02828
protein_G_B1,56,random_006,20,-1.01786,-0.65,0.07143,0.02828
protein_G_B1,56,random_007,20,-0.32143,0.6,0.07143,0.02828
protein_G_B1,56,random_008,20,0.03571,0.75,0.07143,0.02828
protein_G_B1,56,random_009,20,-0.05357,0.15,0.03571,0.02828
protein_G_B1,56,random_010,20,-0.16071,0.65,0.10714,0.02828
protein_G_B1,56,random_011,20,-0.07143,0.15,0.03571,0.02828
protein_G_B1,56,random_012,20,-0.05357,0.6,0.03571,0.02828
protein_G_B1,56,random_013,20,0.21429,0.4,0.03571,0.02828
protein_G_B1,56,random_014,20,0.30357,0.85,0.14286,0.02828
protein_G_B1,56,random_015,20,0.16071,0.6,0.07143,0.02828
protein_G_B1,56,random_016,20,0.35714,0.65,0.03571,0.02828
protein_G_B1,56,random_017,20,0.16071,0.65,0.03571,0.02828
protein_G_B1,56,random_018,20,0.73214,1.35,0.07143,0.02828
protein_G_B1,56,random_019,20,0.76786,0.9,0.03571,0.02828
protein_G_B1,56,random_020,20,0.60714,1.15,0.10714,0.02828
protein_G_B1,56,random_021,20,0.58929,1.15,0.10714,0.02828
protein_G_B1,56,random_022,20,0.5,0.7,0.10714,0.02828
protein_G_B1,56,random_023,20,0.89286,1.1,0.10714,0.02828
protein_G_B1,56,random_024,20,0.80357,1.5,0.14286,0.02828
protein_G_B1,56,random_025,20,0.89286,1.05,0.07143,0.02828
protein_G_B1,56,random_026,20,1.125,1.45,0.03571,0.02828
protein_G_B1,56,random_027,20,1.125,1.15,0.03571,0.02828
protein_G_B1,56,random_028,20,1.23214,1.25,0.07143,0.02828
protein_G_B1,56,random_029,20,1.17857,1.45,0.07143,0.02828
protein_G_B1,56,random_030,20,1.28571,1.4,0.07143,0.02828
protein_G_B1,56,random_031,20,1.28571,1.6,0.03571,0.02828
protein_G_B1,56,random_032,20,1.35714,1.5,0.03571,0.02828
protein_G_B1,56,random_033,20,1.53571,1.5,0.03571,0.02828
protein_G_B1,56,random_034,20,1.71429,1.65,0.07143,0.02828
protein_G_B1,56,random_035,20,1.64286,1.4,0.10714,0.02828
protein_G_B1,56,random_036,20,1.53571,1.45,0.07143,0.02828
protein_G_B1,56,random_037,20,1.75,1.85,0.0,0.02828
protein_G_B1,56,random_038,20,2.08929,1.6,0.07143,0.02828
protein_G_B1,56,random_039,20,1.91071,1.95,0.10714,0.02828
protein_G_B1,56,random_040,20,1.89286,1.85,0.03571,0.02828
protein_G_B1,56,random_041,20,1.92857,1.6,0.07143,0.02828
protein_G_B1,56,random_042,20,2.07143,1.85,0.03571,0.02828
protein_G_B1,56,random_043,20,2.25,2.2,0.0,0.02828
protein_G_B1,56,random_044,20,2.33929,2.1,0.10714,0.02828
protein_G_B1,56,random_045,20,2.33929,1.8,0.0,0.02828
protein_G_B1,56,random_046,20,2.30357,2.0,0.07143,0.02828
protein_G_B1,56,random_047,20,2.58929,2.25,0.03571,0.02828
protein_G_B1,56,random_048,20,2.92857,2.4,0.03571,0.02828
protein_G_B1,56,random_049,20,2.85714,2.6,0.07143,0.02828
protein_G_B1,56,random_050,20,2.78571,2.3,0.03571,0.02828
protein_G_B1,56,random_051,20,2.91071,2.3,0.07143,0.02828
protein_G_B1,56,random_052,20,2.83929,2.2,0.03571,0.02828
protein_G_B1,56,In-class_s0,15,-2.23214,-2.9,0.07143,0.02828
protein_G_B1,56,In-class_s1,15,-2.125,-2.9,0.10714,0.02828
protein_G_B1,56,Cross-class_s0,16,0.94643,0.45,0.10714,0.02828
protein_G_B1,56,Cross-class_s1,14,-0.48214,-0.7,0.0,0.02828
