model,protein,length,regime,m,seed,overlap,spearman,chance
esm2_t6_8M_UR50D,PF00018|BOI2_YEAST,51,random,2,0,0.16,0.56792,0.03205
esm2_t6_8M_UR50D,PF00018|BOI2_YEAST,51,random,2,1,0.08,0.25342,0.03205
esm2_t6_8M_UR50D,PF00018|BOI2_YEAST,51,random,6,0,0.12,0.09973,0.03205
esm2_t6_8M_UR50D,PF00018|BOI2_YEAST,51,random,6,1,0.2,0.41459,0.03205
esm2_t6_8M_UR50D,PF00018|BOI2_YEAST,51,random,10,0,0.08,0.15961,0.03205
esm2_t6_8M_UR50D,PF00018|BOI2_YEAST,51,random,10,1,0.12,0.0827,0.03205
esm2_t6_8M_UR50D,PF00018|BOI2_YEAST,51,random,20,0,0.08,0.23395,0.03205
esm2_t6_8M_UR50D,PF00018|BOI2_YEAST,51,random,20,1,0.04,0.07945,0.03205
esm2_t6_8M_UR50D,PF00018|BOI2_YEAST,51,In-class,2,0,0.24,0.48938,0.03205
esm2_t6_8M_UR50D,PF00018|BOI2_YEAST,51,In-class,2,1,0.24,0.48938,0.03205
esm2_t6_8M_UR50D,PF00018|BOI2_YEAST,51,In-class,6,0,0.16,0.41933,0.03205
esm2_t6_8M_UR50D,PF00018|BOI2_YEAST,51,In-class,6,1,0.12,0.37091,0.03205
esm2_t6_8M_UR50D,PF00018|BOI2_YEAST,51,In-class,10,0,0.0,0.16959,0.03205
esm2_t6_8M_UR50D,PF00018|BOI2_YEAST,51,In-class,10,1,0.08,-0.05022,0.03205
esm2_t6_8M_UR50D,PF00018|BOI2_YEAST,51,In-class,20,0,0.12,0.11538,0.03205
esm2_t6_8M_UR50D,PF00018|BOI2_YEAST,51,In-class,20,1,0.04,0.13908,0.03205
esm2_t6_8M_UR50D,cytochrome_c,104,random,2,0,0.34615,0.80083,0.01216
esm2_t6_8M_UR50D,cytochrome_c,104,random,2,1,0.51923,0.8533,0.01216
esm2_t6_8M_UR50D,cytochrome_c,104,random,6,0,0.0,0.22781,0.01216
esm2_t6_8M_UR50D,cytochrome_c,104,random,6,1,0.09615,0.49813,0.01216
esm2_t6_8M_UR50D,cytochrome_c,104,random,10,0,0.23077,0.72608,0.01216
esm2_t6_8M_UR50D,cytochrome_c,104,random,10,1,0.0,0.30036,0.01216
esm2_t6_8M_UR50D,cytochrome_c,104,random,20,0,0.0,0.1208,0.01216
esm2_t6_8M_UR50D,cytochrome_c,104,random,20,1,0.01923,0.13283,0.01216
esm2_t6_8M_UR50D,cytochrome_c,104,In-class,2,0,0.78846,0.95831,0.01216
esm2_t6_8M_UR50D,cytochrome_c,104,In-class,2,1,0.78846,0.95831,0.01216
esm2_t6_8M_UR50D,cytochrome_c,104,In-class,6,0,0.63462,0.90514,0.01216
esm2_t6_8M_UR50D,cytochrome_c,104,In-class,6,1,0.61538,0.92427,0.01216
esm2_t6_8M_UR50D,cytochrome_c,104,In-class,10,0,0.5,0.79498,0.01216
esm2_t6_8M_UR50D,cytochrome_c,104,In-class,10,1,0.28846,0.73574,0.01216
esm2_t6_8M_UR50D,cytochrome_c,104,In-class,20,0,0.26923,0.71178,0.01216
esm2_t6_8M_UR50D,cytochrome_c,104,In-class,20,1,0.42308,0.78341,0.01216
esm2_t6_8M_UR50D,protein_G_B1,56,random,2,0,0.75,0.90316,0.02828
esm2_t6_8M_UR50D,protein_G_B1,56,random,2,1,0.64286,0.84195,0.02828
esm2_t6_8M_UR50D,protein_G_B1,56,random,6,0,0.28571,0.56318,0.02828
esm2_t6_8M_UR50D,protein_G_B1,56,random,6,1,0.35714,0.53172,0.02828
esm2_t6_8M_UR50D,protein_G_B1,56,random,10,0,0.17857,0.23452,0.02828
esm2_t6_8M_UR50D,protein_G_B1,56,random,10,1,0.03571,0.11857,0.02828
esm2_t6_8M_UR50D,protein_G_B1,56,random,20,0,0.0,0.1974,0.02828
esm2_t6_8M_UR50D,protein_G_B1,56,random,20,1,0.03571,0.09659,0.02828
esm2_t6_8M_UR50D,protein_G_B1,56,In-class,2,0,0.78571,0.93984,0.02828
esm2_t6_8M_UR50D,protein_G_B1,56,In-class,2,1,0.78571,0.93984,0.02828
esm2_t6_8M_UR50D,protein_G_B1,56,In-class,6,0,0.75,0.76258,0.02828
esm2_t6_8M_UR50D,protein_G_B1,56,In-class,6,1,0.39286,0.52511,0.02828
esm2_t6_8M_UR50D,protein_G_B1,56,In-class,10,0,0.10714,0.32989,0.02828
esm2_t6_8M_UR50D,protein_G_B1,56,In-class,10,1,0.60714,0.69311,0.02828
esm2_t6_8M_UR50D,protein_G_B1,56,In-class,20,0,0.03571,0.21225,0.02828
esm2_t6_8M_UR50D,protein_G_B1,56,In-class,20,1,0.25,0.2535,0.02828
esm2_t6_8M_UR50D,ubiquitin,76,random,2,0,0.36842,0.60945,0.01827
esm2_t6_8M_UR50D,ubiquitin,76,random,2,1,0.13158,0.33159,0.01827
esm2_t6_8M_UR50D,ubiquitin,76,random,6,0,0.15789,0.2797,0.01827
esm2_t6_8M_UR50D,ubiquitin,76,random,6,1,0.15789,0.2761,0.01827
esm2_t6_8M_UR50D,ubiquitin,76,random,10,0,0.23684,0.23602,0.01827
esm2_t6_8M_UR50D,ubiquitin,76,random,10,1,0.26316,0.35456,0.01827
esm2_t6_8M_UR50D,ubiquitin,76,random,20,0,0.15789,0.27974,0.01827
esm2_t6_8M_UR50D,ubiquitin,76,random,20,1,0.0,0.27353,0.01827
esm2_t6_8M_UR50D,ubiquitin,76,In-class,2,0,0.55263,0.81647,0.01827
esm2_t6_8M_UR50D,ubiquitin,76,In-class,2,1,0.55263,0.81647,0.01827
esm2_t6_8M_UR50D,ubiquitin,76,In-class,6,0,0.52632,0.77673,0.01827
esm2_t6_8M_UR50D,ubiquitin,76,In-class,6,1,0.26316,0.55372,0.01827
esm2_t6_8M_UR50D,ubiquitin,76,In-class,10,0,0.44737,0.66041,0.01827
esm2_t6_8M_UR50D,ubiquitin,76,In-class,10,1,0.31579,0.55301,0.01827
esm2_t6_8M_UR50D,ubiquitin,76,In-class,20,0,0.21053,0.31117,0.01827
esm2_t6_8M_UR50D,ubiquitin,76,In-class,20,1,0.34211,0.4933,0.01827
esm2_t12_35M_UR50D,PF00018|BOI2_YEAST,51,random,2,0,0.12,0.05118,0.03205
esm2_t12_35M_UR50D,PF00018|BOI2_YEAST,51,random,2,1,0.08,0.12739,0.03205
esm2_t12_35M_UR50D,PF00018|BOI2_YEAST,51,random,6,0,0.04,0.0858,0.03205
esm2_t12_35M_UR50D,PF00018|BOI2_YEAST,51,random,6,1,0.08,0.15455,0.03205
esm2_t12_35M_UR50D,PF00018|BOI2_YEAST,51,random,10,0,0.0,-0.00459,0.03205
esm2_t12_35M_UR50D,PF00018|BOI2_YEAST,51,random,10,1,0.08,0.2351,0.03205
esm2_t12_35M_UR50D,PF00018|BOI2_YEAST,51,random,20,0,0.08,0.06749,0.03205
esm2_t12_35M_UR50D,PF00018|BOI2_YEAST,51,random,20,1,0.08,0.26069,0.03205
esm2_t12_35M_UR50D,PF00018|BOI2_YEAST,51,In-class,2,0,0.88,0.91703,0.03205
esm2_t12_35M_UR50D,PF00018|BOI2_YEAST,51,In-class,2,1,0.88,0.91703,0.03205
esm2_t12_35M_UR50D,PF00018|BOI2_YEAST,51,In-class,6,0,0.76,0.71927,0.03205
esm2_t12_35M_UR50D,PF00018|BOI2_YEAST,51,In-class,6,1,0.8,0.85802,0.03205
esm2_t12_35M_UR50D,PF00018|BOI2_YEAST,51,In-class,10,0,0.0,0.1241,0.03205
esm2_t12_35M_UR50D,PF00018|BOI2_YEAST,51,In-class,10,1,0.12,0.18786,0.03205
esm2_t12_35M_UR50D,PF00018|BOI2_YEAST,51,In-class,20,0,0.0,-0.09625,0.03205
esm2_t12_35M_UR50D,PF00018|BOI2_YEAST,51,In-class,20,1,0.24,0.33211,0.03205
esm2_t12_35M_UR50D,cytochrome_c,104,random,2,0,0.67308,0.81628,0.01216
esm2_t12_35M_UR50D,cytochrome_c,104,random,2,1,0.71154,0.83837,0.01216
esm2_t12_35M_UR50D,cytochrome_c,104,random,6,0,0.46154,0.62809,0.01216
esm2_t12_35M_UR50D,cytochrome_c,104,random,6,1,0.0,0.11251,0.01216
esm2_t12_35M_UR50D,cytochrome_c,104,random,10,0,0.44231,0.63803,0.01216
esm2_t12_35M_UR50D,cytochrome_c,104,random,10,1,0.0,0.1643,0.01216
esm2_t12_35M_UR50D,cytochrome_c,104,random,20,0,0.0,0.06093,0.01216
esm2_t12_35M_UR50D,cytochrome_c,104,random,20,1,0.0,0.07298,0.01216
esm2_t12_35M_UR50D,cytochrome_c,104,In-class,2,0,0.92308,0.9736,0.01216
esm2_t12_35M_UR50D,cytochrome_c,104,In-class,2,1,0.92308,0.9736,0.01216
esm2_t12_35M_UR50D,cytochrome_c,104,In-class,6,0,0.71154,0.90706,0.01216
esm2_t12_35M_UR50D,cytochrome_c,104,In-class,6,1,0.84615,0.94816,0.01216
esm2_t12_35M_UR50D,cytochrome_c,104,In-class,10,0,0.63462,0.8155,0.01216
esm2_t12_35M_UR50D,cytochrome_c,104,In-class,10,1,0.59615,0.78216,0.01216
esm2_t12_35M_UR50D,cytochrome_c,104,In-class,20,0,0.48077,0.67331,0.01216
esm2_t12_35M_UR50D,cytochrome_c,104,In-class,20,1,0.53846,0.7154,0.01216
esm2_t12_35M_UR50D,protein_G_B1,56,random,2,0,0.71429,0.89519,0.02828
esm2_t12_35M_UR50D,protein_G_B1,56,random,2,1,0.71429,0.80253,0.02828
esm2_t12_35M_UR50D,protein_G_B1,56,random,6,0,0.10714,0.49908,0.02828
esm2_t12_35M_UR50D,protein_G_B1,56,random,6,1,0.07143,0.28052,0.02828
esm2_t12_35M_UR50D,protein_G_B1,56,random,10,0,0.0,0.07843,0.02828
esm2_t12_35M_UR50D,protein_G_B1,56,random,10,1,0.0,0.03431,0.02828
esm2_t12_35M_UR50D,protein_G_B1,56,random,20,0,0.0,0.11791,0.02828
esm2_t12_35M_UR50D,protein_G_B1,56,random,20,1,0.0,-0.02753,0.02828
esm2_t12_35M_UR50D,protein_G_B1,56,In-class,2,0,0.71429,0.88657,0.02828
esm2_t12_35M_UR50D,protein_G_B1,56,In-class,2,1,0.71429,0.88657,0.02828
esm2_t12_35M_UR50D,protein_G_B1,56,In-class,6,0,0.42857,0.6089,0.02828
esm2_t12_35M_UR50D,protein_G_B1,56,In-class,6,1,0.46429,0.64154,0.02828
esm2_t12_35M_UR50D,protein_G_B1,56,In-class,10,0,0.03571,0.3641,0.02828
esm2_t12_35M_UR50D,protein_G_B1,56,In-class,10,1,0.32143,0.51083,0.02828
esm2_t12_35M_UR50D,protein_G_B1,56,In-class,20,0,0.03571,0.09092,0.02828
esm2_t12_35M_UR50D,protein_G_B1,56,In-class,20,1,0.03571,0.24855,0.02828
esm2_t12_35M_UR50D,ubiquitin,76,random,2,0,0.92105,0.81127,0.01827
esm2_t12_35M_UR50D,ubiquitin,76,random,2,1,0.36842,0.44727,0.01827
esm2_t12_35M_UR50D,ubiquitin,76,random,6,0,0.15789,0.32586,0.01827
esm2_t12_35M_UR50D,ubiquitin,76,random,6,1,0.02632,0.08279,0.01827
esm2_t12_35M_UR50D,ubiquitin,76,random,10,0,0.02632,0.1608,0.01827
esm2_t12_35M_UR50D,ubiquitin,76,random,10,1,0.05263,0.22642,0.01827
esm2_t12_35M_UR50D,ubiquitin,76,random,20,0,0.02632,0.25591,0.01827
esm2_t12_35M_UR50D,ubiquitin,76,random,20,1,0.02632,0.19965,0.01827
esm2_t12_35M_UR50D,ubiquitin,76,In-class,2,0,0.89474,0.90492,0.01827
esm2_t12_35M_UR50D,ubiquitin,76,In-class,2,1,0.89474,0.90492,0.01827
esm2_t12_35M_UR50D,ubiquitin,76,In-class,6,0,0.86842,0.82447,0.01827
esm2_t12_35M_UR50D,ubiquitin,76,In-class,6,1,0.89474,0.82085,0.01827
esm2_t12_35M_UR50D,ubiquitin,76,In-class,10,0,0.84211,0.84942,0.01827
esm2_t12_35M_UR50D,ubiquitin,76,In-class,10,1,0.84211,0.75271,0.01827
esm2_t12_35M_UR50D,ubiquitin,76,In-class,20,0,0.81579,0.66833,0.01827
esm2_t12_35M_UR50D,ubiquitin,76,In-class,20,1,0.78947,0.73914,0.01827
esm2_t30_150M_UR50D,PF00018|BOI2_YEAST,51,random,2,0,0.52,0.58072,0.03205
esm2_t30_150M_UR50D,PF00018|BOI2_YEAST,51,random,2,1,0.4,0.30665,0.03205
esm2_t30_150M_UR50D,PF00018|BOI2_YEAST,51,random,6,0,0.04,0.06896,0.03205
esm2_t30_150M_UR50D,PF00018|BOI2_YEAST,51,random,6,1,0.12,0.0547,0.03205
esm2_t30_150M_UR50D,PF00018|BOI2_YEAST,51,random,10,0,0.36,0.29278,0.03205
esm2_t30_150M_UR50D,PF00018|BOI2_YEAST,51,random,10,1,0.16,0.08894,0.03205
esm2_t30_150M_UR50D,PF00018|BOI2_YEAST,51,random,20,0,0.04,0.08345,0.03205
esm2_t30_150M_UR50D,PF00018|BOI2_YEAST,51,random,20,1,0.12,0.11956,0.03205
esm2_t30_150M_UR50D,PF00018|BOI2_YEAST,51,In-class,2,0,0.96,0.94691,0.03205
esm2_t30_150M_UR50D,PF00018|BOI2_YEAST,51,In-class,2,1,0.96,0.94691,0.03205
esm2_t30_150M_UR50D,PF00018|BOI2_YEAST,51,In-class,6,0,0.84,0.7821,0.03205
esm2_t30_150M_UR50D,PF00018|BOI2_YEAST,51,In-class,6,1,0.92,0.90751,0.03205
esm2_t30_150M_UR50D,PF00018|BOI2_YEAST,51,In-class,10,0,0.64,0.55562,0.03205
esm2_t30_150M_UR50D,PF00018|BOI2_YEAST,51,In-class,10,1,0.48,0.23949,0.03205
esm2_t30_150M_UR50D,PF00018|BOI2_YEAST,51,In-class,20,0,0.76,0.68251,0.03205
esm2_t30_150M_UR50D,PF00018|BOI2_YEAST,51,In-class,20,1,0.76,0.69988,0.03205
esm2_t30_150M_UR50D,cytochrome_c,104,random,2,0,0.88462,0.91157,0.01216
esm2_t30_150M_UR50D,cytochrome_c,104,random,2,1,0.84615,0.9168,0.01216
esm2_t30_150M_UR50D,cytochrome_c,104,random,6,0,0.63462,0.66556,0.01216
esm2_t30_150M_UR50D,cytochrome_c,104,random,6,1,0.09615,0.28587,0.01216
esm2_t30_150M_UR50D,cytochrome_c,104,random,10,0,0.38462,0.75927,0.01216
esm2_t30_150M_UR50D,cytochrome_c,104,random,10,1,0.03846,0.10949,0.01216
esm2_t30_150M_UR50D,cytochrome_c,104,random,20,0,0.0,0.09295,0.01216
esm2_t30_150M_UR50D,cytochrome_c,104,random,20,1,0.0,0.06785,0.01216
esm2_t30_150M_UR50D,cytochrome_c,104,In-class,2,0,0.94231,0.98846,0.01216
esm2_t30_150M_UR50D,cytochrome_c,104,In-class,2,1,0.94231,0.98846,0.01216
esm2_t30_150M_UR50D,cytochrome_c,104,In-class,6,0,0.82692,0.94963,0.01216
esm2_t30_150M_UR50D,cytochrome_c,104,In-class,6,1,0.92308,0.96998,0.01216
esm2_t30_150M_UR50D,cytochrome_c,104,In-class,10,0,0.86538,0.90657,0.01216
esm2_t30_150M_UR50D,cytochrome_c,104,In-class,10,1,0.80769,0.87617,0.01216
esm2_t30_150M_UR50D,cytochrome_c,104,In-class,20,0,0.80769,0.85273,0.01216
esm2_t30_150M_UR50D,cytochrome_c,104,In-class,20,1,0.78846,0.88839,0.01216
esm2_t30_150M_UR50D,protein_G_B1,56,random,2,0,0.64286,0.81402,0.02828
esm2_t30_150M_UR50D,protein_G_B1,56,random,2,1,0.64286,0.77329,0.02828
esm2_t30_150M_UR50D,protein_G_B1,56,random,6,0,0.25,0.54106,0.02828
esm2_t30_150M_UR50D,protein_G_B1,56,random,6,1,0.14286,0.35014,0.02828
esm2_t30_150M_UR50D,protein_G_B1,56,random,10,0,0.03571,0.04504,0.02828
esm2_t30_150M_UR50D,protein_G_B1,56,random,10,1,0.03571,0.07995,0.02828
esm2_t30_150M_UR50D,protein_G_B1,56,random,20,0,0.0,0.0279,0.02828
esm2_t30_150M_UR50D,protein_G_B1,56,random,20,1,0.03571,-0.05841,0.02828
esm2_t30_150M_UR50D,protein_G_B1,56,In-class,2,0,0.78571,0.91139,0.02828
esm2_t30_150M_UR50D,protein_G_B1,56,In-class,2,1,0.78571,0.91139,0.02828
esm2_t30_150M_UR50D,protein_G_B1,56,In-class,6,0,0.5,0.68723,0.02828
esm2_t30_150M_UR50D,protein_G_B1,56,In-class,6,1,0.53571,0.63824,0.02828
esm2_t30_150M_UR50D,protein_G_B1,56,In-class,10,0,0.14286,0.33052,0.02828
esm2_t30_150M_UR50D,protein_G_B1,56,In-class,10,1,0.39286,0.69072,0.02828
esm2_t30_150M_UR50D,protein_G_B1,56,In-class,20,0,0.0,0.15884,0.02828
esm2_t30_150M_UR50D,protein_G_B1,56,In-class,20,1,0.10714,0.22936,0.02828
esm2_t30_150M_UR50D,ubiquitin,76,random,2,0,0.92105,0.94577,0.01827
esm2_t30_150M_UR50D,ubiquitin,76,random,2,1,0.84211,0.74319,0.01827
esm2_t30_150M_UR50D,ubiquitin,76,random,6,0,0.44737,0.53661,0.01827
esm2_t30_150M_UR50D,ubiquitin,76,random,6,1,0.47368,0.44828,0.01827
esm2_t30_150M_UR50D,ubiquitin,76,random,10,0,0.18421,0.3864,0.01827
esm2_t30_150M_UR50D,ubiquitin,76,random,10,1,0.07895,0.10606,0.01827
esm2_t30_150M_UR50D,ubiquitin,76,random,20,0,0.02632,0.14683,0.01827
esm2_t30_150M_UR50D,ubiquitin,76,random,20,1,0.0,0.14484,0.01827
esm2_t30_150M_UR50D,ubiquitin,76,In-class,2,0,0.94737,0.97423,0.01827
esm2_t30_150M_UR50D,ubiquitin,76,In-class,2,1,0.94737,0.97423,0.01827
esm2_t30_150M_UR50D,ubiquitin,76,In-class,6,0,0.92105,0.95197,0.01827
esm2_t30_150M_UR50D,ubiquitin,76,In-class,6,1,0.89474,0.90493,0.01827
esm2_t30_150M_UR50D,ubiquitin,76,In-class,10,0,0.92105,0.91929,0.01827
esm2_t30_150M_UR50D,ubiquitin,76,In-class,10,1,0.86842,0.84952,0.01827
esm2_t30_150M_UR50D,ubiquitin,76,In-class,20,0,0.86842,0.83496,0.01827
esm2_t30_150M_UR50D,ubiquitin,76,In-class,20,1,0.89474,0.83168,0.01827
esm2_t33_650M_UR50D,PF00018|BOI2_YEAST,51,random,2,0,0.84,0.86198,0.03205
esm2_t33_650M_UR50D,PF00018|BOI2_YEAST,51,random,2,1,0.72,0.57157,0.03205
esm2_t33_650M_UR50D,PF00018|BOI2_YEAST,51,random,6,0,0.16,-0.01098,0.03205
esm2_t33_650M_UR50D,PF00018|BOI2_YEAST,51,random,6,1,0.08,0.10781,0.03205
esm2_t33_650M_UR50D,PF00018|BOI2_YEAST,51,random,10,0,0.0,0.11159,0.03205
esm2_t33_650M_UR50D,PF00018|BOI2_YEAST,51,random,10,1,0.08,0.05955,0.03205
esm2_t33_650M_UR50D,PF00018|BOI2_YEAST,51,random,20,0,0.04,0.00436,0.03205
esm2_t33_650M_UR50D,PF00018|BOI2_YEAST,51,random,20,1,0.0,0.10258,0.03205
esm2_t33_650M_UR50D,PF00018|BOI2_YEAST,51,In-class,2,0,0.88,0.942,0.03205
esm2_t33_650M_UR50D,PF00018|BOI2_YEAST,51,In-class,2,1,0.88,0.942,0.03205
esm2_t33_650M_UR50D,PF00018|BOI2_YEAST,51,In-class,6,0,0.88,0.84805,0.03205
esm2_t33_650M_UR50D,PF00018|BOI2_YEAST,51,In-class,6,1,0.92,0.90988,0.03205
esm2_t33_650M_UR50D,PF00018|BOI2_YEAST,51,In-class,10,0,0.64,0.54317,0.03205
esm2_t33_650M_UR50D,PF00018|BOI2_YEAST,51,In-class,10,1,0.08,0.0742,0.03205
esm2_t33_650M_UR50D,PF00018|BOI2_YEAST,51,In-class,20,0,0.72,0.65405,0.03205
esm2_t33_650M_UR50D,PF00018|BOI2_YEAST,51,In-class,20,1,0.4,0.41829,0.03205
esm2_t33_650M_UR50D,cytochrome_c,104,random,2,0,0.80769,0.87807,0.01216
esm2_t33_650M_UR50D,cytochrome_c,104,random,2,1,0.78846,0.92888,0.01216
esm2_t33_650M_UR50D,cytochrome_c,104,random,6,0,0.67308,0.72601,0.01216
esm2_t33_650M_UR50D,cytochrome_c,104,random,6,1,0.30769,0.47579,0.01216
esm2_t33_650M_UR50D,cytochrome_c,104,random,10,0,0.65385,0.72565,0.01216
esm2_t33_650M_UR50D,cytochrome_c,104,random,10,1,0.0,0.06341,0.01216
esm2_t33_650M_UR50D,cytochrome_c,104,random,20,0,0.0,0.07259,0.01216
esm2_t33_650M_UR50D,cytochrome_c,104,random,20,1,0.0,0.04937,0.01216
esm2_t33_650M_UR50D,cytochrome_c,104,In-class,2,0,0.92308,0.98399,0.01216
esm2_t33_650M_UR50D,cytochrome_c,104,In-class,2,1,0.92308,0.98399,0.01216
esm2_t33_650M_UR50D,cytochrome_c,104,In-class,6,0,0.82692,0.93954,0.01216
esm2_t33_650M_UR50D,cytochrome_c,104,In-class,6,1,0.88462,0.96284,0.01216
esm2_t33_650M_UR50D,cytochrome_c,104,In-class,10,0,0.73077,0.84808,0.01216
esm2_t33_650M_UR50D,cytochrome_c,104,In-class,10,1,0.73077,0.86768,0.01216
esm2_t33_650M_UR50D,cytochrome_c,104,In-class,20,0,0.71154,0.82819,0.01216
esm2_t33_650M_UR50D,cytochrome_c,104,In-class,20,1,0.71154,0.84591,0.01216
esm2_t33_650M_UR50D,protein_G_B1,56,random,2,0,0.57143,0.82122,0.02828
esm2_t33_650M_UR50D,protein_G_B1,56,random,2,1,0.53571,0.7972,0.02828
esm2_t33_650M_UR50D,protein_G_B1,56,random,6,0,0.07143,0.43902,0.02828
esm2_t33_650M_UR50D,protein_G_B1,56,random,6,1,0.07143,0.37901,0.02828
esm2_t33_650M_UR50D,protein_G_B1,56,random,10,0,0.0,0.082,0.02828
esm2_t33_650M_UR50D,protein_G_B1,56,random,10,1,0.03571,0.11563,0.02828
esm2_t33_650M_UR50D,protein_G_B1,56,random,20,0,0.03571,0.01759,0.02828
esm2_t33_650M_UR50D,protein_G_B1,56,random,20,1,0.03571,0.06104,0.02828
esm2_t33_650M_UR50D,protein_G_B1,56,In-class,2,0,0.64286,0.84771,0.02828
esm2_t33_650M_UR50D,protein_G_B1,56,In-class,2,1,0.64286,0.84771,0.02828
esm2_t33_650M_UR50D,protein_G_B1,56,In-class,6,0,0.42857,0.68854,0.02828
esm2_t33_650M_UR50D,protein_G_B1,56,In-class,6,1,0.57143,0.80661,0.02828
esm2_t33_650M_UR50D,protein_G_B1,56,In-class,10,0,0.14286,0.4082,0.02828
esm2_t33_650M_UR50D,protein_G_B1,56,In-class,10,1,0.32143,0.65341,0.02828
esm2_t33_650M_UR50D,protein_G_B1,56,In-class,20,0,0.07143,0.30828,0.02828
esm2_t33_650M_UR50D,protein_G_B1,56,In-class,20,1,0.10714,0.20778,0.02828
esm2_t33_650M_UR50D,ubiquitin,76,random,2,0,0.86842,0.92346,0.01827
esm2_t33_650M_UR50D,ubiquitin,76,random,2,1,0.81579,0.79388,0.01827
esm2_t33_650M_UR50D,ubiquitin,76,random,6,0,0.21053,0.37101,0.01827
esm2_t33_650M_UR50D,ubiquitin,76,random,6,1,0.60526,0.5322,0.01827
esm2_t33_650M_UR50D,ubiquitin,76,random,10,0,0.52632,0.50233,0.01827
esm2_t33_650M_UR50D,ubiquitin,76,random,10,1,0.02632,0.24998,0.01827
esm2_t33_650M_UR50D,ubiquitin,76,random,20,0,0.02632,0.20867,0.01827
esm2_t33_650M_UR50D,ubiquitin,76,random,20,1,0.0,0.20212,0.01827
esm2_t33_650M_UR50D,ubiquitin,76,In-class,2,0,0.86842,0.93623,0.01827
esm2_t33_650M_UR50D,ubiquitin,76,In-class,2,1,0.86842,0.93623,0.01827
esm2_t33_650M_UR50D,ubiquitin,76,In-class,6,0,0.78947,0.87907,0.01827
esm2_t33_650M_UR50D,ubiquitin,76,In-class,6,1,0.73684,0.85223,0.01827
esm2_t33_650M_UR50D,ubiquitin,76,In-class,10,0,0.71053,0.81998,0.01827
esm2_t33_650M_UR50D,ubiquitin,76,In-class,10,1,0.71053,0.7964,0.01827
esm2_t33_650M_UR50D,ubiquitin,76,In-class,20,0,0.63158,0.74573,0.01827
esm2_t33_650M_UR50D,ubiquitin,76,In-class,20,1,0.65789,0.76682,0.01827
esm2_t36_3B_UR50D,PF00018|BOI2_YEAST,51,random,2,0,0.88,0.81946,0.03205
esm2_t36_3B_UR50D,PF00018|BOI2_YEAST,51,random,2,1,0.6,0.51129,0.03205
esm2_t36_3B_UR50D,PF00018|BOI2_YEAST,51,random,6,0,0.12,0.14079,0.03205
esm2_t36_3B_UR50D,PF00018|BOI2_YEAST,51,random,6,1,0.04,-0.07249,0.03205
esm2_t36_3B_UR50D,PF00018|BOI2_YEAST,51,random,10,0,0.16,0.15983,0.03205
esm2_t36_3B_UR50D,PF00018|BOI2_YEAST,51,random,10,1,0.12,0.00538,0.03205
esm2_t36_3B_UR50D,PF00018|BOI2_YEAST,51,random,20,0,0.04,0.05783,0.03205
esm2_t36_3B_UR50D,PF00018|BOI2_YEAST,51,random,20,1,0.08,0.06413,0.03205
esm2_t36_3B_UR50D,PF00018|BOI2_YEAST,51,In-class,2,0,0.88,0.94228,0.03205
esm2_t36_3B_UR50D,PF00018|BOI2_YEAST,51,In-class,2,1,0.88,0.94228,0.03205
esm2_t36_3B_UR50D,PF00018|BOI2_YEAST,51,In-class,6,0,0.72,0.70435,0.03205
esm2_t36_3B_UR50D,PF00018|BOI2_YEAST,51,In-class,6,1,0.76,0.88539,0.03205
esm2_t36_3B_UR50D,PF00018|BOI2_YEAST,51,In-class,10,0,0.76,0.47458,0.03205
esm2_t36_3B_UR50D,PF00018|BOI2_YEAST,51,In-class,10,1,0.44,0.21793,0.03205
esm2_t36_3B_UR50D,PF00018|BOI2_YEAST,51,In-class,20,0,0.72,0.65052,0.03205
esm2_t36_3B_UR50D,PF00018|BOI2_YEAST,51,In-class,20,1,0.6,0.50827,0.03205
esm2_t36_3B_UR50D,cytochrome_c,104,random,2,0,0.84615,0.86769,0.01216
esm2_t36_3B_UR50D,cytochrome_c,104,random,2,1,0.82692,0.92003,0.01216
esm2_t36_3B_UR50D,cytochrome_c,104,random,6,0,0.65385,0.76766,0.01216
esm2_t36_3B_UR50D,cytochrome_c,104,random,6,1,0.57692,0.52542,0.01216
esm2_t36_3B_UR50D,cytochrome_c,104,random,10,0,0.65385,0.6695,0.01216
esm2_t36_3B_UR50D,cytochrome_c,104,random,10,1,0.0,0.08864,0.01216
esm2_t36_3B_UR50D,cytochrome_c,104,random,20,0,0.0,-0.00697,0.01216
esm2_t36_3B_UR50D,cytochrome_c,104,random,20,1,0.0,0.08016,0.01216
esm2_t36_3B_UR50D,cytochrome_c,104,In-class,2,0,0.94231,0.98317,0.01216
esm2_t36_3B_UR50D,cytochrome_c,104,In-class,2,1,0.94231,0.98317,0.01216
esm2_t36_3B_UR50D,cytochrome_c,104,In-class,6,0,0.88462,0.92657,0.01216
esm2_t36_3B_UR50D,cytochrome_c,104,In-class,6,1,0.88462,0.94272,0.01216
esm2_t36_3B_UR50D,cytochrome_c,104,In-class,10,0,0.76923,0.81644,0.01216
esm2_t36_3B_UR50D,cytochrome_c,104,In-class,10,1,0.71154,0.78648,0.01216
esm2_t36_3B_UR50D,cytochrome_c,104,In-class,20,0,0.67308,0.76388,0.01216
esm2_t36_3B_UR50D,cytochrome_c,104,In-class,20,1,0.75,0.77801,0.01216
esm2_t36_3B_UR50D,protein_G_B1,56,random,2,0,0.5,0.73877,0.02828
esm2_t36_3B_UR50D,protein_G_B1,56,random,2,1,0.60714,0.70596,0.02828
esm2_t36_3B_UR50D,protein_G_B1,56,random,6,0,0.17857,0.34445,0.02828
esm2_t36_3B_UR50D,protein_G_B1,56,random,6,1,0.17857,0.37601,0.02828
esm2_t36_3B_UR50D,protein_G_B1,56,random,10,0,0.07143,0.1604,0.02828
esm2_t36_3B_UR50D,protein_G_B1,56,random,10,1,0.07143,0.08616,0.02828
esm2_t36_3B_UR50D,protein_G_B1,56,random,20,0,0.07143,0.09614,0.02828
esm2_t36_3B_UR50D,protein_G_B1,56,random,20,1,0.03571,0.05197,0.02828
esm2_t36_3B_UR50D,protein_G_B1,56,In-class,2,0,0.60714,0.80709,0.02828
esm2_t36_3B_UR50D,protein_G_B1,56,In-class,2,1,0.60714,0.80709,0.02828
esm2_t36_3B_UR50D,protein_G_B1,56,In-class,6,0,0.39286,0.51821,0.02828
esm2_t36_3B_UR50D,protein_G_B1,56,In-class,6,1,0.5,0.67916,0.02828
esm2_t36_3B_UR50D,protein_G_B1,56,In-class,10,0,0.10714,0.23412,0.02828
esm2_t36_3B_UR50D,protein_G_B1,56,In-class,10,1,0.28571,0.55457,0.02828
esm2_t36_3B_UR50D,protein_G_B1,56,In-class,20,0,0.0,0.05568,0.02828
esm2_t36_3B_UR50D,protein_G_B1,56,In-class,20,1,0.07143,0.24333,0.02828
esm2_t36_3B_UR50D,ubiquitin,76,random,2,0,0.84211,0.9003,0.01827
esm2_t36_3B_UR50D,ubiquitin,76,random,2,1,0.81579,0.87734,0.01827
esm2_t36_3B_UR50D,ubiquitin,76,random,6,0,0.55263,0.57499,0.01827
esm2_t36_3B_UR50D,ubiquitin,76,random,6,1,0.63158,0.63266,0.01827
esm2_t36_3B_UR50D,ubiquitin,76,random,10,0,0.57895,0.55647,0.01827
esm2_t36_3B_UR50D,ubiquitin,76,random,10,1,0.05263,0.30398,0.01827
esm2_t36_3B_UR50D,ubiquitin,76,random,20,0,0.02632,0.15363,0.01827
esm2_t36_3B_UR50D,ubiquitin,76,random,20,1,0.02632,0.1746,0.01827
esm2_t36_3B_UR50D,ubiquitin,76,In-class,2,0,0.84211,0.94213,0.01827
esm2_t36_3B_UR50D,ubiquitin,76,In-class,2,1,0.84211,0.94213,0.01827
esm2_t36_3B_UR50D,ubiquitin,76,In-class,6,0,0.78947,0.86233,0.01827
esm2_t36_3B_UR50D,ubiquitin,76,In-class,6,1,0.76316,0.82578,0.01827
esm2_t36_3B_UR50D,ubiquitin,76,In-class,10,0,0.71053,0.80936,0.01827
esm2_t36_3B_UR50D,ubiquitin,76,In-class,10,1,0.68421,0.78009,0.01827
esm2_t36_3B_UR50D,ubiquitin,76,In-class,20,0,0.71053,0.74078,0.01827
esm2_t36_3B_UR50D,ubiquitin,76,In-class,20,1,0.68421,0.72386,0.01827
