family,length,depth,regime,m,seed,msa_transformer,potts
PF00018,41,55,random,2,0,0.85,1.0
PF00018,41,55,random,2,1,0.9,1.0
PF00018,41,55,random,2,2,0.8,1.0
PF00018,41,55,random,6,0,0.55,1.0
PF00018,41,55,random,6,1,0.65,1.0
PF00018,41,55,random,6,2,0.55,1.0
PF00018,41,55,random,10,0,0.5,1.0
PF00018,41,55,random,10,1,0.4,1.0
PF00018,41,55,random,10,2,0.2,1.0
PF00018,41,55,random,20,0,0.3,1.0
PF00018,41,55,random,20,1,0.25,1.0
PF00018,41,55,random,20,2,0.4,1.0
PF00018,41,55,In-class,2,0,0.9,1.0
PF00018,41,55,In-class,2,1,0.9,1.0
PF00018,41,55,In-class,2,2,0.9,1.0
PF00018,41,55,In-class,6,0,0.85,1.0
PF00018,41,55,In-class,6,1,0.8,1.0
PF00018,41,55,In-class,6,2,0.8,1.0
PF00018,41,55,In-class,10,0,0.75,1.0
PF00018,41,55,In-class,10,1,0.6,1.0
PF00018,41,55,In-class,10,2,0.75,1.0
PF00018,41,55,In-class,20,0,0.6,1.0
PF00018,41,55,In-class,20,1,0.6,1.0
PF00018,41,55,In-class,20,2,0.65,1.0
PF00018,41,55,Cross-class,2,0,0.7,1.0
PF00018,41,55,Cross-class,2,1,0.7,1.0
PF00018,41,55,Cross-class,2,2,0.8,1.0
PF00018,41,55,Cross-class,6,0,0.45,1.0
PF00018,41,55,Cross-class,6,1,0.55,1.0
PF00018,41,55,Cross-class,6,2,0.55,1.0
PF00018,41,55,Cross-class,10,0,0.35,1.0
PF00018,41,55,Cross-class,10,1,0.65,1.0
PF00018,41,55,Cross-class,10,2,0.3,1.0
PF00018,41,55,Cross-class,20,0,0.25,1.0
PF00027,46,199,random,2,0,0.78261,1.0
PF00027,46,199,random,2,1,0.69565,1.0
PF00027,46,199,random,2,2,0.65217,1.0
PF00027,46,199,random,6,0,0.6087,1.0
PF00027,46,199,random,6,1,0.47826,1.0
PF00027,46,199,random,6,2,0.56522,1.0
PF00027,46,199,random,10,0,0.30435,1.0
PF00027,46,199,random,10,1,0.17391,1.0
PF00027,46,199,random,10,2,0.26087,1.0
PF00027,46,199,random,20,0,0.08696,1.0
PF00027,46,199,random,20,1,0.08696,1.0
PF00027,46,199,random,20,2,0.08696,1.0
PF00027,46,199,In-class,2,0,0.95652,1.0
PF00027,46,199,In-class,2,1,0.95652,1.0
PF00027,46,199,In-class,2,2,0.95652,1.0
PF00027,46,199,In-class,6,0,0.73913,1.0
PF00027,46,199,In-class,6,1,0.86957,1.0
PF00027,46,199,In-class,6,2,0.91304,1.0
PF00027,46,199,In-class,10,0,0.73913,1.0
PF00027,46,199,In-class,10,1,0.73913,1.0
PF00027,46,199,In-class,10,2,0.73913,1.0
PF00027,46,199,In-class,20,0,0.65217,1.0
PF00027,46,199,In-class,20,1,0.82609,1.0
PF00027,46,199,In-class,20,2,0.65217,1.0
PF00027,46,199,Cross-class,2,0,0.6087,1.0
PF00027,46,199,Cross-class,2,1,0.86957,1.0
PF00027,46,199,Cross-class,2,2,0.73913,1.0
PF00027,46,199,Cross-class,6,0,0.17391,1.0
PF00027,46,199,Cross-class,6,1,0.6087,1.0
PF00027,46,199,Cross-class,6,2,0.13043,1.0
PF00027,46,199,Cross-class,10,0,0.26087,1.0
PF00027,46,199,Cross-class,10,1,0.56522,1.0
PF00027,46,199,Cross-class,10,2,0.08696,1.0
PF00027,46,199,Cross-class,20,0,0.21739,1.0
PF00072,97,52,random,2,0,0.83333,1.0
PF00072,97,52,random,2,1,0.52083,1.0
PF00072,97,52,random,2,2,0.77083,1.0
PF00072,97,52,random,6,0,0.22917,1.0
PF00072,97,52,random,6,1,0.1875,1.0
PF00072,97,52,random,6,2,0.4375,1.0
PF00072,97,52,random,10,0,0.08333,1.0
PF00072,97,52,random,10,1,0.04167,1.0
PF00072,97,52,random,10,2,0.10417,1.0
PF00072,97,52,random,20,0,0.08333,1.0
PF00072,97,52,random,20,1,0.10417,1.0
PF00072,97,52,random,20,2,0.08333,1.0
PF00072,97,52,In-class,2,0,0.9375,1.0
PF00072,97,52,In-class,2,1,0.9375,1.0
PF00072,97,52,In-class,2,2,0.91667,1.0
PF00072,97,52,In-class,6,0,0.70833,1.0
PF00072,97,52,In-class,6,1,0.66667,1.0
PF00072,97,52,In-class,6,2,0.83333,1.0
PF00072,97,52,In-class,10,0,0.66667,1.0
PF00072,97,52,In-class,10,1,0.3125,1.0
PF00072,97,52,In-class,10,2,0.45833,1.0
PF00072,97,52,In-class,20,0,0.4375,1.0
PF00072,97,52,In-class,20,1,0.54167,1.0
PF00072,97,52,In-class,20,2,0.54167,1.0
PF00072,97,52,Cross-class,2,0,0.125,1.0
PF00072,97,52,Cross-class,2,1,0.875,1.0
PF00072,97,52,Cross-class,2,2,0.79167,1.0
PF00072,97,52,Cross-class,6,0,0.0625,1.0
PF00072,97,52,Cross-class,6,1,0.58333,1.0
PF00072,97,52,Cross-class,6,2,0.14583,1.0
PF00072,97,52,Cross-class,10,0,0.0625,1.0
PF00072,97,52,Cross-class,10,1,0.10417,1.0
PF00072,97,52,Cross-class,10,2,0.0625,1.0
PF00072,97,52,Cross-class,20,0,0.0625,1.0
PF00076,57,68,random,2,0,0.85714,1.0
PF00076,57,68,random,2,1,0.71429,1.0
PF00076,57,68,random,2,2,0.92857,1.0
PF00076,57,68,random,6,0,0.5,1.0
PF00076,57,68,random,6,1,0.32143,1.0
PF00076,57,68,random,6,2,0.57143,1.0
PF00076,57,68,random,10,0,0.5,1.0
PF00076,57,68,random,10,1,0.14286,1.0
PF00076,57,68,random,10,2,0.21429,1.0
PF00076,57,68,random,20,0,0.03571,1.0
PF00076,57,68,random,20,1,0.10714,1.0
PF00076,57,68,random,20,2,0.14286,1.0
PF00076,57,68,In-class,2,0,0.92857,1.0
PF00076,57,68,In-class,2,1,0.92857,1.0
PF00076,57,68,In-class,2,2,1.0,1.0
PF00076,57,68,In-class,6,0,0.82143,1.0
PF00076,57,68,In-class,6,1,0.60714,1.0
PF00076,57,68,In-class,6,2,0.92857,1.0
PF00076,57,68,In-class,10,0,0.64286,1.0
PF00076,57,68,In-class,10,1,0.60714,1.0
PF00076,57,68,In-class,10,2,0.67857,1.0
PF00076,57,68,In-class,20,0,0.32143,1.0
PF00076,57,68,In-class,20,1,0.28571,1.0
PF00076,57,68,In-class,20,2,0.32143,1.0
PF00076,57,68,Cross-class,2,0,0.78571,1.0
PF00076,57,68,Cross-class,2,1,0.71429,1.0
PF00076,57,68,Cross-class,2,2,0.53571,1.0
PF00076,57,68,Cross-class,6,0,0.39286,1.0
PF00076,57,68,Cross-class,6,1,0.39286,1.0
PF00076,57,68,Cross-class,6,2,0.53571,1.0
PF00076,57,68,Cross-class,10,0,0.0,1.0
PF00076,57,68,Cross-class,10,1,0.25,1.0
PF00076,57,68,Cross-class,10,2,0.17857,1.0
PF00076,57,68,Cross-class,20,0,0.07143,1.0
