protein,regime,m,realized_m,seed,precision,delta,chance,n_eval,gate
ubiquitin,identity,0,0,0,0.76316,0.0,0.05337,38,PASS
ubiquitin,random,2,2,0,0.89474,0.13158,0.05337,38,
ubiquitin,random,2,2,1,0.76316,0.0,0.05337,38,
ubiquitin,random,10,10,0,0.76316,0.0,0.05337,38,
ubiquitin,random,10,10,1,0.15789,-0.60526,0.05337,38,
ubiquitin,random,20,20,0,0.07895,-0.68421,0.05337,38,
ubiquitin,random,20,20,1,0.02632,-0.73684,0.05337,38,
ubiquitin,In-class,2,2,0,0.86842,0.10526,0.05337,38,
ubiquitin,In-class,2,2,1,0.86842,0.10526,0.05337,38,
ubiquitin,In-class,10,10,0,0.86842,0.10526,0.05337,38,
ubiquitin,In-class,10,10,1,0.89474,0.13158,0.05337,38,
ubiquitin,In-class,20,15,0,0.89474,0.13158,0.05337,38,
ubiquitin,In-class,20,15,1,0.81579,0.05263,0.05337,38,
protein_G_B1,identity,0,0,0,0.5,0.0,0.0798,28,PASS
protein_G_B1,random,2,2,0,0.64286,0.14286,0.0798,28,
protein_G_B1,random,2,2,1,0.60714,0.10714,0.0798,28,
protein_G_B1,random,10,10,0,0.0,-0.5,0.0798,28,
protein_G_B1,random,10,10,1,0.10714,-0.39286,0.0798,28,
protein_G_B1,random,20,20,0,0.07143,-0.42857,0.0798,28,
protein_G_B1,random,20,20,1,0.14286,-0.35714,0.0798,28,
protein_G_B1,In-class,2,2,0,0.60714,0.10714,0.0798,28,
protein_G_B1,In-class,2,2,1,0.60714,0.10714,0.0798,28,
protein_G_B1,In-class,10,10,0,0.21429,-0.28571,0.0798,28,
protein_G_B1,In-class,10,10,1,0.32143,-0.17857,0.0798,28,
protein_G_B1,In-class,20,15,0,0.07143,-0.42857,0.0798,28,
protein_G_B1,In-class,20,15,1,0.07143,-0.42857,0.0798,28,
