protein,length,regime,m,seed,m_realized,hamming,ll_identity,ll_permuted,delta_ll,overlap,chance
PF00013|B3RHY5_TRIAD,67,random,2,0,2,8,-0.395054,-0.458608,0.063554,0.5454545454545454,0.02142857142857143
PF00013|B3RHY5_TRIAD,67,random,2,1,2,6,-0.395054,-0.630483,0.23543,0.30303030303030304,0.02142857142857143
PF00013|B3RHY5_TRIAD,67,random,2,2,2,9,-0.395054,-0.506718,0.111665,0.7272727272727273,0.02142857142857143
PF00013|B3RHY5_TRIAD,67,random,6,0,6,18,-0.395054,-0.576008,0.180955,0.030303030303030304,0.02142857142857143
PF00013|B3RHY5_TRIAD,67,random,6,1,6,20,-0.395054,-0.555492,0.160439,0.0,0.02142857142857143
PF00013|B3RHY5_TRIAD,67,random,6,2,6,16,-0.395054,-0.59392,0.198867,0.3939393939393939,0.02142857142857143
PF00013|B3RHY5_TRIAD,67,random,10,0,10,32,-0.395054,-0.568602,0.173548,0.0,0.02142857142857143
PF00013|B3RHY5_TRIAD,67,random,10,1,10,36,-0.395054,-0.549488,0.154435,0.030303030303030304,0.02142857142857143
PF00013|B3RHY5_TRIAD,67,random,10,2,10,33,-0.395054,-0.570512,0.175459,0.0,0.02142857142857143
PF00013|B3RHY5_TRIAD,67,random,20,0,20,67,-0.395054,-0.573687,0.178633,0.0,0.02142857142857143
PF00013|B3RHY5_TRIAD,67,random,20,1,20,67,-0.395054,-0.607844,0.21279,0.0,0.02142857142857143
PF00013|B3RHY5_TRIAD,67,random,20,2,20,67,-0.395054,-0.588359,0.193305,0.030303030303030304,0.02142857142857143
PF00013|B3RHY5_TRIAD,67,In-class,2,0,2,4,-0.395054,-0.401515,0.006461,0.9696969696969697,0.02142857142857143
PF00013|B3RHY5_TRIAD,67,In-class,2,1,2,4,-0.395054,-0.401515,0.006461,0.9696969696969697,0.02142857142857143
PF00013|B3RHY5_TRIAD,67,In-class,2,2,2,7,-0.395054,-0.418165,0.023112,1.0,0.02142857142857143
PF00013|B3RHY5_TRIAD,67,In-class,6,0,6,19,-0.395054,-0.414268,0.019214,0.9090909090909091,0.02142857142857143
PF00013|B3RHY5_TRIAD,67,In-class,6,1,6,19,-0.395054,-0.455786,0.060733,0.8484848484848485,0.02142857142857143
PF00013|B3RHY5_TRIAD,67,In-class,6,2,6,19,-0.395054,-0.437704,0.04265,0.8787878787878788,0.02142857142857143
PF00013|B3RHY5_TRIAD,67,In-class,10,0,10,29,-0.395054,-0.476557,0.081503,0.8787878787878788,0.02142857142857143
PF00013|B3RHY5_TRIAD,67,In-class,10,1,10,35,-0.395054,-0.509576,0.114522,0.7272727272727273,0.02142857142857143
PF00013|B3RHY5_TRIAD,67,In-class,10,2,10,39,-0.395054,-0.486756,0.091702,0.8484848484848485,0.02142857142857143
PF00013|B3RHY5_TRIAD,67,In-class,20,0,15,49,-0.395054,-0.535623,0.14057,0.8181818181818182,0.02142857142857143
PF00013|B3RHY5_TRIAD,67,In-class,20,1,15,49,-0.395054,-0.575164,0.18011,0.8181818181818182,0.02142857142857143
PF00013|B3RHY5_TRIAD,67,In-class,20,2,15,49,-0.395054,-0.528248,0.133195,0.8484848484848485,0.02142857142857143
PF00013|B3RHY5_TRIAD,67,Cross-class,2,0,2,8,-0.395054,-0.628389,0.233335,0.06060606060606061,0.02142857142857143
PF00013|B3RHY5_TRIAD,67,Cross-class,2,1,2,2,-0.395054,-0.440342,0.045289,0.9393939393939394,0.02142857142857143
PF00013|B3RHY5_TRIAD,67,Cross-class,2,2,2,8,-0.395054,-0.570054,0.175,0.06060606060606061,0.02142857142857143
PF00013|B3RHY5_TRIAD,67,Cross-class,6,0,6,27,-0.395054,-0.550806,0.155752,0.0,0.02142857142857143
PF00013|B3RHY5_TRIAD,67,Cross-class,6,1,6,20,-0.395054,-0.576108,0.181055,0.030303030303030304,0.02142857142857143
PF00013|B3RHY5_TRIAD,67,Cross-class,6,2,6,14,-0.395054,-0.621339,0.226286,0.030303030303030304,0.02142857142857143
PF00013|B3RHY5_TRIAD,67,Cross-class,10,0,10,33,-0.395054,-0.562007,0.166954,0.0,0.02142857142857143
PF00013|B3RHY5_TRIAD,67,Cross-class,10,1,10,37,-0.395054,-0.548561,0.153508,0.0,0.02142857142857143
PF00013|B3RHY5_TRIAD,67,Cross-class,10,2,10,34,-0.395054,-0.569583,0.174529,0.030303030303030304,0.02142857142857143
PF00013|B3RHY5_TRIAD,67,Cross-class,20,0,16,54,-0.395054,-0.552739,0.157685,0.030303030303030304,0.02142857142857143
PF00018|BOI2_YEAST,51,random,2,0,2,4,-0.227754,-0.445537,0.217783,0.84,0.03205128205128205
PF00018|BOI2_YEAST,51,random,2,1,2,7,-0.227754,-0.629807,0.402053,0.72,0.03205128205128205
PF00018|BOI2_YEAST,51,random,2,2,2,4,-0.227754,-0.383883,0.156129,0.8,0.03205128205128205
PF00018|BOI2_YEAST,51,random,6,0,6,14,-0.227754,-0.714869,0.487115,0.16,0.03205128205128205
PF00018|BOI2_YEAST,51,random,6,1,6,21,-0.227754,-0.610122,0.382368,0.08,0.03205128205128205
PF00018|BOI2_YEAST,51,random,6,2,6,10,-0.227754,-0.619324,0.39157,0.48,0.03205128205128205
PF00018|BOI2_YEAST,51,random,10,0,10,30,-0.227754,-0.536432,0.308678,0.0,0.03205128205128205
PF00018|BOI2_YEAST,51,random,10,1,10,23,-0.227754,-0.58174,0.353986,0.08,0.03205128205128205
PF00018|BOI2_YEAST,51,random,10,2,10,25,-0.227754,-0.601576,0.373822,0.0,0.03205128205128205
PF00018|BOI2_YEAST,51,random,20,0,20,51,-0.227754,-0.556028,0.328275,0.04,0.03205128205128205
PF00018|BOI2_YEAST,51,random,20,1,20,51,-0.227754,-0.609475,0.381722,0.0,0.03205128205128205
PF00018|BOI2_YEAST,51,random,20,2,20,51,-0.227754,-0.538682,0.310928,0.0,0.03205128205128205
PF00018|BOI2_YEAST,51,In-class,2,0,2,3,-0.227754,-0.310288,0.082535,0.88,0.03205128205128205
PF00018|BOI2_YEAST,51,In-class,2,1,2,3,-0.227754,-0.310288,0.082535,0.88,0.03205128205128205
PF00018|BOI2_YEAST,51,In-class,2,2,2,8,-0.227754,-0.281366,0.053612,0.96,0.03205128205128205
PF00018|BOI2_YEAST,51,In-class,6,0,6,22,-0.227754,-0.413313,0.185559,0.88,0.03205128205128205
PF00018|BOI2_YEAST,51,In-class,6,1,6,9,-0.227754,-0.363636,0.135882,0.92,0.03205128205128205
PF00018|BOI2_YEAST,51,In-class,6,2,6,13,-0.227754,-0.335264,0.107511,0.88,0.03205128205128205
PF00018|BOI2_YEAST,51,In-class,10,0,10,31,-0.227754,-0.544801,0.317048,0.64,0.03205128205128205
PF00018|BOI2_YEAST,51,In-class,10,1,10,35,-0.227754,-0.505977,0.278224,0.08,0.03205128205128205
PF00018|BOI2_YEAST,51,In-class,10,2,10,34,-0.227754,-0.426969,0.199215,0.84,0.03205128205128205
PF00018|BOI2_YEAST,51,In-class,20,0,15,44,-0.227754,-0.521718,0.293965,0.72,0.03205128205128205
PF00018|BOI2_YEAST,51,In-class,20,1,15,44,-0.227754,-0.52114,0.293386,0.4,0.03205128205128205
PF00018|BOI2_YEAST,51,In-class,20,2,15,44,-0.227754,-0.526396,0.298642,0.52,0.03205128205128205
PF00018|BOI2_YEAST,51,Cross-class,2,0,2,11,-0.227754,-0.504762,0.277008,0.36,0.03205128205128205
PF00018|BOI2_YEAST,51,Cross-class,2,1,2,4,-0.227754,-0.582102,0.354348,0.88,0.03205128205128205
PF00018|BOI2_YEAST,51,Cross-class,2,2,2,8,-0.227754,-0.498132,0.270378,0.44,0.03205128205128205
PF00018|BOI2_YEAST,51,Cross-class,6,0,6,21,-0.227754,-0.471891,0.244137,0.04,0.03205128205128205
PF00018|BOI2_YEAST,51,Cross-class,6,1,6,20,-0.227754,-0.543544,0.31579,0.2,0.03205128205128205
PF00018|BOI2_YEAST,51,Cross-class,6,2,6,13,-0.227754,-0.679822,0.452068,0.68,0.03205128205128205
PF00018|BOI2_YEAST,51,Cross-class,10,0,10,30,-0.227754,-0.557416,0.329662,0.04,0.03205128205128205
PF00018|BOI2_YEAST,51,Cross-class,10,1,10,29,-0.227754,-0.519046,0.291292,0.0,0.03205128205128205
PF00018|BOI2_YEAST,51,Cross-class,10,2,10,37,-0.227754,-0.579057,0.351303,0.0,0.03205128205128205
PF00018|BOI2_YEAST,51,Cross-class,20,0,16,46,-0.227754,-0.587668,0.359914,0.04,0.03205128205128205
PF00027|P73234_SYNY3,89,random,2,0,2,13,-0.419028,-0.513059,0.094031,0.8863636363636364,0.014652014652014652
PF00027|P73234_SYNY3,89,random,2,1,2,16,-0.419028,-0.541851,0.122823,0.0,0.014652014652014652
PF00027|P73234_SYNY3,89,random,2,2,2,8,-0.419028,-0.45188,0.032852,0.9090909090909091,0.014652014652014652
PF00027|P73234_SYNY3,89,random,6,0,6,26,-0.419028,-0.536192,0.117164,0.0,0.014652014652014652
PF00027|P73234_SYNY3,89,random,6,1,6,32,-0.419028,-0.601725,0.182697,0.0,0.014652014652014652
PF00027|P73234_SYNY3,89,random,6,2,6,13,-0.419028,-0.484802,0.065773,0.9318181818181818,0.014652014652014652
PF00027|P73234_SYNY3,89,random,10,0,10,40,-0.419028,-0.585256,0.166228,0.3181818181818182,0.014652014652014652
PF00027|P73234_SYNY3,89,random,10,1,10,48,-0.419028,-0.546894,0.127866,0.045454545454545456,0.014652014652014652
PF00027|P73234_SYNY3,89,random,10,2,10,45,-0.419028,-0.545678,0.12665,0.0,0.014652014652014652
PF00027|P73234_SYNY3,89,random,20,0,20,89,-0.419028,-0.533469,0.114441,0.0,0.014652014652014652
PF00027|P73234_SYNY3,89,random,20,1,20,89,-0.419028,-0.561192,0.142164,0.0,0.014652014652014652
PF00027|P73234_SYNY3,89,random,20,2,20,89,-0.419028,-0.544271,0.125243,0.0,0.014652014652014652
PF00027|P73234_SYNY3,89,In-class,2,0,2,7,-0.419028,-0.391796,-0.027232,0.7954545454545454,0.014652014652014652
PF00027|P73234_SYNY3,89,In-class,2,1,2,7,-0.419028,-0.391796,-0.027232,0.7954545454545454,0.014652014652014652
PF00027|P73234_SYNY3,89,In-class,2,2,2,6,-0.419028,-0.431697,0.012669,0.9772727272727273,0.014652014652014652
PF00027|P73234_SYNY3,89,In-class,6,0,6,34,-0.419028,-0.427221,0.008192,0.7727272727272727,0.014652014652014652
PF00027|P73234_SYNY3,89,In-class,6,1,6,22,-0.419028,-0.468522,0.049494,0.9318181818181818,0.014652014652014652
PF00027|P73234_SYNY3,89,In-class,6,2,6,24,-0.419028,-0.461166,0.042138,0.8863636363636364,0.014652014652014652
PF00027|P73234_SYNY3,89,In-class,10,0,10,45,-0.419028,-0.559717,0.140689,0.7727272727272727,0.014652014652014652
PF00027|P73234_SYNY3,89,In-class,10,1,10,45,-0.419028,-0.502951,0.083922,0.75,0.014652014652014652
PF00027|P73234_SYNY3,89,In-class,10,2,10,49,-0.419028,-0.52544,0.106411,0.8636363636363636,0.014652014652014652
PF00027|P73234_SYNY3,89,In-class,20,0,15,69,-0.419028,-0.57814,0.159112,0.8636363636363636,0.014652014652014652
PF00027|P73234_SYNY3,89,In-class,20,1,15,69,-0.419028,-0.606638,0.18761,0.8181818181818182,0.014652014652014652
PF00027|P73234_SYNY3,89,In-class,20,2,15,69,-0.419028,-0.596531,0.177502,0.8409090909090909,0.014652014652014652
PF00027|P73234_SYNY3,89,Cross-class,2,0,2,18,-0.419028,-0.529787,0.110759,0.022727272727272728,0.014652014652014652
PF00027|P73234_SYNY3,89,Cross-class,2,1,2,8,-0.419028,-0.565518,0.146489,0.9318181818181818,0.014652014652014652
PF00027|P73234_SYNY3,89,Cross-class,2,2,2,12,-0.419028,-0.520493,0.101464,0.09090909090909091,0.014652014652014652
PF00027|P73234_SYNY3,89,Cross-class,6,0,6,38,-0.419028,-0.580153,0.161125,0.0,0.014652014652014652
PF00027|P73234_SYNY3,89,Cross-class,6,1,6,23,-0.419028,-0.519305,0.100277,0.0,0.014652014652014652
PF00027|P73234_SYNY3,89,Cross-class,6,2,6,18,-0.419028,-0.590952,0.171924,0.3181818181818182,0.014652014652014652
PF00027|P73234_SYNY3,89,Cross-class,10,0,10,40,-0.419028,-0.547997,0.128969,0.0,0.014652014652014652
PF00027|P73234_SYNY3,89,Cross-class,10,1,10,44,-0.419028,-0.534461,0.115432,0.0,0.014652014652014652
PF00027|P73234_SYNY3,89,Cross-class,10,2,10,59,-0.419028,-0.563324,0.144296,0.0,0.014652014652014652
PF00027|P73234_SYNY3,89,Cross-class,20,0,16,81,-0.419028,-0.566269,0.14724,0.022727272727272728,0.014652014652014652
PF00072|AGMR_PSEAE,114,random,2,0,2,13,-0.24306,-0.343637,0.100576,0.8245614035087719,0.010850942318675044
PF00072|AGMR_PSEAE,114,random,2,1,2,15,-0.24306,-0.813653,0.570593,0.6842105263157895,0.010850942318675044
PF00072|AGMR_PSEAE,114,random,2,2,2,14,-0.24306,-0.355532,0.112472,0.8947368421052632,0.010850942318675044
PF00072|AGMR_PSEAE,114,random,6,0,6,30,-0.24306,-0.671373,0.428313,0.7192982456140351,0.010850942318675044
PF00072|AGMR_PSEAE,114,random,6,1,6,37,-0.24306,-0.628476,0.385416,0.5614035087719298,0.010850942318675044
PF00072|AGMR_PSEAE,114,random,6,2,6,32,-0.24306,-0.548688,0.305628,0.43859649122807015,0.010850942318675044
PF00072|AGMR_PSEAE,114,random,10,0,10,57,-0.24306,-0.68266,0.439599,0.19298245614035087,0.010850942318675044
PF00072|AGMR_PSEAE,114,random,10,1,10,60,-0.24306,-0.50466,0.2616,0.017543859649122806,0.010850942318675044
PF00072|AGMR_PSEAE,114,random,10,2,10,61,-0.24306,-0.533124,0.290064,0.0,0.010850942318675044
PF00072|AGMR_PSEAE,114,random,20,0,20,114,-0.24306,-0.539483,0.296423,0.03508771929824561,0.010850942318675044
PF00072|AGMR_PSEAE,114,random,20,1,20,114,-0.24306,-0.510485,0.267425,0.0,0.010850942318675044
PF00072|AGMR_PSEAE,114,random,20,2,20,114,-0.24306,-0.542085,0.299025,0.017543859649122806,0.010850942318675044
PF00072|AGMR_PSEAE,114,In-class,2,0,2,10,-0.24306,-0.252307,0.009247,0.9122807017543859,0.010850942318675044
PF00072|AGMR_PSEAE,114,In-class,2,1,2,10,-0.24306,-0.252307,0.009247,0.9122807017543859,0.010850942318675044
PF00072|AGMR_PSEAE,114,In-class,2,2,2,5,-0.24306,-0.290494,0.047434,0.9298245614035088,0.010850942318675044
PF00072|AGMR_PSEAE,114,In-class,6,0,6,46,-0.24306,-0.348714,0.105654,0.8421052631578947,0.010850942318675044
PF00072|AGMR_PSEAE,114,In-class,6,1,6,34,-0.24306,-0.355135,0.112075,0.8421052631578947,0.010850942318675044
PF00072|AGMR_PSEAE,114,In-class,6,2,6,26,-0.24306,-0.296707,0.053647,0.8596491228070176,0.010850942318675044
PF00072|AGMR_PSEAE,114,In-class,10,0,10,45,-0.24306,-0.38942,0.14636,0.8771929824561403,0.010850942318675044
PF00072|AGMR_PSEAE,114,In-class,10,1,10,70,-0.24306,-0.40088,0.15782,0.7368421052631579,0.010850942318675044
PF00072|AGMR_PSEAE,114,In-class,10,2,10,71,-0.24306,-0.419879,0.176818,0.7368421052631579,0.010850942318675044
PF00072|AGMR_PSEAE,114,In-class,20,0,15,85,-0.24306,-0.455092,0.212032,0.6842105263157895,0.010850942318675044
PF00072|AGMR_PSEAE,114,In-class,20,1,15,85,-0.24306,-0.497473,0.254413,0.8070175438596491,0.010850942318675044
PF00072|AGMR_PSEAE,114,In-class,20,2,15,85,-0.24306,-0.446847,0.203787,0.7543859649122807,0.010850942318675044
PF00072|AGMR_PSEAE,114,Cross-class,2,0,2,18,-0.24306,-0.655683,0.412623,0.45614035087719296,0.010850942318675044
PF00072|AGMR_PSEAE,114,Cross-class,2,1,2,5,-0.24306,-0.341972,0.098912,0.9298245614035088,0.010850942318675044
PF00072|AGMR_PSEAE,114,Cross-class,2,2,2,9,-0.24306,-0.435171,0.192111,0.7894736842105263,0.010850942318675044
PF00072|AGMR_PSEAE,114,Cross-class,6,0,6,47,-0.24306,-0.513924,0.270864,0.017543859649122806,0.010850942318675044
PF00072|AGMR_PSEAE,114,Cross-class,6,1,6,30,-0.24306,-0.552735,0.309675,0.7719298245614035,0.010850942318675044
PF00072|AGMR_PSEAE,114,Cross-class,6,2,6,25,-0.24306,-0.668863,0.425803,0.7368421052631579,0.010850942318675044
PF00072|AGMR_PSEAE,114,Cross-class,10,0,10,61,-0.24306,-0.502564,0.259504,0.0,0.010850942318675044
PF00072|AGMR_PSEAE,114,Cross-class,10,1,10,69,-0.24306,-0.495361,0.252301,0.0,0.010850942318675044
PF00072|AGMR_PSEAE,114,Cross-class,10,2,10,63,-0.24306,-0.549396,0.306336,0.0,0.010850942318675044
PF00072|AGMR_PSEAE,114,Cross-class,20,0,16,101,-0.24306,-0.544026,0.300966,0.017543859649122806,0.010850942318675044
PF00076|LA_HUMAN,69,random,2,0,2,7,-0.224038,-0.336168,0.11213,0.7352941176470589,0.0205686630369026
PF00076|LA_HUMAN,69,random,2,1,2,6,-0.224038,-0.554481,0.330443,0.7647058823529411,0.0205686630369026
PF00076|LA_HUMAN,69,random,2,2,2,10,-0.224038,-0.42127,0.197232,0.6470588235294118,0.0205686630369026
PF00076|LA_HUMAN,69,random,6,0,6,26,-0.224038,-0.546257,0.322219,0.0,0.0205686630369026
PF00076|LA_HUMAN,69,random,6,1,6,20,-0.224038,-0.502651,0.278613,0.08823529411764706,0.0205686630369026
PF00076|LA_HUMAN,69,random,6,2,6,16,-0.224038,-0.466306,0.242267,0.6764705882352942,0.0205686630369026
PF00076|LA_HUMAN,69,random,10,0,10,40,-0.224038,-0.520171,0.296133,0.029411764705882353,0.0205686630369026
PF00076|LA_HUMAN,69,random,10,1,10,41,-0.224038,-0.526106,0.302067,0.0,0.0205686630369026
PF00076|LA_HUMAN,69,random,10,2,10,44,-0.224038,-0.558208,0.334169,0.058823529411764705,0.0205686630369026
PF00076|LA_HUMAN,69,random,20,0,20,69,-0.224038,-0.612482,0.388443,0.0,0.0205686630369026
PF00076|LA_HUMAN,69,random,20,1,20,69,-0.224038,-0.606084,0.382046,0.058823529411764705,0.0205686630369026
PF00076|LA_HUMAN,69,random,20,2,20,69,-0.224038,-0.577539,0.353501,0.0,0.0205686630369026
PF00076|LA_HUMAN,69,In-class,2,0,2,4,-0.224038,-0.237669,0.013631,0.9117647058823529,0.0205686630369026
PF00076|LA_HUMAN,69,In-class,2,1,2,4,-0.224038,-0.237669,0.013631,0.9117647058823529,0.0205686630369026
PF00076|LA_HUMAN,69,In-class,2,2,2,11,-0.224038,-0.245365,0.021327,0.9117647058823529,0.0205686630369026
PF00076|LA_HUMAN,69,In-class,6,0,6,25,-0.224038,-0.2863,0.062261,0.8529411764705882,0.0205686630369026
PF00076|LA_HUMAN,69,In-class,6,1,6,18,-0.224038,-0.360573,0.136534,0.7647058823529411,0.0205686630369026
PF00076|LA_HUMAN,69,In-class,6,2,6,23,-0.224038,-0.294875,0.070837,0.8823529411764706,0.0205686630369026
PF00076|LA_HUMAN,69,In-class,10,0,10,37,-0.224038,-0.342334,0.118295,0.7941176470588235,0.0205686630369026
PF00076|LA_HUMAN,69,In-class,10,1,10,43,-0.224038,-0.354229,0.13019,0.6764705882352942,0.0205686630369026
PF00076|LA_HUMAN,69,In-class,10,2,10,47,-0.224038,-0.393654,0.169615,0.7647058823529411,0.0205686630369026
PF00076|LA_HUMAN,69,In-class,20,0,15,59,-0.224038,-0.514359,0.290321,0.6764705882352942,0.0205686630369026
PF00076|LA_HUMAN,69,In-class,20,1,15,59,-0.224038,-0.439051,0.215013,0.7941176470588235,0.0205686630369026
PF00076|LA_HUMAN,69,In-class,20,2,15,59,-0.224038,-0.486625,0.262586,0.7352941176470589,0.0205686630369026
PF00076|LA_HUMAN,69,Cross-class,2,0,2,10,-0.224038,-0.447815,0.223776,0.058823529411764705,0.0205686630369026
PF00076|LA_HUMAN,69,Cross-class,2,1,2,2,-0.224038,-0.37637,0.152331,0.9117647058823529,0.0205686630369026
PF00076|LA_HUMAN,69,Cross-class,2,2,2,6,-0.224038,-0.345515,0.121477,0.6470588235294118,0.0205686630369026
PF00076|LA_HUMAN,69,Cross-class,6,0,6,33,-0.224038,-0.537874,0.313835,0.058823529411764705,0.0205686630369026
PF00076|LA_HUMAN,69,Cross-class,6,1,6,17,-0.224038,-0.435217,0.211179,0.5882352941176471,0.0205686630369026
PF00076|LA_HUMAN,69,Cross-class,6,2,6,20,-0.224038,-0.530796,0.306758,0.029411764705882353,0.0205686630369026
PF00076|LA_HUMAN,69,Cross-class,10,0,10,41,-0.224038,-0.534243,0.310204,0.029411764705882353,0.0205686630369026
PF00076|LA_HUMAN,69,Cross-class,10,1,10,40,-0.224038,-0.543938,0.319899,0.0,0.0205686630369026
PF00076|LA_HUMAN,69,Cross-class,10,2,10,42,-0.224038,-0.573506,0.349468,0.0,0.0205686630369026
PF00076|LA_HUMAN,69,Cross-class,20,0,16,61,-0.224038,-0.538303,0.314264,0.0,0.0205686630369026
cytochrome_c,104,random,2,0,2,15,-0.211579,-0.37956,0.167981,0.8076923076923077,0.012155212716222535
cytochrome_c,104,random,2,1,2,13,-0.211579,-0.442533,0.230954,0.7884615384615384,0.012155212716222535
cytochrome_c,104,random,2,2,2,10,-0.211579,-0.312019,0.10044,0.9230769230769231,0.012155212716222535
cytochrome_c,104,random,6,0,6,40,-0.211579,-0.604226,0.392647,0.6730769230769231,0.012155212716222535
cytochrome_c,104,random,6,1,6,39,-0.211579,-0.598208,0.386629,0.3076923076923077,0.012155212716222535
cytochrome_c,104,random,6,2,6,16,-0.211579,-0.484812,0.273233,0.6153846153846154,0.012155212716222535
cytochrome_c,104,random,10,0,10,53,-0.211579,-0.621868,0.410288,0.6538461538461539,0.012155212716222535
cytochrome_c,104,random,10,1,10,53,-0.211579,-0.537093,0.325514,0.0,0.012155212716222535
cytochrome_c,104,random,10,2,10,55,-0.211579,-0.534796,0.323217,0.0,0.012155212716222535
cytochrome_c,104,random,20,0,20,104,-0.211579,-0.546575,0.334996,0.0,0.012155212716222535
cytochrome_c,104,random,20,1,20,104,-0.211579,-0.577878,0.366298,0.0,0.012155212716222535
cytochrome_c,104,random,20,2,20,104,-0.211579,-0.544379,0.332799,0.0,0.012155212716222535
cytochrome_c,104,In-class,2,0,2,7,-0.211579,-0.275879,0.0643,0.9230769230769231,0.012155212716222535
cytochrome_c,104,In-class,2,1,2,7,-0.211579,-0.275879,0.0643,0.9230769230769231,0.012155212716222535
cytochrome_c,104,In-class,2,2,2,20,-0.211579,-0.234493,0.022914,0.8653846153846154,0.012155212716222535
cytochrome_c,104,In-class,6,0,6,29,-0.211579,-0.316779,0.1052,0.8269230769230769,0.012155212716222535
cytochrome_c,104,In-class,6,1,6,22,-0.211579,-0.324923,0.113343,0.8846153846153846,0.012155212716222535
cytochrome_c,104,In-class,6,2,6,36,-0.211579,-0.293533,0.081954,0.8653846153846154,0.012155212716222535
cytochrome_c,104,In-class,10,0,10,53,-0.211579,-0.412496,0.200917,0.7307692307692307,0.012155212716222535
cytochrome_c,104,In-class,10,1,10,58,-0.211579,-0.405529,0.19395,0.7307692307692307,0.012155212716222535
cytochrome_c,104,In-class,10,2,10,60,-0.211579,-0.367867,0.156288,0.7307692307692307,0.012155212716222535
cytochrome_c,104,In-class,20,0,15,76,-0.211579,-0.481511,0.269932,0.7115384615384616,0.012155212716222535
cytochrome_c,104,In-class,20,1,15,76,-0.211579,-0.455753,0.244174,0.7115384615384616,0.012155212716222535
cytochrome_c,104,In-class,20,2,15,76,-0.211579,-0.470933,0.259353,0.6730769230769231,0.012155212716222535
cytochrome_c,104,Cross-class,2,0,2,16,-0.211579,-0.378193,0.166614,0.6730769230769231,0.012155212716222535
cytochrome_c,104,Cross-class,2,1,2,6,-0.211579,-0.484685,0.273105,0.8076923076923077,0.012155212716222535
cytochrome_c,104,Cross-class,2,2,2,18,-0.211579,-0.646404,0.434825,0.7307692307692307,0.012155212716222535
cytochrome_c,104,Cross-class,6,0,6,45,-0.211579,-0.545866,0.334287,0.019230769230769232,0.012155212716222535
cytochrome_c,104,Cross-class,6,1,6,33,-0.211579,-0.616023,0.404443,0.3269230769230769,0.012155212716222535
cytochrome_c,104,Cross-class,6,2,6,32,-0.211579,-0.613006,0.401427,0.21153846153846154,0.012155212716222535
cytochrome_c,104,Cross-class,10,0,10,52,-0.211579,-0.549175,0.337596,0.0,0.012155212716222535
cytochrome_c,104,Cross-class,10,1,10,54,-0.211579,-0.530708,0.319129,0.0,0.012155212716222535
cytochrome_c,104,Cross-class,10,2,10,69,-0.211579,-0.451627,0.240048,0.0,0.012155212716222535
cytochrome_c,104,Cross-class,20,0,16,90,-0.211579,-0.568569,0.356989,0.019230769230769232,0.012155212716222535
