protein,length,regime,m,seed,arm,hamming,hamming_frac,overlap,spearman
cytochrome_c,104,random,2,0,permuted,15,0.14423076923076922,0.8076923076923077,0.8780735017742411
cytochrome_c,104,random,2,0,uniform,15,0.14423076923076922,0.6730769230769231,0.7552753996371215
cytochrome_c,104,random,2,0,composition,15,0.14423076923076922,0.7692307692307693,0.7925685143177862
cytochrome_c,104,random,2,1,permuted,13,0.125,0.7884615384615384,0.9288815968563302
cytochrome_c,104,random,2,1,uniform,13,0.125,0.7884615384615384,0.9091893463069901
cytochrome_c,104,random,2,1,composition,13,0.125,0.8653846153846154,0.9198501284819258
cytochrome_c,104,random,2,2,permuted,10,0.09615384615384616,0.9230769230769231,0.9734556210762197
cytochrome_c,104,random,2,2,uniform,10,0.09615384615384616,0.9230769230769231,0.9574706252330966
cytochrome_c,104,random,2,2,composition,10,0.09615384615384616,0.9230769230769231,0.9495520354032915
cytochrome_c,104,random,6,0,permuted,40,0.38461538461538464,0.6730769230769231,0.7260050437872799
cytochrome_c,104,random,6,0,uniform,40,0.38461538461538464,0.4423076923076923,0.47872194301149573
cytochrome_c,104,random,6,0,composition,40,0.38461538461538464,0.5576923076923077,0.6287493790013587
cytochrome_c,104,random,6,1,permuted,39,0.375,0.3076923076923077,0.47579363659844937
cytochrome_c,104,random,6,1,uniform,39,0.375,0.0,0.04818333171621456
cytochrome_c,104,random,6,1,composition,39,0.375,0.07692307692307693,0.12282922519364854
cytochrome_c,104,random,6,2,permuted,16,0.15384615384615385,0.6153846153846154,0.5790860829108258
cytochrome_c,104,random,6,2,uniform,16,0.15384615384615385,0.6730769230769231,0.5661717215029833
cytochrome_c,104,random,6,2,composition,16,0.15384615384615385,0.5192307692307693,0.49680356544204124
cytochrome_c,104,random,10,0,permuted,53,0.5096153846153846,0.6538461538461539,0.7256551828936035
cytochrome_c,104,random,10,0,uniform,53,0.5096153846153846,0.19230769230769232,0.5071497673221744
cytochrome_c,104,random,10,0,composition,53,0.5096153846153846,0.15384615384615385,0.1127769439541985
cytochrome_c,104,random,10,1,permuted,53,0.5096153846153846,0.0,0.06340941464902987
cytochrome_c,104,random,10,1,uniform,53,0.5096153846153846,0.19230769230769232,0.24238720026052724
cytochrome_c,104,random,10,1,composition,53,0.5096153846153846,0.019230769230769232,0.1675296789803564
cytochrome_c,104,random,10,2,permuted,55,0.5288461538461539,0.0,0.10872627890183958
cytochrome_c,104,random,10,2,uniform,55,0.5288461538461539,0.0,0.06425200473757142
cytochrome_c,104,random,10,2,composition,55,0.5288461538461539,0.0,0.08679568038797741
cytochrome_c,104,random,20,0,permuted,104,1.0,0.0,0.07258772149362885
cytochrome_c,104,random,20,0,uniform,104,1.0,0.019230769230769232,0.06402136800534933
cytochrome_c,104,random,20,0,composition,104,1.0,0.019230769230769232,0.024378873973439824
cytochrome_c,104,random,20,1,permuted,104,1.0,0.0,0.04936537792203726
cytochrome_c,104,random,20,1,uniform,104,1.0,0.019230769230769232,0.06881248406139248
cytochrome_c,104,random,20,1,composition,104,1.0,0.0,0.12812824132431502
cytochrome_c,104,random,20,2,permuted,104,1.0,0.0,0.0941164104019964
cytochrome_c,104,random,20,2,uniform,104,1.0,0.019230769230769232,0.05897647227229449
cytochrome_c,104,random,20,2,composition,104,1.0,0.019230769230769232,0.07531621374392107
cytochrome_c,104,In-class,2,0,permuted,7,0.0673076923076923,0.9230769230769231,0.9839865306130117
cytochrome_c,104,In-class,2,0,uniform,7,0.0673076923076923,0.9038461538461539,0.9734790179904355
cytochrome_c,104,In-class,2,0,composition,7,0.0673076923076923,0.8846153846153846,0.9600442441072067
cytochrome_c,104,In-class,2,1,permuted,7,0.0673076923076923,0.9230769230769231,0.9839865306130117
cytochrome_c,104,In-class,2,1,uniform,7,0.0673076923076923,0.9423076923076923,0.9580368289937546
cytochrome_c,104,In-class,2,1,composition,7,0.0673076923076923,0.8653846153846154,0.95372795121809
cytochrome_c,104,In-class,2,2,permuted,20,0.19230769230769232,0.8653846153846154,0.9455869162046294
cytochrome_c,104,In-class,2,2,uniform,20,0.19230769230769232,0.7115384615384616,0.8511813527213835
cytochrome_c,104,In-class,2,2,composition,20,0.19230769230769232,0.7692307692307693,0.8621809714937331
cytochrome_c,104,In-class,6,0,permuted,29,0.27884615384615385,0.8269230769230769,0.9395364946654211
cytochrome_c,104,In-class,6,0,uniform,29,0.27884615384615385,0.6153846153846154,0.7632972777749321
cytochrome_c,104,In-class,6,0,composition,29,0.27884615384615385,0.6153846153846154,0.7293716427270319
cytochrome_c,104,In-class,6,1,permuted,22,0.21153846153846154,0.8846153846153846,0.9628404096301261
cytochrome_c,104,In-class,6,1,uniform,22,0.21153846153846154,0.8076923076923077,0.8885645693783513
cytochrome_c,104,In-class,6,1,composition,22,0.21153846153846154,0.8076923076923077,0.914504806076687
cytochrome_c,104,In-class,6,2,permuted,36,0.34615384615384615,0.8653846153846154,0.9324053541307457
cytochrome_c,104,In-class,6,2,uniform,36,0.34615384615384615,0.5961538461538461,0.7103554374852087
cytochrome_c,104,In-class,6,2,composition,36,0.34615384615384615,0.38461538461538464,0.19883734905760062
cytochrome_c,104,In-class,10,0,permuted,53,0.5096153846153846,0.7307692307692307,0.8480782987899902
cytochrome_c,104,In-class,10,0,uniform,53,0.5096153846153846,0.038461538461538464,0.10715349238079643
cytochrome_c,104,In-class,10,0,composition,53,0.5096153846153846,0.019230769230769232,0.06308519102629835
cytochrome_c,104,In-class,10,1,permuted,58,0.5576923076923077,0.7307692307692307,0.867677242167712
cytochrome_c,104,In-class,10,1,uniform,58,0.5576923076923077,0.019230769230769232,0.0631427441460812
cytochrome_c,104,In-class,10,1,composition,58,0.5576923076923077,0.0,0.028830909118692464
cytochrome_c,104,In-class,10,2,permuted,60,0.5769230769230769,0.7307692307692307,0.8631262371143202
cytochrome_c,104,In-class,10,2,uniform,60,0.5769230769230769,0.019230769230769232,0.0556364204179191
cytochrome_c,104,In-class,10,2,composition,60,0.5769230769230769,0.0,0.16321629550812097
cytochrome_c,104,In-class,20,0,permuted,76,0.7307692307692307,0.7115384615384616,0.8281919095358784
cytochrome_c,104,In-class,20,0,uniform,76,0.7307692307692307,0.0,0.15536956262592994
cytochrome_c,104,In-class,20,0,composition,76,0.7307692307692307,0.019230769230769232,0.0945415618118339
cytochrome_c,104,In-class,20,1,permuted,76,0.7307692307692307,0.7115384615384616,0.8459116715154963
cytochrome_c,104,In-class,20,1,uniform,76,0.7307692307692307,0.019230769230769232,0.10850200428000116
cytochrome_c,104,In-class,20,1,composition,76,0.7307692307692307,0.0,0.1394227940094513
cytochrome_c,104,In-class,20,2,permuted,76,0.7307692307692307,0.6730769230769231,0.7887296594602082
cytochrome_c,104,In-class,20,2,uniform,76,0.7307692307692307,0.019230769230769232,0.10557374936588484
cytochrome_c,104,In-class,20,2,composition,76,0.7307692307692307,0.019230769230769232,0.011730117224618168
cytochrome_c,104,Cross-class,2,0,permuted,16,0.15384615384615385,0.6730769230769231,0.8415878984406574
cytochrome_c,104,Cross-class,2,0,uniform,16,0.15384615384615385,0.8076923076923077,0.8819230515495082
cytochrome_c,104,Cross-class,2,0,composition,16,0.15384615384615385,0.7884615384615384,0.8743363715577499
cytochrome_c,104,Cross-class,2,1,permuted,6,0.057692307692307696,0.8076923076923077,0.9336747250491417
cytochrome_c,104,Cross-class,2,1,uniform,6,0.057692307692307696,0.9038461538461539,0.9560063696417958
cytochrome_c,104,Cross-class,2,1,composition,6,0.057692307692307696,0.9230769230769231,0.9752628972464628
cytochrome_c,104,Cross-class,2,2,permuted,18,0.17307692307692307,0.7307692307692307,0.7527203413759178
cytochrome_c,104,Cross-class,2,2,uniform,18,0.17307692307692307,0.5384615384615384,0.6836104907670099
cytochrome_c,104,Cross-class,2,2,composition,18,0.17307692307692307,0.5961538461538461,0.6514783583778848
cytochrome_c,104,Cross-class,6,0,permuted,45,0.4326923076923077,0.019230769230769232,0.08651996247329063
cytochrome_c,104,Cross-class,6,0,uniform,45,0.4326923076923077,0.057692307692307696,0.05827586412091566
cytochrome_c,104,Cross-class,6,0,composition,45,0.4326923076923077,0.5576923076923077,0.6255426013201135
cytochrome_c,104,Cross-class,6,1,permuted,33,0.3173076923076923,0.3269230769230769,0.4430004622567722
cytochrome_c,104,Cross-class,6,1,uniform,33,0.3173076923076923,0.038461538461538464,0.060833891693942335
cytochrome_c,104,Cross-class,6,1,composition,33,0.3173076923076923,0.6153846153846154,0.637905032447545
cytochrome_c,104,Cross-class,6,2,permuted,32,0.3076923076923077,0.21153846153846154,0.347410159602818
cytochrome_c,104,Cross-class,6,2,uniform,32,0.3076923076923077,0.75,0.7799765182796148
cytochrome_c,104,Cross-class,6,2,composition,32,0.3076923076923077,0.6923076923076923,0.8094777423003225
cytochrome_c,104,Cross-class,10,0,permuted,52,0.5,0.0,0.10786244305230783
cytochrome_c,104,Cross-class,10,0,uniform,52,0.5,0.0,0.054769601002396154
cytochrome_c,104,Cross-class,10,0,composition,52,0.5,0.0,-0.007704068967381272
cytochrome_c,104,Cross-class,10,1,permuted,54,0.5192307692307693,0.0,0.0366409712374384
cytochrome_c,104,Cross-class,10,1,uniform,54,0.5192307692307693,0.0,0.1038136236848182
cytochrome_c,104,Cross-class,10,1,composition,54,0.5192307692307693,0.019230769230769232,0.0375322091158943
cytochrome_c,104,Cross-class,10,2,permuted,69,0.6634615384615384,0.0,0.06863931538375621
cytochrome_c,104,Cross-class,10,2,uniform,69,0.6634615384615384,0.019230769230769232,0.12152763295805842
cytochrome_c,104,Cross-class,10,2,composition,69,0.6634615384615384,0.0,0.07700388794061831
cytochrome_c,104,Cross-class,20,0,permuted,90,0.8653846153846154,0.019230769230769232,0.11550713904113728
cytochrome_c,104,Cross-class,20,0,uniform,90,0.8653846153846154,0.038461538461538464,0.111195049172979
cytochrome_c,104,Cross-class,20,0,composition,90,0.8653846153846154,0.0,0.05225300554478812
protein_G_B1,56,random,2,0,permuted,4,0.07142857142857142,0.5714285714285714,0.8212177638084613
protein_G_B1,56,random,2,0,uniform,4,0.07142857142857142,0.5714285714285714,0.7836632149745417
protein_G_B1,56,random,2,0,composition,4,0.07142857142857142,0.4642857142857143,0.7297704032186978
protein_G_B1,56,random,2,1,permuted,4,0.07142857142857142,0.5357142857142857,0.79719213893884
protein_G_B1,56,random,2,1,uniform,4,0.07142857142857142,0.75,0.8825985637134307
protein_G_B1,56,random,2,1,composition,4,0.07142857142857142,0.4642857142857143,0.8036154108983488
protein_G_B1,56,random,2,2,permuted,15,0.26785714285714285,0.07142857142857142,0.4170032359439756
protein_G_B1,56,random,2,2,uniform,15,0.26785714285714285,0.17857142857142858,0.5174789114531937
protein_G_B1,56,random,2,2,composition,15,0.26785714285714285,0.14285714285714285,0.4957665593893158
protein_G_B1,56,random,6,0,permuted,23,0.4107142857142857,0.07142857142857142,0.4390291988746839
protein_G_B1,56,random,6,0,uniform,23,0.4107142857142857,0.14285714285714285,0.37062322121015173
protein_G_B1,56,random,6,0,composition,23,0.4107142857142857,0.17857142857142858,0.4048051484718597
protein_G_B1,56,random,6,1,permuted,15,0.26785714285714285,0.07142857142857142,0.3790131219582734
protein_G_B1,56,random,6,1,uniform,15,0.26785714285714285,0.10714285714285714,0.29214218217349536
protein_G_B1,56,random,6,1,composition,15,0.26785714285714285,0.2857142857142857,0.2155987086895087
protein_G_B1,56,random,6,2,permuted,11,0.19642857142857142,0.32142857142857145,0.5486826609074464
protein_G_B1,56,random,6,2,uniform,11,0.19642857142857142,0.14285714285714285,0.46506287073597113
protein_G_B1,56,random,6,2,composition,11,0.19642857142857142,0.32142857142857145,0.5573896230087084
protein_G_B1,56,random,10,0,permuted,36,0.6428571428571429,0.0,0.08200201296919078
protein_G_B1,56,random,10,0,uniform,36,0.6428571428571429,0.07142857142857142,0.10091676267582989
protein_G_B1,56,random,10,0,composition,36,0.6428571428571429,0.0,0.1976645278289296
protein_G_B1,56,random,10,1,permuted,34,0.6071428571428571,0.03571428571428571,0.11564327747101119
protein_G_B1,56,random,10,1,uniform,34,0.6071428571428571,0.03571428571428571,0.11107118523308113
protein_G_B1,56,random,10,1,composition,34,0.6071428571428571,0.03571428571428571,0.2997344640539869
protein_G_B1,56,random,10,2,permuted,26,0.4642857142857143,0.10714285714285714,0.20155880356798836
protein_G_B1,56,random,10,2,uniform,26,0.4642857142857143,0.14285714285714285,0.23250308634560635
protein_G_B1,56,random,10,2,composition,26,0.4642857142857143,0.0,0.1479123738489374
protein_G_B1,56,random,20,0,permuted,56,1.0,0.03571428571428571,0.017594221387715717
protein_G_B1,56,random,20,0,uniform,56,1.0,0.03571428571428571,0.1563300268955514
protein_G_B1,56,random,20,0,composition,56,1.0,0.03571428571428571,-0.010474755070352046
protein_G_B1,56,random,20,1,permuted,56,1.0,0.03571428571428571,0.06104541634585028
protein_G_B1,56,random,20,1,uniform,56,1.0,0.07142857142857142,0.24956318110968814
protein_G_B1,56,random,20,1,composition,56,1.0,0.07142857142857142,0.10541766853670038
protein_G_B1,56,random,20,2,permuted,56,1.0,0.07142857142857142,0.10678479078814149
protein_G_B1,56,random,20,2,uniform,56,1.0,0.07142857142857142,0.08934019559619626
protein_G_B1,56,random,20,2,composition,56,1.0,0.07142857142857142,0.1027703045582872
protein_G_B1,56,In-class,2,0,permuted,4,0.07142857142857142,0.6428571428571429,0.8477019405615396
protein_G_B1,56,In-class,2,0,uniform,4,0.07142857142857142,0.5,0.8126365032944878
protein_G_B1,56,In-class,2,0,composition,4,0.07142857142857142,0.5,0.7440348743990519
protein_G_B1,56,In-class,2,1,permuted,4,0.07142857142857142,0.6428571428571429,0.8477019405615396
protein_G_B1,56,In-class,2,1,uniform,4,0.07142857142857142,0.7857142857142857,0.9086897313125479
protein_G_B1,56,In-class,2,1,composition,4,0.07142857142857142,0.5,0.7763075944059702
protein_G_B1,56,In-class,2,2,permuted,6,0.10714285714285714,0.6071428571428571,0.879000139348941
protein_G_B1,56,In-class,2,2,uniform,6,0.10714285714285714,0.42857142857142855,0.7323994388074649
protein_G_B1,56,In-class,2,2,composition,6,0.10714285714285714,0.39285714285714285,0.7364068756566862
protein_G_B1,56,In-class,6,0,permuted,19,0.3392857142857143,0.42857142857142855,0.68854577368452
protein_G_B1,56,In-class,6,0,uniform,19,0.3392857142857143,0.21428571428571427,0.41306048025389647
protein_G_B1,56,In-class,6,0,composition,19,0.3392857142857143,0.0,0.11739318109082797
protein_G_B1,56,In-class,6,1,permuted,20,0.35714285714285715,0.5714285714285714,0.8066147615823721
protein_G_B1,56,In-class,6,1,uniform,20,0.35714285714285715,0.17857142857142858,0.5613630125862054
protein_G_B1,56,In-class,6,1,composition,20,0.35714285714285715,0.21428571428571427,0.3993322443276989
protein_G_B1,56,In-class,6,2,permuted,21,0.375,0.4642857142857143,0.7682604048626257
protein_G_B1,56,In-class,6,2,uniform,21,0.375,0.2857142857142857,0.2718120281417459
protein_G_B1,56,In-class,6,2,composition,21,0.375,0.07142857142857142,0.2618285963505171
protein_G_B1,56,In-class,10,0,permuted,35,0.625,0.14285714285714285,0.40819367443616633
protein_G_B1,56,In-class,10,0,uniform,35,0.625,0.0,0.10490793648025724
protein_G_B1,56,In-class,10,0,composition,35,0.625,0.03571428571428571,0.024527225403667478
protein_G_B1,56,In-class,10,1,permuted,29,0.5178571428571429,0.32142857142857145,0.6534061571454733
protein_G_B1,56,In-class,10,1,uniform,29,0.5178571428571429,0.10714285714285714,0.06616125080994446
protein_G_B1,56,In-class,10,1,composition,29,0.5178571428571429,0.14285714285714285,0.3328325057576898
protein_G_B1,56,In-class,10,2,permuted,36,0.6428571428571429,0.2857142857142857,0.5019332586284496
protein_G_B1,56,In-class,10,2,uniform,36,0.6428571428571429,0.07142857142857142,0.2648606338994759
protein_G_B1,56,In-class,10,2,composition,36,0.6428571428571429,0.0,0.29471813716282896
protein_G_B1,56,In-class,20,0,permuted,46,0.8214285714285714,0.07142857142857142,0.30826399200798116
protein_G_B1,56,In-class,20,0,uniform,46,0.8214285714285714,0.10714285714285714,0.33577549849865196
protein_G_B1,56,In-class,20,0,composition,46,0.8214285714285714,0.03571428571428571,0.2600147288769561
protein_G_B1,56,In-class,20,1,permuted,46,0.8214285714285714,0.10714285714285714,0.20777826185586015
protein_G_B1,56,In-class,20,1,uniform,46,0.8214285714285714,0.10714285714285714,0.2631150341120456
protein_G_B1,56,In-class,20,1,composition,46,0.8214285714285714,0.0,0.1371272790717153
protein_G_B1,56,In-class,20,2,permuted,46,0.8214285714285714,0.03571428571428571,0.27484552503616905
protein_G_B1,56,In-class,20,2,uniform,46,0.8214285714285714,0.03571428571428571,0.11899646996081131
protein_G_B1,56,In-class,20,2,composition,46,0.8214285714285714,0.10714285714285714,0.12656937222822917
protein_G_B1,56,Cross-class,2,0,permuted,6,0.10714285714285714,0.5714285714285714,0.753225770297107
protein_G_B1,56,Cross-class,2,0,uniform,6,0.10714285714285714,0.7142857142857143,0.7938595133262203
protein_G_B1,56,Cross-class,2,0,composition,6,0.10714285714285714,0.6428571428571429,0.7637537605585731
protein_G_B1,56,Cross-class,2,1,permuted,4,0.07142857142857142,0.35714285714285715,0.6946857347465858
protein_G_B1,56,Cross-class,2,1,uniform,4,0.07142857142857142,0.6785714285714286,0.8477150623033844
protein_G_B1,56,Cross-class,2,1,composition,4,0.07142857142857142,0.5,0.8113246011913392
protein_G_B1,56,Cross-class,2,2,permuted,7,0.125,0.14285714285714285,0.41641709849533753
protein_G_B1,56,Cross-class,2,2,uniform,7,0.125,0.32142857142857145,0.5032266963012735
protein_G_B1,56,Cross-class,2,2,composition,7,0.125,0.21428571428571427,0.4444986896345382
protein_G_B1,56,Cross-class,6,0,permuted,19,0.3392857142857143,0.21428571428571427,0.3857342735351998
protein_G_B1,56,Cross-class,6,0,uniform,19,0.3392857142857143,0.21428571428571427,0.6652596412106421
protein_G_B1,56,Cross-class,6,0,composition,19,0.3392857142857143,0.25,0.4806057285431309
protein_G_B1,56,Cross-class,6,1,permuted,14,0.25,0.35714285714285715,0.4848412932435057
protein_G_B1,56,Cross-class,6,1,uniform,14,0.25,0.32142857142857145,0.3793834988902018
protein_G_B1,56,Cross-class,6,1,composition,14,0.25,0.25,0.3719103391750747
protein_G_B1,56,Cross-class,6,2,permuted,16,0.2857142857142857,0.07142857142857142,0.20899275883292806
protein_G_B1,56,Cross-class,6,2,uniform,16,0.2857142857142857,0.07142857142857142,0.3651719599012679
protein_G_B1,56,Cross-class,6,2,composition,16,0.2857142857142857,0.25,0.24081266125651438
protein_G_B1,56,Cross-class,10,0,permuted,30,0.5357142857142857,0.10714285714285714,0.04757632554559192
protein_G_B1,56,Cross-class,10,0,uniform,30,0.5357142857142857,0.0,0.2774708627919375
protein_G_B1,56,Cross-class,10,0,composition,30,0.5357142857142857,0.10714285714285714,0.1961048956495335
protein_G_B1,56,Cross-class,10,1,permuted,27,0.48214285714285715,0.2857142857142857,0.3417231598774484
protein_G_B1,56,Cross-class,10,1,uniform,27,0.48214285714285715,0.0,0.2645886143783805
protein_G_B1,56,Cross-class,10,1,composition,27,0.48214285714285715,0.03571428571428571,0.10494788297051129
protein_G_B1,56,Cross-class,10,2,permuted,31,0.5535714285714286,0.0,0.2063613858179509
protein_G_B1,56,Cross-class,10,2,uniform,31,0.5535714285714286,0.07142857142857142,0.22164962494357793
protein_G_B1,56,Cross-class,10,2,composition,31,0.5535714285714286,0.03571428571428571,0.0594427953119269
protein_G_B1,56,Cross-class,20,0,permuted,45,0.8035714285714286,0.10714285714285714,0.1044018651548095
protein_G_B1,56,Cross-class,20,0,uniform,45,0.8035714285714286,0.07142857142857142,0.26570642353476537
protein_G_B1,56,Cross-class,20,0,composition,45,0.8035714285714286,0.07142857142857142,0.18731144877850467
ubiquitin,76,random,2,0,permuted,9,0.11842105263157894,0.868421052631579,0.9234640859700926
ubiquitin,76,random,2,0,uniform,9,0.11842105263157894,0.8157894736842105,0.8834291676074472
ubiquitin,76,random,2,0,composition,9,0.11842105263157894,0.868421052631579,0.9074297118867035
ubiquitin,76,random,2,1,permuted,9,0.11842105263157894,0.8157894736842105,0.7938815015941395
ubiquitin,76,random,2,1,uniform,9,0.11842105263157894,0.8421052631578947,0.8738842901985622
ubiquitin,76,random,2,1,composition,9,0.11842105263157894,0.8157894736842105,0.8586655535718485
ubiquitin,76,random,2,2,permuted,11,0.14473684210526316,0.8157894736842105,0.8164425395203865
ubiquitin,76,random,2,2,uniform,11,0.14473684210526316,0.8421052631578947,0.8205100121726743
ubiquitin,76,random,2,2,composition,11,0.14473684210526316,0.8157894736842105,0.7480575940691269
ubiquitin,76,random,6,0,permuted,26,0.34210526315789475,0.21052631578947367,0.3710060962583787
ubiquitin,76,random,6,0,uniform,26,0.34210526315789475,0.34210526315789475,0.4778760950192954
ubiquitin,76,random,6,0,composition,26,0.34210526315789475,0.10526315789473684,0.18282585186717812
ubiquitin,76,random,6,1,permuted,27,0.35526315789473684,0.6052631578947368,0.5321966729943663
ubiquitin,76,random,6,1,uniform,27,0.35526315789473684,0.47368421052631576,0.5713631555053947
ubiquitin,76,random,6,1,composition,27,0.35526315789473684,0.5,0.48516690208184676
ubiquitin,76,random,6,2,permuted,17,0.2236842105263158,0.8157894736842105,0.7571058486603895
ubiquitin,76,random,6,2,uniform,17,0.2236842105263158,0.8157894736842105,0.7680125243436151
ubiquitin,76,random,6,2,composition,17,0.2236842105263158,0.7368421052631579,0.8095479364460623
ubiquitin,76,random,10,0,permuted,45,0.5921052631578947,0.5263157894736842,0.5023258817107928
ubiquitin,76,random,10,0,uniform,45,0.5921052631578947,0.0,0.06763282102061534
ubiquitin,76,random,10,0,composition,45,0.5921052631578947,0.0,0.16839378252160567
ubiquitin,76,random,10,1,permuted,45,0.5921052631578947,0.02631578947368421,0.2499798468923889
ubiquitin,76,random,10,1,uniform,45,0.5921052631578947,0.02631578947368421,0.005660100218005071
ubiquitin,76,random,10,1,composition,45,0.5921052631578947,0.0,0.16731531456423335
ubiquitin,76,random,10,2,permuted,45,0.5921052631578947,0.05263157894736842,0.20512555414045078
ubiquitin,76,random,10,2,uniform,45,0.5921052631578947,0.02631578947368421,0.18812592581213433
ubiquitin,76,random,10,2,composition,45,0.5921052631578947,0.0,0.1470084896682686
ubiquitin,76,random,20,0,permuted,76,1.0,0.02631578947368421,0.20867305581385345
ubiquitin,76,random,20,0,uniform,76,1.0,0.02631578947368421,0.18091615256439858
ubiquitin,76,random,20,0,composition,76,1.0,0.05263157894736842,0.1361735653422342
ubiquitin,76,random,20,1,permuted,76,1.0,0.0,0.20212180232603102
ubiquitin,76,random,20,1,uniform,76,1.0,0.05263157894736842,0.12779116606603388
ubiquitin,76,random,20,1,composition,76,1.0,0.0,0.023854962646409066
ubiquitin,76,random,20,2,permuted,76,1.0,0.0,0.13181687365973765
ubiquitin,76,random,20,2,uniform,76,1.0,0.0,0.09298063248087272
ubiquitin,76,random,20,2,composition,76,1.0,0.0,-0.1035527383076638
ubiquitin,76,In-class,2,0,permuted,8,0.10526315789473684,0.868421052631579,0.9362270598214856
ubiquitin,76,In-class,2,0,uniform,8,0.10526315789473684,0.7894736842105263,0.9183479916420809
ubiquitin,76,In-class,2,0,composition,8,0.10526315789473684,0.8421052631578947,0.9000585657601515
ubiquitin,76,In-class,2,1,permuted,8,0.10526315789473684,0.868421052631579,0.9362270598214856
ubiquitin,76,In-class,2,1,uniform,8,0.10526315789473684,0.8947368421052632,0.9218635427789679
ubiquitin,76,In-class,2,1,composition,8,0.10526315789473684,0.8157894736842105,0.9273709204992241
ubiquitin,76,In-class,2,2,permuted,11,0.14473684210526316,0.8947368421052632,0.9520521245533257
ubiquitin,76,In-class,2,2,uniform,11,0.14473684210526316,0.7894736842105263,0.859940353308926
ubiquitin,76,In-class,2,2,composition,11,0.14473684210526316,0.7631578947368421,0.7977951116105848
ubiquitin,76,In-class,6,0,permuted,30,0.39473684210526316,0.7894736842105263,0.8790715171421563
ubiquitin,76,In-class,6,0,uniform,30,0.39473684210526316,0.2894736842105263,0.48682388544233807
ubiquitin,76,In-class,6,0,composition,30,0.39473684210526316,0.6052631578947368,0.5969172559513741
ubiquitin,76,In-class,6,1,permuted,23,0.3026315789473684,0.7368421052631579,0.8522249681548095
ubiquitin,76,In-class,6,1,uniform,23,0.3026315789473684,0.7368421052631579,0.7105697148705317
ubiquitin,76,In-class,6,1,composition,23,0.3026315789473684,0.7105263157894737,0.5686808999639369
ubiquitin,76,In-class,6,2,permuted,29,0.3815789473684211,0.7105263157894737,0.8524848396304425
ubiquitin,76,In-class,6,2,uniform,29,0.3815789473684211,0.7105263157894737,0.6980461873542123
ubiquitin,76,In-class,6,2,composition,29,0.3815789473684211,0.6052631578947368,0.62308640155829
ubiquitin,76,In-class,10,0,permuted,41,0.5394736842105263,0.7105263157894737,0.8199815628335569
ubiquitin,76,In-class,10,0,uniform,41,0.5394736842105263,0.42105263157894735,0.36851701344733534
ubiquitin,76,In-class,10,0,composition,41,0.5394736842105263,0.02631578947368421,0.18119727194691151
ubiquitin,76,In-class,10,1,permuted,51,0.6710526315789473,0.7105263157894737,0.796400789396945
ubiquitin,76,In-class,10,1,uniform,51,0.6710526315789473,0.05263157894736842,0.17029306989662585
ubiquitin,76,In-class,10,1,composition,51,0.6710526315789473,0.0,0.11435660687222435
ubiquitin,76,In-class,10,2,permuted,53,0.6973684210526315,0.7894736842105263,0.8157822555467917
ubiquitin,76,In-class,10,2,uniform,53,0.6973684210526315,0.05263157894736842,0.24180722769141796
ubiquitin,76,In-class,10,2,composition,53,0.6973684210526315,0.0,0.031397505532536764
ubiquitin,76,In-class,20,0,permuted,64,0.8421052631578947,0.631578947368421,0.7457268344341865
ubiquitin,76,In-class,20,0,uniform,64,0.8421052631578947,0.0,0.18658268822853155
ubiquitin,76,In-class,20,0,composition,64,0.8421052631578947,0.0,0.200723510298234
ubiquitin,76,In-class,20,1,permuted,64,0.8421052631578947,0.6578947368421053,0.7668229949344796
ubiquitin,76,In-class,20,1,uniform,64,0.8421052631578947,0.05263157894736842,0.14991339084323224
ubiquitin,76,In-class,20,1,composition,64,0.8421052631578947,0.05263157894736842,0.11238852183109749
ubiquitin,76,In-class,20,2,permuted,64,0.8421052631578947,0.7368421052631579,0.7845385033035199
ubiquitin,76,In-class,20,2,uniform,64,0.8421052631578947,0.05263157894736842,0.15569564452313128
ubiquitin,76,In-class,20,2,composition,64,0.8421052631578947,0.02631578947368421,0.11864670248860539
ubiquitin,76,Cross-class,2,0,permuted,13,0.17105263157894737,0.631578947368421,0.7407922607586229
ubiquitin,76,Cross-class,2,0,uniform,13,0.17105263157894737,0.7894736842105263,0.8166230880550918
ubiquitin,76,Cross-class,2,0,composition,13,0.17105263157894737,0.6578947368421053,0.7687599722078338
ubiquitin,76,Cross-class,2,1,permuted,2,0.02631578947368421,0.9473684210526315,0.9770524392581095
ubiquitin,76,Cross-class,2,1,uniform,2,0.02631578947368421,0.9736842105263158,0.9843489323426853
ubiquitin,76,Cross-class,2,1,composition,2,0.02631578947368421,0.9736842105263158,0.9842455051489168
ubiquitin,76,Cross-class,2,2,permuted,7,0.09210526315789473,0.8157894736842105,0.8606782026772414
ubiquitin,76,Cross-class,2,2,uniform,7,0.09210526315789473,0.8421052631578947,0.9024872692580523
ubiquitin,76,Cross-class,2,2,composition,7,0.09210526315789473,0.8157894736842105,0.882179236215757
ubiquitin,76,Cross-class,6,0,permuted,36,0.47368421052631576,0.0,0.12183476329319672
ubiquitin,76,Cross-class,6,0,uniform,36,0.47368421052631576,0.0,0.04430177383084639
ubiquitin,76,Cross-class,6,0,composition,36,0.47368421052631576,0.0,0.17862051718370794
ubiquitin,76,Cross-class,6,1,permuted,24,0.3157894736842105,0.6578947368421053,0.6538045888117968
ubiquitin,76,Cross-class,6,1,uniform,24,0.3157894736842105,0.6578947368421053,0.6675670797246962
ubiquitin,76,Cross-class,6,1,composition,24,0.3157894736842105,0.7368421052631579,0.6764844637982551
ubiquitin,76,Cross-class,6,2,permuted,20,0.2631578947368421,0.6052631578947368,0.5187596975078954
ubiquitin,76,Cross-class,6,2,uniform,20,0.2631578947368421,0.7631578947368421,0.5587928503233645
ubiquitin,76,Cross-class,6,2,composition,20,0.2631578947368421,0.631578947368421,0.5594014307012865
ubiquitin,76,Cross-class,10,0,permuted,40,0.5263157894736842,0.05263157894736842,0.1703699005356862
ubiquitin,76,Cross-class,10,0,uniform,40,0.5263157894736842,0.3157894736842105,0.39947855150882533
ubiquitin,76,Cross-class,10,0,composition,40,0.5263157894736842,0.07894736842105263,0.16927706950532515
ubiquitin,76,Cross-class,10,1,permuted,46,0.6052631578947368,0.05263157894736842,0.11818085273154949
ubiquitin,76,Cross-class,10,1,uniform,46,0.6052631578947368,0.0,0.026993872164463226
ubiquitin,76,Cross-class,10,1,composition,46,0.6052631578947368,0.47368421052631576,0.34537713741221665
ubiquitin,76,Cross-class,10,2,permuted,46,0.6052631578947368,0.05263157894736842,0.2221107820579228
ubiquitin,76,Cross-class,10,2,uniform,46,0.6052631578947368,0.0,0.10312172877045532
ubiquitin,76,Cross-class,10,2,composition,46,0.6052631578947368,0.0,0.10213824698447474
ubiquitin,76,Cross-class,20,0,permuted,64,0.8421052631578947,0.0,0.17752983441354414
ubiquitin,76,Cross-class,20,0,uniform,64,0.8421052631578947,0.02631578947368421,0.10399253957639348
ubiquitin,76,Cross-class,20,0,composition,64,0.8421052631578947,0.0,0.25014142246242194
