model,protein,length,regime,m,seed,m_realized,hamming,overlap,chance,n_contacts,overlap_sep24
esm2_t33_650M_UR50D,PF00013|B3RHY5_TRIAD,67,identity,0,0,0,0,1.0,0.02142857142857143,33,1.0
esm2_t33_650M_UR50D,PF00013|B3RHY5_TRIAD,67,random,2,0,2,8,0.8787878787878788,0.02142857142857143,33,0.9090909090909091
esm2_t33_650M_UR50D,PF00013|B3RHY5_TRIAD,67,random,2,1,2,6,0.9090909090909091,0.02142857142857143,33,0.9393939393939394
esm2_t33_650M_UR50D,PF00013|B3RHY5_TRIAD,67,random,2,2,2,9,0.8787878787878788,0.02142857142857143,33,0.8484848484848485
esm2_t33_650M_UR50D,PF00013|B3RHY5_TRIAD,67,random,6,0,6,18,0.0,0.02142857142857143,33,0.030303030303030304
esm2_t33_650M_UR50D,PF00013|B3RHY5_TRIAD,67,random,6,1,6,20,0.09090909090909091,0.02142857142857143,33,0.06060606060606061
esm2_t33_650M_UR50D,PF00013|B3RHY5_TRIAD,67,random,6,2,6,16,0.8787878787878788,0.02142857142857143,33,0.9090909090909091
esm2_t33_650M_UR50D,PF00013|B3RHY5_TRIAD,67,random,10,0,10,32,0.696969696969697,0.02142857142857143,33,0.7575757575757576
esm2_t33_650M_UR50D,PF00013|B3RHY5_TRIAD,67,random,10,1,10,36,0.06060606060606061,0.02142857142857143,33,0.0
esm2_t33_650M_UR50D,PF00013|B3RHY5_TRIAD,67,random,10,2,10,33,0.0,0.02142857142857143,33,0.030303030303030304
esm2_t33_650M_UR50D,PF00013|B3RHY5_TRIAD,67,random,20,0,20,67,0.0,0.02142857142857143,33,0.0
esm2_t33_650M_UR50D,PF00013|B3RHY5_TRIAD,67,random,20,1,20,67,0.0,0.02142857142857143,33,0.0
esm2_t33_650M_UR50D,PF00013|B3RHY5_TRIAD,67,random,20,2,20,67,0.030303030303030304,0.02142857142857143,33,0.0
esm2_t33_650M_UR50D,PF00013|B3RHY5_TRIAD,67,In-class,2,0,2,4,0.9696969696969697,0.02142857142857143,33,0.9696969696969697
esm2_t33_650M_UR50D,PF00013|B3RHY5_TRIAD,67,In-class,2,1,2,4,0.9696969696969697,0.02142857142857143,33,0.9696969696969697
esm2_t33_650M_UR50D,PF00013|B3RHY5_TRIAD,67,In-class,2,2,2,7,0.9696969696969697,0.02142857142857143,33,0.9696969696969697
esm2_t33_650M_UR50D,PF00013|B3RHY5_TRIAD,67,In-class,6,0,6,19,0.9393939393939394,0.02142857142857143,33,0.9393939393939394
esm2_t33_650M_UR50D,PF00013|B3RHY5_TRIAD,67,In-class,6,1,6,19,0.8787878787878788,0.02142857142857143,33,0.9090909090909091
esm2_t33_650M_UR50D,PF00013|B3RHY5_TRIAD,67,In-class,6,2,6,19,0.9090909090909091,0.02142857142857143,33,0.9090909090909091
esm2_t33_650M_UR50D,PF00013|B3RHY5_TRIAD,67,In-class,10,0,10,29,0.9090909090909091,0.02142857142857143,33,0.9090909090909091
esm2_t33_650M_UR50D,PF00013|B3RHY5_TRIAD,67,In-class,10,1,10,35,0.9393939393939394,0.02142857142857143,33,0.8787878787878788
esm2_t33_650M_UR50D,PF00013|B3RHY5_TRIAD,67,In-class,10,2,10,39,0.9393939393939394,0.02142857142857143,33,0.9090909090909091
esm2_t33_650M_UR50D,PF00013|B3RHY5_TRIAD,67,In-class,20,0,15,49,0.9090909090909091,0.02142857142857143,33,0.8787878787878788
esm2_t33_650M_UR50D,PF00013|B3RHY5_TRIAD,67,In-class,20,1,15,49,0.9090909090909091,0.02142857142857143,33,0.8484848484848485
esm2_t33_650M_UR50D,PF00013|B3RHY5_TRIAD,67,In-class,20,2,15,49,0.9393939393939394,0.02142857142857143,33,0.8787878787878788
esm2_t33_650M_UR50D,PF00013|B3RHY5_TRIAD,67,Cross-class,2,0,2,8,0.8484848484848485,0.02142857142857143,33,0.8787878787878788
esm2_t33_650M_UR50D,PF00013|B3RHY5_TRIAD,67,Cross-class,2,1,2,2,0.9696969696969697,0.02142857142857143,33,0.9696969696969697
esm2_t33_650M_UR50D,PF00013|B3RHY5_TRIAD,67,Cross-class,2,2,2,8,0.18181818181818182,0.02142857142857143,33,0.09090909090909091
esm2_t33_650M_UR50D,PF00013|B3RHY5_TRIAD,67,Cross-class,6,0,6,27,0.0,0.02142857142857143,33,0.0
esm2_t33_650M_UR50D,PF00013|B3RHY5_TRIAD,67,Cross-class,6,1,6,20,0.21212121212121213,0.02142857142857143,33,0.06060606060606061
esm2_t33_650M_UR50D,PF00013|B3RHY5_TRIAD,67,Cross-class,6,2,6,14,0.030303030303030304,0.02142857142857143,33,0.030303030303030304
esm2_t33_650M_UR50D,PF00013|B3RHY5_TRIAD,67,Cross-class,10,0,10,33,0.0,0.02142857142857143,33,0.0
esm2_t33_650M_UR50D,PF00013|B3RHY5_TRIAD,67,Cross-class,10,1,10,37,0.0,0.02142857142857143,33,0.0
esm2_t33_650M_UR50D,PF00013|B3RHY5_TRIAD,67,Cross-class,10,2,10,34,0.0,0.02142857142857143,33,0.0
esm2_t33_650M_UR50D,PF00013|B3RHY5_TRIAD,67,Cross-class,20,0,16,54,0.0,0.02142857142857143,33,0.0
esm2_t33_650M_UR50D,PF00013|B3RHY5_TRIAD,67,Cross-class,20,1,14,47,0.0,0.02142857142857143,33,0.0
esm2_t33_650M_UR50D,PF00013|B3RHY5_TRIAD,67,Cross-class,20,2,16,54,0.0,0.02142857142857143,33,0.0
esm2_t33_650M_UR50D,PF00018|BOI2_YEAST,51,identity,0,0,0,0,1.0,0.03205128205128205,25,1.0
esm2_t33_650M_UR50D,PF00018|BOI2_YEAST,51,random,2,0,2,4,0.96,0.03205128205128205,25,0.88
esm2_t33_650M_UR50D,PF00018|BOI2_YEAST,51,random,2,1,2,7,0.88,0.03205128205128205,25,0.8
esm2_t33_650M_UR50D,PF00018|BOI2_YEAST,51,random,2,2,2,4,0.92,0.03205128205128205,25,0.88
esm2_t33_650M_UR50D,PF00018|BOI2_YEAST,51,random,6,0,6,14,0.6,0.03205128205128205,25,0.72
esm2_t33_650M_UR50D,PF00018|BOI2_YEAST,51,random,6,1,6,21,0.12,0.03205128205128205,25,0.08
esm2_t33_650M_UR50D,PF00018|BOI2_YEAST,51,random,6,2,6,10,0.92,0.03205128205128205,25,0.72
esm2_t33_650M_UR50D,PF00018|BOI2_YEAST,51,random,10,0,10,30,0.04,0.03205128205128205,25,0.12
esm2_t33_650M_UR50D,PF00018|BOI2_YEAST,51,random,10,1,10,23,0.0,0.03205128205128205,25,0.04
esm2_t33_650M_UR50D,PF00018|BOI2_YEAST,51,random,10,2,10,25,0.16,0.03205128205128205,25,0.04
esm2_t33_650M_UR50D,PF00018|BOI2_YEAST,51,random,20,0,20,51,0.04,0.03205128205128205,25,0.12
esm2_t33_650M_UR50D,PF00018|BOI2_YEAST,51,random,20,1,20,51,0.12,0.03205128205128205,25,0.0
esm2_t33_650M_UR50D,PF00018|BOI2_YEAST,51,random,20,2,20,51,0.08,0.03205128205128205,25,0.0
esm2_t33_650M_UR50D,PF00018|BOI2_YEAST,51,In-class,2,0,2,3,0.96,0.03205128205128205,25,0.88
esm2_t33_650M_UR50D,PF00018|BOI2_YEAST,51,In-class,2,1,2,3,0.96,0.03205128205128205,25,0.88
esm2_t33_650M_UR50D,PF00018|BOI2_YEAST,51,In-class,2,2,2,8,1.0,0.03205128205128205,25,0.92
esm2_t33_650M_UR50D,PF00018|BOI2_YEAST,51,In-class,6,0,6,22,0.92,0.03205128205128205,25,0.88
esm2_t33_650M_UR50D,PF00018|BOI2_YEAST,51,In-class,6,1,6,9,0.96,0.03205128205128205,25,0.84
esm2_t33_650M_UR50D,PF00018|BOI2_YEAST,51,In-class,6,2,6,13,0.96,0.03205128205128205,25,0.84
esm2_t33_650M_UR50D,PF00018|BOI2_YEAST,51,In-class,10,0,10,31,0.92,0.03205128205128205,25,0.84
esm2_t33_650M_UR50D,PF00018|BOI2_YEAST,51,In-class,10,1,10,35,0.04,0.03205128205128205,25,0.12
esm2_t33_650M_UR50D,PF00018|BOI2_YEAST,51,In-class,10,2,10,34,0.96,0.03205128205128205,25,0.76
esm2_t33_650M_UR50D,PF00018|BOI2_YEAST,51,In-class,20,0,15,44,0.92,0.03205128205128205,25,0.8
esm2_t33_650M_UR50D,PF00018|BOI2_YEAST,51,In-class,20,1,15,44,0.84,0.03205128205128205,25,0.8
esm2_t33_650M_UR50D,PF00018|BOI2_YEAST,51,In-class,20,2,15,44,0.92,0.03205128205128205,25,0.76
esm2_t33_650M_UR50D,PF00018|BOI2_YEAST,51,Cross-class,2,0,2,11,0.84,0.03205128205128205,25,0.72
esm2_t33_650M_UR50D,PF00018|BOI2_YEAST,51,Cross-class,2,1,2,4,0.96,0.03205128205128205,25,0.84
esm2_t33_650M_UR50D,PF00018|BOI2_YEAST,51,Cross-class,2,2,2,8,0.84,0.03205128205128205,25,0.76
esm2_t33_650M_UR50D,PF00018|BOI2_YEAST,51,Cross-class,6,0,6,21,0.56,0.03205128205128205,25,0.6
esm2_t33_650M_UR50D,PF00018|BOI2_YEAST,51,Cross-class,6,1,6,20,0.52,0.03205128205128205,25,0.28
esm2_t33_650M_UR50D,PF00018|BOI2_YEAST,51,Cross-class,6,2,6,13,0.92,0.03205128205128205,25,0.76
esm2_t33_650M_UR50D,PF00018|BOI2_YEAST,51,Cross-class,10,0,10,30,0.04,0.03205128205128205,25,0.12
esm2_t33_650M_UR50D,PF00018|BOI2_YEAST,51,Cross-class,10,1,10,29,0.08,0.03205128205128205,25,0.0
esm2_t33_650M_UR50D,PF00018|BOI2_YEAST,51,Cross-class,10,2,10,37,0.0,0.03205128205128205,25,0.04
esm2_t33_650M_UR50D,PF00018|BOI2_YEAST,51,Cross-class,20,0,16,46,0.0,0.03205128205128205,25,0.08
esm2_t33_650M_UR50D,PF00018|BOI2_YEAST,51,Cross-class,20,1,14,41,0.04,0.03205128205128205,25,0.04
esm2_t33_650M_UR50D,PF00018|BOI2_YEAST,51,Cross-class,20,2,16,46,0.0,0.03205128205128205,25,0.08
esm2_t33_650M_UR50D,PF00027|P73234_SYNY3,89,identity,0,0,0,0,1.0,0.014652014652014652,44,1.0
esm2_t33_650M_UR50D,PF00027|P73234_SYNY3,89,random,2,0,2,13,0.8863636363636364,0.014652014652014652,44,0.9318181818181818
esm2_t33_650M_UR50D,PF00027|P73234_SYNY3,89,random,2,1,2,16,0.0,0.014652014652014652,44,0.0
esm2_t33_650M_UR50D,PF00027|P73234_SYNY3,89,random,2,2,2,8,0.9318181818181818,0.014652014652014652,44,0.9090909090909091
esm2_t33_650M_UR50D,PF00027|P73234_SYNY3,89,random,6,0,6,26,0.045454545454545456,0.014652014652014652,44,0.0
esm2_t33_650M_UR50D,PF00027|P73234_SYNY3,89,random,6,1,6,32,0.0,0.014652014652014652,44,0.022727272727272728
esm2_t33_650M_UR50D,PF00027|P73234_SYNY3,89,random,6,2,6,13,0.9090909090909091,0.014652014652014652,44,0.9545454545454546
esm2_t33_650M_UR50D,PF00027|P73234_SYNY3,89,random,10,0,10,40,0.9090909090909091,0.014652014652014652,44,0.8863636363636364
esm2_t33_650M_UR50D,PF00027|P73234_SYNY3,89,random,10,1,10,48,0.09090909090909091,0.014652014652014652,44,0.0
esm2_t33_650M_UR50D,PF00027|P73234_SYNY3,89,random,10,2,10,45,0.0,0.014652014652014652,44,0.022727272727272728
esm2_t33_650M_UR50D,PF00027|P73234_SYNY3,89,random,20,0,20,89,0.022727272727272728,0.014652014652014652,44,0.0
esm2_t33_650M_UR50D,PF00027|P73234_SYNY3,89,random,20,1,20,89,0.0,0.014652014652014652,44,0.0
esm2_t33_650M_UR50D,PF00027|P73234_SYNY3,89,random,20,2,20,89,0.0,0.014652014652014652,44,0.022727272727272728
esm2_t33_650M_UR50D,PF00027|P73234_SYNY3,89,In-class,2,0,2,7,0.8409090909090909,0.014652014652014652,44,0.8636363636363636
esm2_t33_650M_UR50D,PF00027|P73234_SYNY3,89,In-class,2,1,2,7,0.8409090909090909,0.014652014652014652,44,0.8636363636363636
esm2_t33_650M_UR50D,PF00027|P73234_SYNY3,89,In-class,2,2,2,6,0.9545454545454546,0.014652014652014652,44,0.9772727272727273
esm2_t33_650M_UR50D,PF00027|P73234_SYNY3,89,In-class,6,0,6,34,0.7954545454545454,0.014652014652014652,44,0.8181818181818182
esm2_t33_650M_UR50D,PF00027|P73234_SYNY3,89,In-class,6,1,6,22,0.8636363636363636,0.014652014652014652,44,0.9090909090909091
esm2_t33_650M_UR50D,PF00027|P73234_SYNY3,89,In-class,6,2,6,24,0.8636363636363636,0.014652014652014652,44,0.9318181818181818
esm2_t33_650M_UR50D,PF00027|P73234_SYNY3,89,In-class,10,0,10,45,0.7954545454545454,0.014652014652014652,44,0.8181818181818182
esm2_t33_650M_UR50D,PF00027|P73234_SYNY3,89,In-class,10,1,10,45,0.8181818181818182,0.014652014652014652,44,0.8409090909090909
esm2_t33_650M_UR50D,PF00027|P73234_SYNY3,89,In-class,10,2,10,49,0.9318181818181818,0.014652014652014652,44,0.8636363636363636
esm2_t33_650M_UR50D,PF00027|P73234_SYNY3,89,In-class,20,0,15,69,0.8409090909090909,0.014652014652014652,44,0.8863636363636364
esm2_t33_650M_UR50D,PF00027|P73234_SYNY3,89,In-class,20,1,15,69,0.7954545454545454,0.014652014652014652,44,0.8409090909090909
esm2_t33_650M_UR50D,PF00027|P73234_SYNY3,89,In-class,20,2,15,69,0.8181818181818182,0.014652014652014652,44,0.8863636363636364
esm2_t33_650M_UR50D,PF00027|P73234_SYNY3,89,Cross-class,2,0,2,18,0.0,0.014652014652014652,44,0.0
esm2_t33_650M_UR50D,PF00027|P73234_SYNY3,89,Cross-class,2,1,2,8,0.8409090909090909,0.014652014652014652,44,0.9090909090909091
esm2_t33_650M_UR50D,PF00027|P73234_SYNY3,89,Cross-class,2,2,2,12,0.6363636363636364,0.014652014652014652,44,0.6590909090909091
esm2_t33_650M_UR50D,PF00027|P73234_SYNY3,89,Cross-class,6,0,6,38,0.045454545454545456,0.014652014652014652,44,0.0
esm2_t33_650M_UR50D,PF00027|P73234_SYNY3,89,Cross-class,6,1,6,23,0.5,0.014652014652014652,44,0.6590909090909091
esm2_t33_650M_UR50D,PF00027|P73234_SYNY3,89,Cross-class,6,2,6,18,0.7727272727272727,0.014652014652014652,44,0.8409090909090909
esm2_t33_650M_UR50D,PF00027|P73234_SYNY3,89,Cross-class,10,0,10,40,0.045454545454545456,0.014652014652014652,44,0.022727272727272728
esm2_t33_650M_UR50D,PF00027|P73234_SYNY3,89,Cross-class,10,1,10,44,0.0,0.014652014652014652,44,0.0
esm2_t33_650M_UR50D,PF00027|P73234_SYNY3,89,Cross-class,10,2,10,59,0.0,0.014652014652014652,44,0.0
esm2_t33_650M_UR50D,PF00027|P73234_SYNY3,89,Cross-class,20,0,16,81,0.0,0.014652014652014652,44,0.0
esm2_t33_650M_UR50D,PF00027|P73234_SYNY3,89,Cross-class,20,1,14,64,0.0,0.014652014652014652,44,0.0
esm2_t33_650M_UR50D,PF00027|P73234_SYNY3,89,Cross-class,20,2,16,81,0.0,0.014652014652014652,44,0.0
esm2_t33_650M_UR50D,PF00072|AGMR_PSEAE,114,identity,0,0,0,0,1.0,0.010850942318675044,57,1.0
esm2_t33_650M_UR50D,PF00072|AGMR_PSEAE,114,random,2,0,2,13,0.9122807017543859,0.010850942318675044,57,0.9473684210526315
esm2_t33_650M_UR50D,PF00072|AGMR_PSEAE,114,random,2,1,2,15,0.8947368421052632,0.010850942318675044,57,0.9298245614035088
esm2_t33_650M_UR50D,PF00072|AGMR_PSEAE,114,random,2,2,2,14,0.9122807017543859,0.010850942318675044,57,0.9473684210526315
esm2_t33_650M_UR50D,PF00072|AGMR_PSEAE,114,random,6,0,6,30,0.8947368421052632,0.010850942318675044,57,0.9298245614035088
esm2_t33_650M_UR50D,PF00072|AGMR_PSEAE,114,random,6,1,6,37,0.7543859649122807,0.010850942318675044,57,0.7894736842105263
esm2_t33_650M_UR50D,PF00072|AGMR_PSEAE,114,random,6,2,6,32,0.7543859649122807,0.010850942318675044,57,0.7719298245614035
esm2_t33_650M_UR50D,PF00072|AGMR_PSEAE,114,random,10,0,10,57,0.5614035087719298,0.010850942318675044,57,0.7017543859649122
esm2_t33_650M_UR50D,PF00072|AGMR_PSEAE,114,random,10,1,10,60,0.24561403508771928,0.010850942318675044,57,0.3157894736842105
esm2_t33_650M_UR50D,PF00072|AGMR_PSEAE,114,random,10,2,10,61,0.0,0.010850942318675044,57,0.03508771929824561
esm2_t33_650M_UR50D,PF00072|AGMR_PSEAE,114,random,20,0,20,114,0.0,0.010850942318675044,57,0.10526315789473684
esm2_t33_650M_UR50D,PF00072|AGMR_PSEAE,114,random,20,1,20,114,0.0,0.010850942318675044,57,0.03508771929824561
esm2_t33_650M_UR50D,PF00072|AGMR_PSEAE,114,random,20,2,20,114,0.05263157894736842,0.010850942318675044,57,0.03508771929824561
esm2_t33_650M_UR50D,PF00072|AGMR_PSEAE,114,In-class,2,0,2,10,0.9473684210526315,0.010850942318675044,57,0.9824561403508771
esm2_t33_650M_UR50D,PF00072|AGMR_PSEAE,114,In-class,2,1,2,10,0.9473684210526315,0.010850942318675044,57,0.9824561403508771
esm2_t33_650M_UR50D,PF00072|AGMR_PSEAE,114,In-class,2,2,2,5,0.9473684210526315,0.010850942318675044,57,1.0
esm2_t33_650M_UR50D,PF00072|AGMR_PSEAE,114,In-class,6,0,6,46,0.8596491228070176,0.010850942318675044,57,0.9122807017543859
esm2_t33_650M_UR50D,PF00072|AGMR_PSEAE,114,In-class,6,1,6,34,0.9122807017543859,0.010850942318675044,57,0.9298245614035088
esm2_t33_650M_UR50D,PF00072|AGMR_PSEAE,114,In-class,6,2,6,26,0.9473684210526315,0.010850942318675044,57,0.9649122807017544
esm2_t33_650M_UR50D,PF00072|AGMR_PSEAE,114,In-class,10,0,10,45,0.9122807017543859,0.010850942318675044,57,0.9122807017543859
esm2_t33_650M_UR50D,PF00072|AGMR_PSEAE,114,In-class,10,1,10,70,0.8421052631578947,0.010850942318675044,57,0.8596491228070176
esm2_t33_650M_UR50D,PF00072|AGMR_PSEAE,114,In-class,10,2,10,71,0.8771929824561403,0.010850942318675044,57,0.8245614035087719
esm2_t33_650M_UR50D,PF00072|AGMR_PSEAE,114,In-class,20,0,15,85,0.8245614035087719,0.010850942318675044,57,0.8421052631578947
esm2_t33_650M_UR50D,PF00072|AGMR_PSEAE,114,In-class,20,1,15,85,0.8596491228070176,0.010850942318675044,57,0.8245614035087719
esm2_t33_650M_UR50D,PF00072|AGMR_PSEAE,114,In-class,20,2,15,85,0.8596491228070176,0.010850942318675044,57,0.8596491228070176
esm2_t33_650M_UR50D,PF00072|AGMR_PSEAE,114,Cross-class,2,0,2,18,0.7192982456140351,0.010850942318675044,57,0.7719298245614035
esm2_t33_650M_UR50D,PF00072|AGMR_PSEAE,114,Cross-class,2,1,2,5,0.9473684210526315,0.010850942318675044,57,0.9649122807017544
esm2_t33_650M_UR50D,PF00072|AGMR_PSEAE,114,Cross-class,2,2,2,9,0.8947368421052632,0.010850942318675044,57,0.8947368421052632
esm2_t33_650M_UR50D,PF00072|AGMR_PSEAE,114,Cross-class,6,0,6,47,0.0,0.010850942318675044,57,0.017543859649122806
esm2_t33_650M_UR50D,PF00072|AGMR_PSEAE,114,Cross-class,6,1,6,30,0.8421052631578947,0.010850942318675044,57,0.8771929824561403
esm2_t33_650M_UR50D,PF00072|AGMR_PSEAE,114,Cross-class,6,2,6,25,0.8421052631578947,0.010850942318675044,57,0.9122807017543859
esm2_t33_650M_UR50D,PF00072|AGMR_PSEAE,114,Cross-class,10,0,10,61,0.03508771929824561,0.010850942318675044,57,0.07017543859649122
esm2_t33_650M_UR50D,PF00072|AGMR_PSEAE,114,Cross-class,10,1,10,69,0.017543859649122806,0.010850942318675044,57,0.05263157894736842
esm2_t33_650M_UR50D,PF00072|AGMR_PSEAE,114,Cross-class,10,2,10,63,0.03508771929824561,0.010850942318675044,57,0.0
esm2_t33_650M_UR50D,PF00072|AGMR_PSEAE,114,Cross-class,20,0,16,101,0.0,0.010850942318675044,57,0.05263157894736842
esm2_t33_650M_UR50D,PF00072|AGMR_PSEAE,114,Cross-class,20,1,14,83,0.017543859649122806,0.010850942318675044,57,0.03508771929824561
esm2_t33_650M_UR50D,PF00072|AGMR_PSEAE,114,Cross-class,20,2,16,101,0.0,0.010850942318675044,57,0.05263157894736842
esm2_t33_650M_UR50D,PF00076|LA_HUMAN,69,identity,0,0,0,0,1.0,0.0205686630369026,34,1.0
esm2_t33_650M_UR50D,PF00076|LA_HUMAN,69,random,2,0,2,7,0.9117647058823529,0.0205686630369026,34,0.8529411764705882
esm2_t33_650M_UR50D,PF00076|LA_HUMAN,69,random,2,1,2,6,0.9117647058823529,0.0205686630369026,34,0.9411764705882353
esm2_t33_650M_UR50D,PF00076|LA_HUMAN,69,random,2,2,2,10,0.8235294117647058,0.0205686630369026,34,0.8823529411764706
esm2_t33_650M_UR50D,PF00076|LA_HUMAN,69,random,6,0,6,26,0.029411764705882353,0.0205686630369026,34,0.08823529411764706
esm2_t33_650M_UR50D,PF00076|LA_HUMAN,69,random,6,1,6,20,0.4117647058823529,0.0205686630369026,34,0.47058823529411764
esm2_t33_650M_UR50D,PF00076|LA_HUMAN,69,random,6,2,6,16,0.9117647058823529,0.0205686630369026,34,0.8823529411764706
esm2_t33_650M_UR50D,PF00076|LA_HUMAN,69,random,10,0,10,40,0.0,0.0205686630369026,34,0.0
esm2_t33_650M_UR50D,PF00076|LA_HUMAN,69,random,10,1,10,41,0.0,0.0205686630369026,34,0.0
esm2_t33_650M_UR50D,PF00076|LA_HUMAN,69,random,10,2,10,44,0.058823529411764705,0.0205686630369026,34,0.14705882352941177
esm2_t33_650M_UR50D,PF00076|LA_HUMAN,69,random,20,0,20,69,0.0,0.0205686630369026,34,0.029411764705882353
esm2_t33_650M_UR50D,PF00076|LA_HUMAN,69,random,20,1,20,69,0.0,0.0205686630369026,34,0.029411764705882353
esm2_t33_650M_UR50D,PF00076|LA_HUMAN,69,random,20,2,20,69,0.0,0.0205686630369026,34,0.0
esm2_t33_650M_UR50D,PF00076|LA_HUMAN,69,In-class,2,0,2,4,1.0,0.0205686630369026,34,0.9411764705882353
esm2_t33_650M_UR50D,PF00076|LA_HUMAN,69,In-class,2,1,2,4,1.0,0.0205686630369026,34,0.9411764705882353
esm2_t33_650M_UR50D,PF00076|LA_HUMAN,69,In-class,2,2,2,11,0.9411764705882353,0.0205686630369026,34,0.9117647058823529
esm2_t33_650M_UR50D,PF00076|LA_HUMAN,69,In-class,6,0,6,25,0.9411764705882353,0.0205686630369026,34,0.9411764705882353
esm2_t33_650M_UR50D,PF00076|LA_HUMAN,69,In-class,6,1,6,18,0.9117647058823529,0.0205686630369026,34,0.8529411764705882
esm2_t33_650M_UR50D,PF00076|LA_HUMAN,69,In-class,6,2,6,23,0.9411764705882353,0.0205686630369026,34,0.8235294117647058
esm2_t33_650M_UR50D,PF00076|LA_HUMAN,69,In-class,10,0,10,37,0.9117647058823529,0.0205686630369026,34,0.8235294117647058
esm2_t33_650M_UR50D,PF00076|LA_HUMAN,69,In-class,10,1,10,43,0.9117647058823529,0.0205686630369026,34,0.8529411764705882
esm2_t33_650M_UR50D,PF00076|LA_HUMAN,69,In-class,10,2,10,47,0.9117647058823529,0.0205686630369026,34,0.7941176470588235
esm2_t33_650M_UR50D,PF00076|LA_HUMAN,69,In-class,20,0,15,59,0.8823529411764706,0.0205686630369026,34,0.8235294117647058
esm2_t33_650M_UR50D,PF00076|LA_HUMAN,69,In-class,20,1,15,59,0.9117647058823529,0.0205686630369026,34,0.7941176470588235
esm2_t33_650M_UR50D,PF00076|LA_HUMAN,69,In-class,20,2,15,59,0.9117647058823529,0.0205686630369026,34,0.7352941176470589
esm2_t33_650M_UR50D,PF00076|LA_HUMAN,69,Cross-class,2,0,2,10,0.0,0.0205686630369026,34,0.058823529411764705
esm2_t33_650M_UR50D,PF00076|LA_HUMAN,69,Cross-class,2,1,2,2,0.9411764705882353,0.0205686630369026,34,0.9411764705882353
esm2_t33_650M_UR50D,PF00076|LA_HUMAN,69,Cross-class,2,2,2,6,0.7647058823529411,0.0205686630369026,34,0.6764705882352942
esm2_t33_650M_UR50D,PF00076|LA_HUMAN,69,Cross-class,6,0,6,33,0.029411764705882353,0.0205686630369026,34,0.0
esm2_t33_650M_UR50D,PF00076|LA_HUMAN,69,Cross-class,6,1,6,17,0.8235294117647058,0.0205686630369026,34,0.6764705882352942
esm2_t33_650M_UR50D,PF00076|LA_HUMAN,69,Cross-class,6,2,6,20,0.029411764705882353,0.0205686630369026,34,0.058823529411764705
esm2_t33_650M_UR50D,PF00076|LA_HUMAN,69,Cross-class,10,0,10,41,0.0,0.0205686630369026,34,0.0
esm2_t33_650M_UR50D,PF00076|LA_HUMAN,69,Cross-class,10,1,10,40,0.08823529411764706,0.0205686630369026,34,0.058823529411764705
esm2_t33_650M_UR50D,PF00076|LA_HUMAN,69,Cross-class,10,2,10,42,0.029411764705882353,0.0205686630369026,34,0.08823529411764706
esm2_t33_650M_UR50D,PF00076|LA_HUMAN,69,Cross-class,20,0,16,61,0.0,0.0205686630369026,34,0.0
esm2_t33_650M_UR50D,PF00076|LA_HUMAN,69,Cross-class,20,1,14,48,0.029411764705882353,0.0205686630369026,34,0.029411764705882353
esm2_t33_650M_UR50D,PF00076|LA_HUMAN,69,Cross-class,20,2,16,61,0.0,0.0205686630369026,34,0.0
esm2_t33_650M_UR50D,cytochrome_c,104,identity,0,0,0,0,1.0,0.012155212716222535,52,1.0
esm2_t33_650M_UR50D,cytochrome_c,104,random,2,0,2,15,0.8461538461538461,0.012155212716222535,52,0.8846153846153846
esm2_t33_650M_UR50D,cytochrome_c,104,random,2,1,2,13,0.8846153846153846,0.012155212716222535,52,0.9038461538461539
esm2_t33_650M_UR50D,cytochrome_c,104,random,2,2,2,10,0.9423076923076923,0.012155212716222535,52,0.9230769230769231
esm2_t33_650M_UR50D,cytochrome_c,104,random,6,0,6,40,0.7692307692307693,0.012155212716222535,52,0.8269230769230769
esm2_t33_650M_UR50D,cytochrome_c,104,random,6,1,6,39,0.7115384615384616,0.012155212716222535,52,0.7692307692307693
esm2_t33_650M_UR50D,cytochrome_c,104,random,6,2,6,16,0.7884615384615384,0.012155212716222535,52,0.8076923076923077
esm2_t33_650M_UR50D,cytochrome_c,104,random,10,0,10,53,0.8461538461538461,0.012155212716222535,52,0.8461538461538461
esm2_t33_650M_UR50D,cytochrome_c,104,random,10,1,10,53,0.0,0.012155212716222535,52,0.038461538461538464
esm2_t33_650M_UR50D,cytochrome_c,104,random,10,2,10,55,0.019230769230769232,0.012155212716222535,52,0.0
esm2_t33_650M_UR50D,cytochrome_c,104,random,20,0,20,104,0.019230769230769232,0.012155212716222535,52,0.0
esm2_t33_650M_UR50D,cytochrome_c,104,random,20,1,20,104,0.038461538461538464,0.012155212716222535,52,0.019230769230769232
esm2_t33_650M_UR50D,cytochrome_c,104,random,20,2,20,104,0.019230769230769232,0.012155212716222535,52,0.0
esm2_t33_650M_UR50D,cytochrome_c,104,In-class,2,0,2,7,0.9038461538461539,0.012155212716222535,52,0.9615384615384616
esm2_t33_650M_UR50D,cytochrome_c,104,In-class,2,1,2,7,0.9038461538461539,0.012155212716222535,52,0.9615384615384616
esm2_t33_650M_UR50D,cytochrome_c,104,In-class,2,2,2,20,0.9423076923076923,0.012155212716222535,52,0.9230769230769231
esm2_t33_650M_UR50D,cytochrome_c,104,In-class,6,0,6,29,0.8461538461538461,0.012155212716222535,52,0.9038461538461539
esm2_t33_650M_UR50D,cytochrome_c,104,In-class,6,1,6,22,0.9230769230769231,0.012155212716222535,52,0.9615384615384616
esm2_t33_650M_UR50D,cytochrome_c,104,In-class,6,2,6,36,0.8846153846153846,0.012155212716222535,52,0.9038461538461539
esm2_t33_650M_UR50D,cytochrome_c,104,In-class,10,0,10,53,0.8076923076923077,0.012155212716222535,52,0.8461538461538461
esm2_t33_650M_UR50D,cytochrome_c,104,In-class,10,1,10,58,0.8269230769230769,0.012155212716222535,52,0.8653846153846154
esm2_t33_650M_UR50D,cytochrome_c,104,In-class,10,2,10,60,0.8076923076923077,0.012155212716222535,52,0.8461538461538461
esm2_t33_650M_UR50D,cytochrome_c,104,In-class,20,0,15,76,0.7692307692307693,0.012155212716222535,52,0.8846153846153846
esm2_t33_650M_UR50D,cytochrome_c,104,In-class,20,1,15,76,0.8076923076923077,0.012155212716222535,52,0.8653846153846154
esm2_t33_650M_UR50D,cytochrome_c,104,In-class,20,2,15,76,0.7884615384615384,0.012155212716222535,52,0.8461538461538461
esm2_t33_650M_UR50D,cytochrome_c,104,Cross-class,2,0,2,16,0.8461538461538461,0.012155212716222535,52,0.8846153846153846
esm2_t33_650M_UR50D,cytochrome_c,104,Cross-class,2,1,2,6,0.8846153846153846,0.012155212716222535,52,0.9038461538461539
esm2_t33_650M_UR50D,cytochrome_c,104,Cross-class,2,2,2,18,0.8076923076923077,0.012155212716222535,52,0.8653846153846154
esm2_t33_650M_UR50D,cytochrome_c,104,Cross-class,6,0,6,45,0.019230769230769232,0.012155212716222535,52,0.019230769230769232
esm2_t33_650M_UR50D,cytochrome_c,104,Cross-class,6,1,6,33,0.7115384615384616,0.012155212716222535,52,0.8461538461538461
esm2_t33_650M_UR50D,cytochrome_c,104,Cross-class,6,2,6,32,0.7692307692307693,0.012155212716222535,52,0.8461538461538461
esm2_t33_650M_UR50D,cytochrome_c,104,Cross-class,10,0,10,52,0.0,0.012155212716222535,52,0.0
esm2_t33_650M_UR50D,cytochrome_c,104,Cross-class,10,1,10,54,0.019230769230769232,0.012155212716222535,52,0.0
esm2_t33_650M_UR50D,cytochrome_c,104,Cross-class,10,2,10,69,0.019230769230769232,0.012155212716222535,52,0.019230769230769232
esm2_t33_650M_UR50D,cytochrome_c,104,Cross-class,20,0,16,90,0.038461538461538464,0.012155212716222535,52,0.07692307692307693
esm2_t33_650M_UR50D,cytochrome_c,104,Cross-class,20,1,14,78,0.0,0.012155212716222535,52,0.019230769230769232
esm2_t33_650M_UR50D,cytochrome_c,104,Cross-class,20,2,16,90,0.038461538461538464,0.012155212716222535,52,0.07692307692307693
esm2_t33_650M_UR50D,lysozyme_T4,164,identity,0,0,0,0,1.0,0.007051943584451325,82,1.0
esm2_t33_650M_UR50D,lysozyme_T4,164,random,2,0,2,17,0.8536585365853658,0.007051943584451325,82,0.8780487804878049
esm2_t33_650M_UR50D,lysozyme_T4,164,random,2,1,2,22,0.8414634146341463,0.007051943584451325,82,0.8658536585365854
esm2_t33_650M_UR50D,lysozyme_T4,164,random,2,2,2,21,0.9146341463414634,0.007051943584451325,82,0.926829268292683
esm2_t33_650M_UR50D,lysozyme_T4,164,random,6,0,6,48,0.7682926829268293,0.007051943584451325,82,0.6951219512195121
esm2_t33_650M_UR50D,lysozyme_T4,164,random,6,1,6,45,0.04878048780487805,0.007051943584451325,82,0.06097560975609756
esm2_t33_650M_UR50D,lysozyme_T4,164,random,6,2,6,30,0.8902439024390244,0.007051943584451325,82,0.9024390243902439
esm2_t33_650M_UR50D,lysozyme_T4,164,random,10,0,10,93,0.6951219512195121,0.007051943584451325,82,0.7195121951219512
esm2_t33_650M_UR50D,lysozyme_T4,164,random,10,1,10,94,0.24390243902439024,0.007051943584451325,82,0.3048780487804878
esm2_t33_650M_UR50D,lysozyme_T4,164,random,10,2,10,81,0.012195121951219513,0.007051943584451325,82,0.012195121951219513
esm2_t33_650M_UR50D,lysozyme_T4,164,random,20,0,20,164,0.0,0.007051943584451325,82,0.0
esm2_t33_650M_UR50D,lysozyme_T4,164,random,20,1,20,164,0.06097560975609756,0.007051943584451325,82,0.036585365853658534
esm2_t33_650M_UR50D,lysozyme_T4,164,random,20,2,20,164,0.012195121951219513,0.007051943584451325,82,0.0
esm2_t33_650M_UR50D,lysozyme_T4,164,In-class,2,0,2,17,0.9390243902439024,0.007051943584451325,82,0.9390243902439024
esm2_t33_650M_UR50D,lysozyme_T4,164,In-class,2,1,2,17,0.9390243902439024,0.007051943584451325,82,0.9390243902439024
esm2_t33_650M_UR50D,lysozyme_T4,164,In-class,2,2,2,26,0.9390243902439024,0.007051943584451325,82,0.9634146341463414
esm2_t33_650M_UR50D,lysozyme_T4,164,In-class,6,0,6,54,0.9146341463414634,0.007051943584451325,82,0.8902439024390244
esm2_t33_650M_UR50D,lysozyme_T4,164,In-class,6,1,6,49,0.8902439024390244,0.007051943584451325,82,0.8902439024390244
esm2_t33_650M_UR50D,lysozyme_T4,164,In-class,6,2,6,61,0.9146341463414634,0.007051943584451325,82,0.9024390243902439
esm2_t33_650M_UR50D,lysozyme_T4,164,In-class,10,0,10,88,0.8902439024390244,0.007051943584451325,82,0.8902439024390244
esm2_t33_650M_UR50D,lysozyme_T4,164,In-class,10,1,10,101,0.8658536585365854,0.007051943584451325,82,0.8170731707317073
esm2_t33_650M_UR50D,lysozyme_T4,164,In-class,10,2,10,102,0.8414634146341463,0.007051943584451325,82,0.8658536585365854
esm2_t33_650M_UR50D,lysozyme_T4,164,In-class,20,0,15,133,0.8536585365853658,0.007051943584451325,82,0.8048780487804879
esm2_t33_650M_UR50D,lysozyme_T4,164,In-class,20,1,15,133,0.8170731707317073,0.007051943584451325,82,0.8536585365853658
esm2_t33_650M_UR50D,lysozyme_T4,164,In-class,20,2,15,133,0.8414634146341463,0.007051943584451325,82,0.8414634146341463
esm2_t33_650M_UR50D,lysozyme_T4,164,Cross-class,2,0,2,18,0.8414634146341463,0.007051943584451325,82,0.8414634146341463
esm2_t33_650M_UR50D,lysozyme_T4,164,Cross-class,2,1,2,15,0.9146341463414634,0.007051943584451325,82,0.8902439024390244
esm2_t33_650M_UR50D,lysozyme_T4,164,Cross-class,2,2,2,17,0.7195121951219512,0.007051943584451325,82,0.8048780487804879
esm2_t33_650M_UR50D,lysozyme_T4,164,Cross-class,6,0,6,62,0.2682926829268293,0.007051943584451325,82,0.36585365853658536
esm2_t33_650M_UR50D,lysozyme_T4,164,Cross-class,6,1,6,48,0.13414634146341464,0.007051943584451325,82,0.08536585365853659
esm2_t33_650M_UR50D,lysozyme_T4,164,Cross-class,6,2,6,47,0.7682926829268293,0.007051943584451325,82,0.7317073170731707
esm2_t33_650M_UR50D,lysozyme_T4,164,Cross-class,10,0,10,87,0.024390243902439025,0.007051943584451325,82,0.024390243902439025
esm2_t33_650M_UR50D,lysozyme_T4,164,Cross-class,10,1,10,95,0.024390243902439025,0.007051943584451325,82,0.0
esm2_t33_650M_UR50D,lysozyme_T4,164,Cross-class,10,2,10,95,0.2073170731707317,0.007051943584451325,82,0.21951219512195122
esm2_t33_650M_UR50D,lysozyme_T4,164,Cross-class,20,0,16,138,0.0,0.007051943584451325,82,0.0
esm2_t33_650M_UR50D,lysozyme_T4,164,Cross-class,20,1,14,127,0.036585365853658534,0.007051943584451325,82,0.036585365853658534
esm2_t33_650M_UR50D,lysozyme_T4,164,Cross-class,20,2,16,138,0.0,0.007051943584451325,82,0.0
esm2_t33_650M_UR50D,protein_G_B1,56,identity,0,0,0,0,1.0,0.028282828282828285,28,1.0
esm2_t33_650M_UR50D,protein_G_B1,56,random,2,0,2,4,0.8214285714285714,0.028282828282828285,28,0.8571428571428571
esm2_t33_650M_UR50D,protein_G_B1,56,random,2,1,2,4,0.8571428571428571,0.028282828282828285,28,0.8214285714285714
esm2_t33_650M_UR50D,protein_G_B1,56,random,2,2,2,15,0.39285714285714285,0.028282828282828285,28,0.07142857142857142
esm2_t33_650M_UR50D,protein_G_B1,56,random,6,0,6,23,0.5714285714285714,0.028282828282828285,28,0.14285714285714285
esm2_t33_650M_UR50D,protein_G_B1,56,random,6,1,6,15,0.35714285714285715,0.028282828282828285,28,0.14285714285714285
esm2_t33_650M_UR50D,protein_G_B1,56,random,6,2,6,11,0.4642857142857143,0.028282828282828285,28,0.5
esm2_t33_650M_UR50D,protein_G_B1,56,random,10,0,10,36,0.07142857142857142,0.028282828282828285,28,0.10714285714285714
esm2_t33_650M_UR50D,protein_G_B1,56,random,10,1,10,34,0.07142857142857142,0.028282828282828285,28,0.10714285714285714
esm2_t33_650M_UR50D,protein_G_B1,56,random,10,2,10,26,0.03571428571428571,0.028282828282828285,28,0.14285714285714285
esm2_t33_650M_UR50D,protein_G_B1,56,random,20,0,20,56,0.03571428571428571,0.028282828282828285,28,0.0
esm2_t33_650M_UR50D,protein_G_B1,56,random,20,1,20,56,0.03571428571428571,0.028282828282828285,28,0.03571428571428571
esm2_t33_650M_UR50D,protein_G_B1,56,random,20,2,20,56,0.03571428571428571,0.028282828282828285,28,0.10714285714285714
esm2_t33_650M_UR50D,protein_G_B1,56,In-class,2,0,2,4,0.8571428571428571,0.028282828282828285,28,0.7857142857142857
esm2_t33_650M_UR50D,protein_G_B1,56,In-class,2,1,2,4,0.8571428571428571,0.028282828282828285,28,0.7857142857142857
esm2_t33_650M_UR50D,protein_G_B1,56,In-class,2,2,2,6,0.8928571428571429,0.028282828282828285,28,0.8928571428571429
esm2_t33_650M_UR50D,protein_G_B1,56,In-class,6,0,6,19,0.5714285714285714,0.028282828282828285,28,0.75
esm2_t33_650M_UR50D,protein_G_B1,56,In-class,6,1,6,20,0.8214285714285714,0.028282828282828285,28,0.7142857142857143
esm2_t33_650M_UR50D,protein_G_B1,56,In-class,6,2,6,21,0.7142857142857143,0.028282828282828285,28,0.6428571428571429
esm2_t33_650M_UR50D,protein_G_B1,56,In-class,10,0,10,35,0.2857142857142857,0.028282828282828285,28,0.35714285714285715
esm2_t33_650M_UR50D,protein_G_B1,56,In-class,10,1,10,29,0.6428571428571429,0.028282828282828285,28,0.75
esm2_t33_650M_UR50D,protein_G_B1,56,In-class,10,2,10,36,0.5,0.028282828282828285,28,0.6071428571428571
esm2_t33_650M_UR50D,protein_G_B1,56,In-class,20,0,15,46,0.42857142857142855,0.028282828282828285,28,0.32142857142857145
esm2_t33_650M_UR50D,protein_G_B1,56,In-class,20,1,15,46,0.2857142857142857,0.028282828282828285,28,0.14285714285714285
esm2_t33_650M_UR50D,protein_G_B1,56,In-class,20,2,15,46,0.21428571428571427,0.028282828282828285,28,0.32142857142857145
esm2_t33_650M_UR50D,protein_G_B1,56,Cross-class,2,0,2,6,0.6785714285714286,0.028282828282828285,28,0.8571428571428571
esm2_t33_650M_UR50D,protein_G_B1,56,Cross-class,2,1,2,4,0.8571428571428571,0.028282828282828285,28,0.7857142857142857
esm2_t33_650M_UR50D,protein_G_B1,56,Cross-class,2,2,2,7,0.5357142857142857,0.028282828282828285,28,0.5357142857142857
esm2_t33_650M_UR50D,protein_G_B1,56,Cross-class,6,0,6,19,0.35714285714285715,0.028282828282828285,28,0.2857142857142857
esm2_t33_650M_UR50D,protein_G_B1,56,Cross-class,6,1,6,14,0.35714285714285715,0.028282828282828285,28,0.2857142857142857
esm2_t33_650M_UR50D,protein_G_B1,56,Cross-class,6,2,6,16,0.4642857142857143,0.028282828282828285,28,0.42857142857142855
esm2_t33_650M_UR50D,protein_G_B1,56,Cross-class,10,0,10,30,0.10714285714285714,0.028282828282828285,28,0.10714285714285714
esm2_t33_650M_UR50D,protein_G_B1,56,Cross-class,10,1,10,27,0.21428571428571427,0.028282828282828285,28,0.21428571428571427
esm2_t33_650M_UR50D,protein_G_B1,56,Cross-class,10,2,10,31,0.03571428571428571,0.028282828282828285,28,0.03571428571428571
esm2_t33_650M_UR50D,protein_G_B1,56,Cross-class,20,0,16,45,0.0,0.028282828282828285,28,0.03571428571428571
esm2_t33_650M_UR50D,protein_G_B1,56,Cross-class,20,1,14,38,0.03571428571428571,0.028282828282828285,28,0.07142857142857142
esm2_t33_650M_UR50D,protein_G_B1,56,Cross-class,20,2,16,45,0.0,0.028282828282828285,28,0.03571428571428571
esm2_t33_650M_UR50D,ubiquitin,76,identity,0,0,0,0,1.0,0.01826923076923077,38,1.0
esm2_t33_650M_UR50D,ubiquitin,76,random,2,0,2,9,0.9210526315789473,0.01826923076923077,38,0.9210526315789473
esm2_t33_650M_UR50D,ubiquitin,76,random,2,1,2,9,0.9210526315789473,0.01826923076923077,38,0.8947368421052632
esm2_t33_650M_UR50D,ubiquitin,76,random,2,2,2,11,0.9210526315789473,0.01826923076923077,38,0.9210526315789473
esm2_t33_650M_UR50D,ubiquitin,76,random,6,0,6,26,0.5789473684210527,0.01826923076923077,38,0.631578947368421
esm2_t33_650M_UR50D,ubiquitin,76,random,6,1,6,27,0.7631578947368421,0.01826923076923077,38,0.7894736842105263
esm2_t33_650M_UR50D,ubiquitin,76,random,6,2,6,17,0.9210526315789473,0.01826923076923077,38,0.9210526315789473
esm2_t33_650M_UR50D,ubiquitin,76,random,10,0,10,45,0.8157894736842105,0.01826923076923077,38,0.868421052631579
esm2_t33_650M_UR50D,ubiquitin,76,random,10,1,10,45,0.4473684210526316,0.01826923076923077,38,0.5263157894736842
esm2_t33_650M_UR50D,ubiquitin,76,random,10,2,10,45,0.10526315789473684,0.01826923076923077,38,0.0
esm2_t33_650M_UR50D,ubiquitin,76,random,20,0,20,76,0.0,0.01826923076923077,38,0.02631578947368421
esm2_t33_650M_UR50D,ubiquitin,76,random,20,1,20,76,0.05263157894736842,0.01826923076923077,38,0.05263157894736842
esm2_t33_650M_UR50D,ubiquitin,76,random,20,2,20,76,0.10526315789473684,0.01826923076923077,38,0.02631578947368421
esm2_t33_650M_UR50D,ubiquitin,76,In-class,2,0,2,8,0.9473684210526315,0.01826923076923077,38,0.9473684210526315
esm2_t33_650M_UR50D,ubiquitin,76,In-class,2,1,2,8,0.9473684210526315,0.01826923076923077,38,0.9473684210526315
esm2_t33_650M_UR50D,ubiquitin,76,In-class,2,2,2,11,0.9473684210526315,0.01826923076923077,38,0.9473684210526315
esm2_t33_650M_UR50D,ubiquitin,76,In-class,6,0,6,30,0.9210526315789473,0.01826923076923077,38,0.8947368421052632
esm2_t33_650M_UR50D,ubiquitin,76,In-class,6,1,6,23,0.8947368421052632,0.01826923076923077,38,0.9210526315789473
esm2_t33_650M_UR50D,ubiquitin,76,In-class,6,2,6,29,0.9210526315789473,0.01826923076923077,38,0.9210526315789473
esm2_t33_650M_UR50D,ubiquitin,76,In-class,10,0,10,41,0.8421052631578947,0.01826923076923077,38,0.8947368421052632
esm2_t33_650M_UR50D,ubiquitin,76,In-class,10,1,10,51,0.7894736842105263,0.01826923076923077,38,0.8947368421052632
esm2_t33_650M_UR50D,ubiquitin,76,In-class,10,2,10,53,0.8947368421052632,0.01826923076923077,38,0.8947368421052632
esm2_t33_650M_UR50D,ubiquitin,76,In-class,20,0,15,64,0.7894736842105263,0.01826923076923077,38,0.868421052631579
esm2_t33_650M_UR50D,ubiquitin,76,In-class,20,1,15,64,0.8157894736842105,0.01826923076923077,38,0.8421052631578947
esm2_t33_650M_UR50D,ubiquitin,76,In-class,20,2,15,64,0.868421052631579,0.01826923076923077,38,0.8421052631578947
esm2_t33_650M_UR50D,ubiquitin,76,Cross-class,2,0,2,13,0.9210526315789473,0.01826923076923077,38,0.868421052631579
esm2_t33_650M_UR50D,ubiquitin,76,Cross-class,2,1,2,2,1.0,0.01826923076923077,38,0.9473684210526315
esm2_t33_650M_UR50D,ubiquitin,76,Cross-class,2,2,2,7,0.9210526315789473,0.01826923076923077,38,0.9210526315789473
esm2_t33_650M_UR50D,ubiquitin,76,Cross-class,6,0,6,36,0.02631578947368421,0.01826923076923077,38,0.02631578947368421
esm2_t33_650M_UR50D,ubiquitin,76,Cross-class,6,1,6,24,0.9210526315789473,0.01826923076923077,38,0.8947368421052632
esm2_t33_650M_UR50D,ubiquitin,76,Cross-class,6,2,6,20,0.7631578947368421,0.01826923076923077,38,0.7894736842105263
esm2_t33_650M_UR50D,ubiquitin,76,Cross-class,10,0,10,40,0.7105263157894737,0.01826923076923077,38,0.7894736842105263
esm2_t33_650M_UR50D,ubiquitin,76,Cross-class,10,1,10,46,0.13157894736842105,0.01826923076923077,38,0.07894736842105263
esm2_t33_650M_UR50D,ubiquitin,76,Cross-class,10,2,10,46,0.0,0.01826923076923077,38,0.02631578947368421
esm2_t33_650M_UR50D,ubiquitin,76,Cross-class,20,0,16,64,0.0,0.01826923076923077,38,0.02631578947368421
esm2_t33_650M_UR50D,ubiquitin,76,Cross-class,20,1,14,55,0.0,0.01826923076923077,38,0.0
esm2_t33_650M_UR50D,ubiquitin,76,Cross-class,20,2,16,64,0.0,0.01826923076923077,38,0.02631578947368421
