model,protein,length,regime,m,seed,overlap,spearman,chance,true_precision,precision_chance
AMPLIFY_120M_2024,ubiquitin,76,identity,0,-1,1.0,1.0,0.01827,0.23684,0.05337
AMPLIFY_120M_2024,ubiquitin,76,random,2,0,0.52632,0.62534,0.01827,,
AMPLIFY_120M_2024,ubiquitin,76,random,2,1,0.13158,0.20505,0.01827,,
AMPLIFY_120M_2024,ubiquitin,76,random,6,0,0.05263,-0.07255,0.01827,,
AMPLIFY_120M_2024,ubiquitin,76,random,6,1,0.18421,-0.02256,0.01827,,
AMPLIFY_120M_2024,ubiquitin,76,random,10,0,0.07895,0.15692,0.01827,,
AMPLIFY_120M_2024,ubiquitin,76,random,10,1,0.05263,0.08516,0.01827,,
AMPLIFY_120M_2024,ubiquitin,76,random,20,0,0.02632,0.04665,0.01827,,
AMPLIFY_120M_2024,ubiquitin,76,random,20,1,0.02632,-0.07006,0.01827,,
AMPLIFY_120M_2024,ubiquitin,76,In-class,2,0,0.60526,0.75355,0.01827,,
AMPLIFY_120M_2024,ubiquitin,76,In-class,2,1,0.60526,0.75355,0.01827,,
AMPLIFY_120M_2024,ubiquitin,76,In-class,6,0,0.60526,0.57878,0.01827,,
AMPLIFY_120M_2024,ubiquitin,76,In-class,6,1,0.57895,0.57682,0.01827,,
AMPLIFY_120M_2024,ubiquitin,76,In-class,10,0,0.5,0.51662,0.01827,,
AMPLIFY_120M_2024,ubiquitin,76,In-class,10,1,0.39474,0.47507,0.01827,,
AMPLIFY_120M_2024,ubiquitin,76,In-class,20,0,0.44737,0.41794,0.01827,,
AMPLIFY_120M_2024,ubiquitin,76,In-class,20,1,0.39474,0.36453,0.01827,,
AMPLIFY_120M_2024,protein_G_B1,56,identity,0,-1,1.0,1.0,0.02828,0.32143,0.0798
AMPLIFY_120M_2024,protein_G_B1,56,random,2,0,0.78571,0.73765,0.02828,,
AMPLIFY_120M_2024,protein_G_B1,56,random,2,1,0.67857,0.59129,0.02828,,
AMPLIFY_120M_2024,protein_G_B1,56,random,6,0,0.32143,0.28854,0.02828,,
AMPLIFY_120M_2024,protein_G_B1,56,random,6,1,0.46429,0.39346,0.02828,,
AMPLIFY_120M_2024,protein_G_B1,56,random,10,0,0.10714,0.10777,0.02828,,
AMPLIFY_120M_2024,protein_G_B1,56,random,10,1,0.14286,0.15095,0.02828,,
AMPLIFY_120M_2024,protein_G_B1,56,random,20,0,0.03571,0.05256,0.02828,,
AMPLIFY_120M_2024,protein_G_B1,56,random,20,1,0.25,0.00605,0.02828,,
AMPLIFY_120M_2024,protein_G_B1,56,In-class,2,0,0.82143,0.78988,0.02828,,
AMPLIFY_120M_2024,protein_G_B1,56,In-class,2,1,0.82143,0.78988,0.02828,,
AMPLIFY_120M_2024,protein_G_B1,56,In-class,6,0,0.64286,0.53299,0.02828,,
AMPLIFY_120M_2024,protein_G_B1,56,In-class,6,1,0.64286,0.49357,0.02828,,
AMPLIFY_120M_2024,protein_G_B1,56,In-class,10,0,0.39286,0.26339,0.02828,,
AMPLIFY_120M_2024,protein_G_B1,56,In-class,10,1,0.53571,0.47657,0.02828,,
AMPLIFY_120M_2024,protein_G_B1,56,In-class,20,0,0.28571,0.25955,0.02828,,
AMPLIFY_120M_2024,protein_G_B1,56,In-class,20,1,0.35714,0.3111,0.02828,,
AMPLIFY_120M_2024,cytochrome_c,104,random,2,0,0.48077,0.692,0.01216,,
AMPLIFY_120M_2024,cytochrome_c,104,random,2,1,0.75,0.85334,0.01216,,
AMPLIFY_120M_2024,cytochrome_c,104,random,6,0,0.30769,0.38828,0.01216,,
AMPLIFY_120M_2024,cytochrome_c,104,random,6,1,0.0,-0.03089,0.01216,,
AMPLIFY_120M_2024,cytochrome_c,104,random,10,0,0.36538,0.62949,0.01216,,
AMPLIFY_120M_2024,cytochrome_c,104,random,10,1,0.0,-0.05499,0.01216,,
AMPLIFY_120M_2024,cytochrome_c,104,random,20,0,0.0,0.10598,0.01216,,
AMPLIFY_120M_2024,cytochrome_c,104,random,20,1,0.0,0.05449,0.01216,,
AMPLIFY_120M_2024,cytochrome_c,104,In-class,2,0,0.88462,0.95862,0.01216,,
AMPLIFY_120M_2024,cytochrome_c,104,In-class,2,1,0.88462,0.95862,0.01216,,
AMPLIFY_120M_2024,cytochrome_c,104,In-class,6,0,0.76923,0.9111,0.01216,,
AMPLIFY_120M_2024,cytochrome_c,104,In-class,6,1,0.78846,0.90591,0.01216,,
AMPLIFY_120M_2024,cytochrome_c,104,In-class,10,0,0.59615,0.77223,0.01216,,
AMPLIFY_120M_2024,cytochrome_c,104,In-class,10,1,0.53846,0.79205,0.01216,,
AMPLIFY_120M_2024,cytochrome_c,104,In-class,20,0,0.42308,0.67919,0.01216,,
AMPLIFY_120M_2024,cytochrome_c,104,In-class,20,1,0.57692,0.73281,0.01216,,
