protein,length,model,regime,m,seed,overlap,spearman,chance,n_pairs
PF00013|B3RHY5_TRIAD,67,esm2_t33_650M_UR50D,identity,0,0,1.0,1.0,0.02142857142857143,1540
PF00013|B3RHY5_TRIAD,67,esm2_t33_650M_UR50D,random,2,0,0.5454545454545454,0.6835958399331464,0.02142857142857143,1540
PF00013|B3RHY5_TRIAD,67,esm2_t33_650M_UR50D,random,2,1,0.30303030303030304,0.1610117132710117,0.02142857142857143,1540
PF00013|B3RHY5_TRIAD,67,esm2_t33_650M_UR50D,random,2,2,0.7272727272727273,0.7160393527687492,0.02142857142857143,1540
PF00013|B3RHY5_TRIAD,67,esm2_t33_650M_UR50D,random,6,0,0.030303030303030304,0.15219516945668796,0.02142857142857143,1540
PF00013|B3RHY5_TRIAD,67,esm2_t33_650M_UR50D,random,6,1,0.0,0.07833966565480618,0.02142857142857143,1540
PF00013|B3RHY5_TRIAD,67,esm2_t33_650M_UR50D,random,6,2,0.3939393939393939,0.5464818549759974,0.02142857142857143,1540
PF00013|B3RHY5_TRIAD,67,esm2_t33_650M_UR50D,random,10,0,0.0,0.060956894100102535,0.02142857142857143,1540
PF00013|B3RHY5_TRIAD,67,esm2_t33_650M_UR50D,random,10,1,0.030303030303030304,0.10644396898025776,0.02142857142857143,1540
PF00013|B3RHY5_TRIAD,67,esm2_t33_650M_UR50D,random,10,2,0.0,0.09115427153611518,0.02142857142857143,1540
PF00013|B3RHY5_TRIAD,67,esm2_t33_650M_UR50D,random,20,0,0.0,0.13603562324488583,0.02142857142857143,1540
PF00013|B3RHY5_TRIAD,67,esm2_t33_650M_UR50D,random,20,1,0.0,0.1269236844495562,0.02142857142857143,1540
PF00013|B3RHY5_TRIAD,67,esm2_t33_650M_UR50D,random,20,2,0.030303030303030304,0.06492623972046083,0.02142857142857143,1540
PF00013|B3RHY5_TRIAD,67,esm2_t33_650M_UR50D,In-class,2,0,0.9696969696969697,0.9701790117241463,0.02142857142857143,1540
PF00013|B3RHY5_TRIAD,67,esm2_t33_650M_UR50D,In-class,2,1,0.9696969696969697,0.9701790117241463,0.02142857142857143,1540
PF00013|B3RHY5_TRIAD,67,esm2_t33_650M_UR50D,In-class,2,2,1.0,0.9748729942042554,0.02142857142857143,1540
PF00013|B3RHY5_TRIAD,67,esm2_t33_650M_UR50D,In-class,6,0,0.9090909090909091,0.9319994445306101,0.02142857142857143,1540
PF00013|B3RHY5_TRIAD,67,esm2_t33_650M_UR50D,In-class,6,1,0.8484848484848485,0.8739845273879906,0.02142857142857143,1540
PF00013|B3RHY5_TRIAD,67,esm2_t33_650M_UR50D,In-class,6,2,0.8787878787878788,0.8946112290078954,0.02142857142857143,1540
PF00013|B3RHY5_TRIAD,67,esm2_t33_650M_UR50D,In-class,10,0,0.8787878787878788,0.8937982742894112,0.02142857142857143,1540
PF00013|B3RHY5_TRIAD,67,esm2_t33_650M_UR50D,In-class,10,1,0.7272727272727273,0.7866821958901606,0.02142857142857143,1540
PF00013|B3RHY5_TRIAD,67,esm2_t33_650M_UR50D,In-class,10,2,0.8484848484848485,0.8996645087768418,0.02142857142857143,1540
PF00013|B3RHY5_TRIAD,67,esm2_t33_650M_UR50D,In-class,20,0,0.8181818181818182,0.8049678926962986,0.02142857142857143,1540
PF00013|B3RHY5_TRIAD,67,esm2_t33_650M_UR50D,In-class,20,1,0.8181818181818182,0.8154994786437115,0.02142857142857143,1540
PF00013|B3RHY5_TRIAD,67,esm2_t33_650M_UR50D,In-class,20,2,0.8484848484848485,0.8880519753227153,0.02142857142857143,1540
PF00013|B3RHY5_TRIAD,67,esm2_t33_650M_UR50D,Cross-class,2,0,0.06060606060606061,-0.053963026523564786,0.02142857142857143,1540
PF00013|B3RHY5_TRIAD,67,esm2_t33_650M_UR50D,Cross-class,2,1,0.9393939393939394,0.9633699906660048,0.02142857142857143,1540
PF00013|B3RHY5_TRIAD,67,esm2_t33_650M_UR50D,Cross-class,2,2,0.06060606060606061,0.02456863190494803,0.02142857142857143,1540
PF00013|B3RHY5_TRIAD,67,esm2_t33_650M_UR50D,Cross-class,6,0,0.0,0.13057096559265347,0.02142857142857143,1540
PF00013|B3RHY5_TRIAD,67,esm2_t33_650M_UR50D,Cross-class,6,1,0.030303030303030304,0.08530050274645376,0.02142857142857143,1540
PF00013|B3RHY5_TRIAD,67,esm2_t33_650M_UR50D,Cross-class,6,2,0.030303030303030304,-0.059126243627080396,0.02142857142857143,1540
PF00013|B3RHY5_TRIAD,67,esm2_t33_650M_UR50D,Cross-class,10,0,0.0,0.09839527140664474,0.02142857142857143,1540
PF00013|B3RHY5_TRIAD,67,esm2_t33_650M_UR50D,Cross-class,10,1,0.0,0.1478357730073977,0.02142857142857143,1540
PF00013|B3RHY5_TRIAD,67,esm2_t33_650M_UR50D,Cross-class,10,2,0.030303030303030304,0.088969708929407,0.02142857142857143,1540
PF00013|B3RHY5_TRIAD,67,esm2_t33_650M_UR50D,Cross-class,20,0,0.030303030303030304,0.06338913770178499,0.02142857142857143,1540
PF00018|BOI2_YEAST,51,esm2_t33_650M_UR50D,identity,0,0,1.0,1.0,0.03205128205128205,780
PF00018|BOI2_YEAST,51,esm2_t33_650M_UR50D,random,2,0,0.84,0.8619764585159005,0.03205128205128205,780
PF00018|BOI2_YEAST,51,esm2_t33_650M_UR50D,random,2,1,0.72,0.5715731338758333,0.03205128205128205,780
PF00018|BOI2_YEAST,51,esm2_t33_650M_UR50D,random,2,2,0.8,0.9080858753244803,0.03205128205128205,780
PF00018|BOI2_YEAST,51,esm2_t33_650M_UR50D,random,6,0,0.16,-0.010982215997674604,0.03205128205128205,780
PF00018|BOI2_YEAST,51,esm2_t33_650M_UR50D,random,6,1,0.08,0.10780683273767581,0.03205128205128205,780
PF00018|BOI2_YEAST,51,esm2_t33_650M_UR50D,random,6,2,0.48,0.4102403445512162,0.03205128205128205,780
PF00018|BOI2_YEAST,51,esm2_t33_650M_UR50D,random,10,0,0.0,0.11158684198514968,0.03205128205128205,780
PF00018|BOI2_YEAST,51,esm2_t33_650M_UR50D,random,10,1,0.08,0.059548244339146364,0.03205128205128205,780
PF00018|BOI2_YEAST,51,esm2_t33_650M_UR50D,random,10,2,0.0,-0.04994733339848963,0.03205128205128205,780
PF00018|BOI2_YEAST,51,esm2_t33_650M_UR50D,random,20,0,0.04,0.004357742458232433,0.03205128205128205,780
PF00018|BOI2_YEAST,51,esm2_t33_650M_UR50D,random,20,1,0.0,0.10257969624438011,0.03205128205128205,780
PF00018|BOI2_YEAST,51,esm2_t33_650M_UR50D,random,20,2,0.0,0.13490069206860328,0.03205128205128205,780
PF00018|BOI2_YEAST,51,esm2_t33_650M_UR50D,In-class,2,0,0.88,0.9420037735863371,0.03205128205128205,780
PF00018|BOI2_YEAST,51,esm2_t33_650M_UR50D,In-class,2,1,0.88,0.9420037735863371,0.03205128205128205,780
PF00018|BOI2_YEAST,51,esm2_t33_650M_UR50D,In-class,2,2,0.96,0.976257003406292,0.03205128205128205,780
PF00018|BOI2_YEAST,51,esm2_t33_650M_UR50D,In-class,6,0,0.88,0.8480494139283848,0.03205128205128205,780
PF00018|BOI2_YEAST,51,esm2_t33_650M_UR50D,In-class,6,1,0.92,0.9098781960775488,0.03205128205128205,780
PF00018|BOI2_YEAST,51,esm2_t33_650M_UR50D,In-class,6,2,0.88,0.9002749081542769,0.03205128205128205,780
PF00018|BOI2_YEAST,51,esm2_t33_650M_UR50D,In-class,10,0,0.64,0.543173299607153,0.03205128205128205,780
PF00018|BOI2_YEAST,51,esm2_t33_650M_UR50D,In-class,10,1,0.08,0.07420062264300996,0.03205128205128205,780
PF00018|BOI2_YEAST,51,esm2_t33_650M_UR50D,In-class,10,2,0.84,0.8155452640075395,0.03205128205128205,780
PF00018|BOI2_YEAST,51,esm2_t33_650M_UR50D,In-class,20,0,0.72,0.6540539754591717,0.03205128205128205,780
PF00018|BOI2_YEAST,51,esm2_t33_650M_UR50D,In-class,20,1,0.4,0.41828539393492653,0.03205128205128205,780
PF00018|BOI2_YEAST,51,esm2_t33_650M_UR50D,In-class,20,2,0.52,0.5400180069076632,0.03205128205128205,780
PF00018|BOI2_YEAST,51,esm2_t33_650M_UR50D,Cross-class,2,0,0.36,0.37452175552303923,0.03205128205128205,780
PF00018|BOI2_YEAST,51,esm2_t33_650M_UR50D,Cross-class,2,1,0.88,0.7937433771637971,0.03205128205128205,780
PF00018|BOI2_YEAST,51,esm2_t33_650M_UR50D,Cross-class,2,2,0.44,0.4828488692959213,0.03205128205128205,780
PF00018|BOI2_YEAST,51,esm2_t33_650M_UR50D,Cross-class,6,0,0.04,-0.004627100105232056,0.03205128205128205,780
PF00018|BOI2_YEAST,51,esm2_t33_650M_UR50D,Cross-class,6,1,0.2,0.24438567453266688,0.03205128205128205,780
PF00018|BOI2_YEAST,51,esm2_t33_650M_UR50D,Cross-class,6,2,0.68,0.6011700317617981,0.03205128205128205,780
PF00018|BOI2_YEAST,51,esm2_t33_650M_UR50D,Cross-class,10,0,0.04,-0.02052377823409663,0.03205128205128205,780
PF00018|BOI2_YEAST,51,esm2_t33_650M_UR50D,Cross-class,10,1,0.0,0.013181557093036237,0.03205128205128205,780
PF00018|BOI2_YEAST,51,esm2_t33_650M_UR50D,Cross-class,10,2,0.0,0.007627636064237703,0.03205128205128205,780
PF00018|BOI2_YEAST,51,esm2_t33_650M_UR50D,Cross-class,20,0,0.04,0.05443570875236608,0.03205128205128205,780
PF00027|P73234_SYNY3,89,esm2_t33_650M_UR50D,identity,0,0,1.0,1.0,0.014652014652014652,3003
PF00027|P73234_SYNY3,89,esm2_t33_650M_UR50D,random,2,0,0.8863636363636364,0.8094846787329649,0.014652014652014652,3003
PF00027|P73234_SYNY3,89,esm2_t33_650M_UR50D,random,2,1,0.0,0.10692840932822976,0.014652014652014652,3003
PF00027|P73234_SYNY3,89,esm2_t33_650M_UR50D,random,2,2,0.9090909090909091,0.9287508927713282,0.014652014652014652,3003
PF00027|P73234_SYNY3,89,esm2_t33_650M_UR50D,random,6,0,0.0,0.12136802608401213,0.014652014652014652,3003
PF00027|P73234_SYNY3,89,esm2_t33_650M_UR50D,random,6,1,0.0,0.027658029541372288,0.014652014652014652,3003
PF00027|P73234_SYNY3,89,esm2_t33_650M_UR50D,random,6,2,0.9318181818181818,0.8805981762936336,0.014652014652014652,3003
PF00027|P73234_SYNY3,89,esm2_t33_650M_UR50D,random,10,0,0.3181818181818182,0.22074614764973877,0.014652014652014652,3003
PF00027|P73234_SYNY3,89,esm2_t33_650M_UR50D,random,10,1,0.045454545454545456,0.11949521038756708,0.014652014652014652,3003
PF00027|P73234_SYNY3,89,esm2_t33_650M_UR50D,random,10,2,0.0,0.0654130168093784,0.014652014652014652,3003
PF00027|P73234_SYNY3,89,esm2_t33_650M_UR50D,random,20,0,0.0,0.12207887282293955,0.014652014652014652,3003
PF00027|P73234_SYNY3,89,esm2_t33_650M_UR50D,random,20,1,0.0,0.08571711207149099,0.014652014652014652,3003
PF00027|P73234_SYNY3,89,esm2_t33_650M_UR50D,random,20,2,0.0,0.08789423973043237,0.014652014652014652,3003
PF00027|P73234_SYNY3,89,esm2_t33_650M_UR50D,In-class,2,0,0.7954545454545454,0.79231872353768,0.014652014652014652,3003
PF00027|P73234_SYNY3,89,esm2_t33_650M_UR50D,In-class,2,1,0.7954545454545454,0.79231872353768,0.014652014652014652,3003
PF00027|P73234_SYNY3,89,esm2_t33_650M_UR50D,In-class,2,2,0.9772727272727273,0.9812172044425552,0.014652014652014652,3003
PF00027|P73234_SYNY3,89,esm2_t33_650M_UR50D,In-class,6,0,0.7727272727272727,0.7105555431340903,0.014652014652014652,3003
PF00027|P73234_SYNY3,89,esm2_t33_650M_UR50D,In-class,6,1,0.9318181818181818,0.8353363011602393,0.014652014652014652,3003
PF00027|P73234_SYNY3,89,esm2_t33_650M_UR50D,In-class,6,2,0.8863636363636364,0.8343974120961677,0.014652014652014652,3003
PF00027|P73234_SYNY3,89,esm2_t33_650M_UR50D,In-class,10,0,0.7727272727272727,0.7709828811650854,0.014652014652014652,3003
PF00027|P73234_SYNY3,89,esm2_t33_650M_UR50D,In-class,10,1,0.75,0.5815196100407645,0.014652014652014652,3003
PF00027|P73234_SYNY3,89,esm2_t33_650M_UR50D,In-class,10,2,0.8636363636363636,0.8309176357033489,0.014652014652014652,3003
PF00027|P73234_SYNY3,89,esm2_t33_650M_UR50D,In-class,20,0,0.8636363636363636,0.7986871664721584,0.014652014652014652,3003
PF00027|P73234_SYNY3,89,esm2_t33_650M_UR50D,In-class,20,1,0.8181818181818182,0.768535168266018,0.014652014652014652,3003
PF00027|P73234_SYNY3,89,esm2_t33_650M_UR50D,In-class,20,2,0.8409090909090909,0.8006765091398416,0.014652014652014652,3003
PF00027|P73234_SYNY3,89,esm2_t33_650M_UR50D,Cross-class,2,0,0.022727272727272728,0.08655549317212069,0.014652014652014652,3003
PF00027|P73234_SYNY3,89,esm2_t33_650M_UR50D,Cross-class,2,1,0.9318181818181818,0.8333517698224403,0.014652014652014652,3003
PF00027|P73234_SYNY3,89,esm2_t33_650M_UR50D,Cross-class,2,2,0.09090909090909091,0.18086559654897136,0.014652014652014652,3003
PF00027|P73234_SYNY3,89,esm2_t33_650M_UR50D,Cross-class,6,0,0.0,0.023306094810577837,0.014652014652014652,3003
PF00027|P73234_SYNY3,89,esm2_t33_650M_UR50D,Cross-class,6,1,0.0,0.13644931773857807,0.014652014652014652,3003
PF00027|P73234_SYNY3,89,esm2_t33_650M_UR50D,Cross-class,6,2,0.3181818181818182,0.2891766552668162,0.014652014652014652,3003
PF00027|P73234_SYNY3,89,esm2_t33_650M_UR50D,Cross-class,10,0,0.0,0.13310846063090237,0.014652014652014652,3003
PF00027|P73234_SYNY3,89,esm2_t33_650M_UR50D,Cross-class,10,1,0.0,0.11585966264782249,0.014652014652014652,3003
PF00027|P73234_SYNY3,89,esm2_t33_650M_UR50D,Cross-class,10,2,0.0,0.054351329393001566,0.014652014652014652,3003
PF00027|P73234_SYNY3,89,esm2_t33_650M_UR50D,Cross-class,20,0,0.022727272727272728,0.06869998197085066,0.014652014652014652,3003
PF00072|AGMR_PSEAE,114,esm2_t33_650M_UR50D,identity,0,0,1.0,1.0,0.010850942318675044,5253
PF00072|AGMR_PSEAE,114,esm2_t33_650M_UR50D,random,2,0,0.8245614035087719,0.9303334489422945,0.010850942318675044,5253
PF00072|AGMR_PSEAE,114,esm2_t33_650M_UR50D,random,2,1,0.6842105263157895,0.673887656657946,0.010850942318675044,5253
PF00072|AGMR_PSEAE,114,esm2_t33_650M_UR50D,random,2,2,0.8947368421052632,0.9362237993323235,0.010850942318675044,5253
PF00072|AGMR_PSEAE,114,esm2_t33_650M_UR50D,random,6,0,0.7192982456140351,0.7045842741739288,0.010850942318675044,5253
PF00072|AGMR_PSEAE,114,esm2_t33_650M_UR50D,random,6,1,0.5614035087719298,0.6521349200532225,0.010850942318675044,5253
PF00072|AGMR_PSEAE,114,esm2_t33_650M_UR50D,random,6,2,0.43859649122807015,0.4100447168468701,0.010850942318675044,5253
PF00072|AGMR_PSEAE,114,esm2_t33_650M_UR50D,random,10,0,0.19298245614035087,0.4908317656775596,0.010850942318675044,5253
PF00072|AGMR_PSEAE,114,esm2_t33_650M_UR50D,random,10,1,0.017543859649122806,0.1942874401018724,0.010850942318675044,5253
PF00072|AGMR_PSEAE,114,esm2_t33_650M_UR50D,random,10,2,0.0,0.19513716430294012,0.010850942318675044,5253
PF00072|AGMR_PSEAE,114,esm2_t33_650M_UR50D,random,20,0,0.03508771929824561,0.23639596248411288,0.010850942318675044,5253
PF00072|AGMR_PSEAE,114,esm2_t33_650M_UR50D,random,20,1,0.0,0.10414712683480191,0.010850942318675044,5253
PF00072|AGMR_PSEAE,114,esm2_t33_650M_UR50D,random,20,2,0.017543859649122806,0.09559384819214031,0.010850942318675044,5253
PF00072|AGMR_PSEAE,114,esm2_t33_650M_UR50D,In-class,2,0,0.9122807017543859,0.9850641751182518,0.010850942318675044,5253
PF00072|AGMR_PSEAE,114,esm2_t33_650M_UR50D,In-class,2,1,0.9122807017543859,0.9850641751182518,0.010850942318675044,5253
PF00072|AGMR_PSEAE,114,esm2_t33_650M_UR50D,In-class,2,2,0.9298245614035088,0.984146314719971,0.010850942318675044,5253
PF00072|AGMR_PSEAE,114,esm2_t33_650M_UR50D,In-class,6,0,0.8421052631578947,0.891056344863843,0.010850942318675044,5253
PF00072|AGMR_PSEAE,114,esm2_t33_650M_UR50D,In-class,6,1,0.8421052631578947,0.947882271522065,0.010850942318675044,5253
PF00072|AGMR_PSEAE,114,esm2_t33_650M_UR50D,In-class,6,2,0.8596491228070176,0.9605096645336454,0.010850942318675044,5253
PF00072|AGMR_PSEAE,114,esm2_t33_650M_UR50D,In-class,10,0,0.8771929824561403,0.8877485722220378,0.010850942318675044,5253
PF00072|AGMR_PSEAE,114,esm2_t33_650M_UR50D,In-class,10,1,0.7368421052631579,0.7347607781931383,0.010850942318675044,5253
PF00072|AGMR_PSEAE,114,esm2_t33_650M_UR50D,In-class,10,2,0.7368421052631579,0.7507962173148615,0.010850942318675044,5253
PF00072|AGMR_PSEAE,114,esm2_t33_650M_UR50D,In-class,20,0,0.6842105263157895,0.687986826912242,0.010850942318675044,5253
PF00072|AGMR_PSEAE,114,esm2_t33_650M_UR50D,In-class,20,1,0.8070175438596491,0.8034678753863383,0.010850942318675044,5253
PF00072|AGMR_PSEAE,114,esm2_t33_650M_UR50D,In-class,20,2,0.7543859649122807,0.756450639097613,0.010850942318675044,5253
PF00072|AGMR_PSEAE,114,esm2_t33_650M_UR50D,Cross-class,2,0,0.45614035087719296,0.556637026445103,0.010850942318675044,5253
PF00072|AGMR_PSEAE,114,esm2_t33_650M_UR50D,Cross-class,2,1,0.9298245614035088,0.9669360280475501,0.010850942318675044,5253
PF00072|AGMR_PSEAE,114,esm2_t33_650M_UR50D,Cross-class,2,2,0.7894736842105263,0.8882096155443393,0.010850942318675044,5253
PF00072|AGMR_PSEAE,114,esm2_t33_650M_UR50D,Cross-class,6,0,0.017543859649122806,0.23878720816837182,0.010850942318675044,5253
PF00072|AGMR_PSEAE,114,esm2_t33_650M_UR50D,Cross-class,6,1,0.7719298245614035,0.7890411924009954,0.010850942318675044,5253
PF00072|AGMR_PSEAE,114,esm2_t33_650M_UR50D,Cross-class,6,2,0.7368421052631579,0.7757723959346619,0.010850942318675044,5253
PF00072|AGMR_PSEAE,114,esm2_t33_650M_UR50D,Cross-class,10,0,0.0,0.18183657346679993,0.010850942318675044,5253
PF00072|AGMR_PSEAE,114,esm2_t33_650M_UR50D,Cross-class,10,1,0.0,0.22492092693545795,0.010850942318675044,5253
PF00072|AGMR_PSEAE,114,esm2_t33_650M_UR50D,Cross-class,10,2,0.0,0.1251599090533051,0.010850942318675044,5253
PF00072|AGMR_PSEAE,114,esm2_t33_650M_UR50D,Cross-class,20,0,0.017543859649122806,0.20957114673178348,0.010850942318675044,5253
PF00076|LA_HUMAN,69,esm2_t33_650M_UR50D,identity,0,0,1.0,1.0,0.0205686630369026,1653
PF00076|LA_HUMAN,69,esm2_t33_650M_UR50D,random,2,0,0.7352941176470589,0.7556410611375615,0.0205686630369026,1653
PF00076|LA_HUMAN,69,esm2_t33_650M_UR50D,random,2,1,0.7647058823529411,0.7407279871966146,0.0205686630369026,1653
PF00076|LA_HUMAN,69,esm2_t33_650M_UR50D,random,2,2,0.6470588235294118,0.6833175145125444,0.0205686630369026,1653
PF00076|LA_HUMAN,69,esm2_t33_650M_UR50D,random,6,0,0.0,0.010120710104749499,0.0205686630369026,1653
PF00076|LA_HUMAN,69,esm2_t33_650M_UR50D,random,6,1,0.08823529411764706,0.045891877100129985,0.0205686630369026,1653
PF00076|LA_HUMAN,69,esm2_t33_650M_UR50D,random,6,2,0.6764705882352942,0.6065441882681852,0.0205686630369026,1653
PF00076|LA_HUMAN,69,esm2_t33_650M_UR50D,random,10,0,0.029411764705882353,-0.011468740274860488,0.0205686630369026,1653
PF00076|LA_HUMAN,69,esm2_t33_650M_UR50D,random,10,1,0.0,0.023607228774857363,0.0205686630369026,1653
PF00076|LA_HUMAN,69,esm2_t33_650M_UR50D,random,10,2,0.058823529411764705,-0.0041019933403934365,0.0205686630369026,1653
PF00076|LA_HUMAN,69,esm2_t33_650M_UR50D,random,20,0,0.0,-0.003286932763815047,0.0205686630369026,1653
PF00076|LA_HUMAN,69,esm2_t33_650M_UR50D,random,20,1,0.058823529411764705,0.08456069629755213,0.0205686630369026,1653
PF00076|LA_HUMAN,69,esm2_t33_650M_UR50D,random,20,2,0.0,0.09669899616301957,0.0205686630369026,1653
PF00076|LA_HUMAN,69,esm2_t33_650M_UR50D,In-class,2,0,0.9117647058823529,0.9751582804439751,0.0205686630369026,1653
PF00076|LA_HUMAN,69,esm2_t33_650M_UR50D,In-class,2,1,0.9117647058823529,0.9751582804439751,0.0205686630369026,1653
PF00076|LA_HUMAN,69,esm2_t33_650M_UR50D,In-class,2,2,0.9117647058823529,0.9331449258738298,0.0205686630369026,1653
PF00076|LA_HUMAN,69,esm2_t33_650M_UR50D,In-class,6,0,0.8529411764705882,0.9070045160328483,0.0205686630369026,1653
PF00076|LA_HUMAN,69,esm2_t33_650M_UR50D,In-class,6,1,0.7647058823529411,0.8444036473713717,0.0205686630369026,1653
PF00076|LA_HUMAN,69,esm2_t33_650M_UR50D,In-class,6,2,0.8823529411764706,0.8789830745463308,0.0205686630369026,1653
PF00076|LA_HUMAN,69,esm2_t33_650M_UR50D,In-class,10,0,0.7941176470588235,0.7964982853041571,0.0205686630369026,1653
PF00076|LA_HUMAN,69,esm2_t33_650M_UR50D,In-class,10,1,0.6764705882352942,0.7563935535005066,0.0205686630369026,1653
PF00076|LA_HUMAN,69,esm2_t33_650M_UR50D,In-class,10,2,0.7647058823529411,0.7733010390664713,0.0205686630369026,1653
PF00076|LA_HUMAN,69,esm2_t33_650M_UR50D,In-class,20,0,0.6764705882352942,0.6598834097265096,0.0205686630369026,1653
PF00076|LA_HUMAN,69,esm2_t33_650M_UR50D,In-class,20,1,0.7941176470588235,0.6912606276096092,0.0205686630369026,1653
PF00076|LA_HUMAN,69,esm2_t33_650M_UR50D,In-class,20,2,0.7352941176470589,0.7430558781014126,0.0205686630369026,1653
PF00076|LA_HUMAN,69,esm2_t33_650M_UR50D,Cross-class,2,0,0.058823529411764705,-0.028071570448506115,0.0205686630369026,1653
PF00076|LA_HUMAN,69,esm2_t33_650M_UR50D,Cross-class,2,1,0.9117647058823529,0.9382095557565968,0.0205686630369026,1653
PF00076|LA_HUMAN,69,esm2_t33_650M_UR50D,Cross-class,2,2,0.6470588235294118,0.5585738641885906,0.0205686630369026,1653
PF00076|LA_HUMAN,69,esm2_t33_650M_UR50D,Cross-class,6,0,0.058823529411764705,0.01818803505420434,0.0205686630369026,1653
PF00076|LA_HUMAN,69,esm2_t33_650M_UR50D,Cross-class,6,1,0.5882352941176471,0.44672752328319976,0.0205686630369026,1653
PF00076|LA_HUMAN,69,esm2_t33_650M_UR50D,Cross-class,6,2,0.029411764705882353,0.11764017077195534,0.0205686630369026,1653
PF00076|LA_HUMAN,69,esm2_t33_650M_UR50D,Cross-class,10,0,0.029411764705882353,0.02849093688931065,0.0205686630369026,1653
PF00076|LA_HUMAN,69,esm2_t33_650M_UR50D,Cross-class,10,1,0.0,0.07625064387474113,0.0205686630369026,1653
PF00076|LA_HUMAN,69,esm2_t33_650M_UR50D,Cross-class,10,2,0.0,0.12042892240038278,0.0205686630369026,1653
PF00076|LA_HUMAN,69,esm2_t33_650M_UR50D,Cross-class,20,0,0.0,0.09385284915798407,0.0205686630369026,1653
cytochrome_c,104,esm2_t33_650M_UR50D,identity,0,0,1.0,1.0,0.012155212716222535,4278
cytochrome_c,104,esm2_t33_650M_UR50D,random,2,0,0.8076923076923077,0.8780735017742411,0.012155212716222535,4278
cytochrome_c,104,esm2_t33_650M_UR50D,random,2,1,0.7884615384615384,0.9288815968563302,0.012155212716222535,4278
cytochrome_c,104,esm2_t33_650M_UR50D,random,2,2,0.9230769230769231,0.9734556210762197,0.012155212716222535,4278
cytochrome_c,104,esm2_t33_650M_UR50D,random,6,0,0.6730769230769231,0.7260050437872799,0.012155212716222535,4278
cytochrome_c,104,esm2_t33_650M_UR50D,random,6,1,0.3076923076923077,0.47579363659844937,0.012155212716222535,4278
cytochrome_c,104,esm2_t33_650M_UR50D,random,6,2,0.6153846153846154,0.5790860829108258,0.012155212716222535,4278
cytochrome_c,104,esm2_t33_650M_UR50D,random,10,0,0.6538461538461539,0.7256551828936035,0.012155212716222535,4278
cytochrome_c,104,esm2_t33_650M_UR50D,random,10,1,0.0,0.06340941464902987,0.012155212716222535,4278
cytochrome_c,104,esm2_t33_650M_UR50D,random,10,2,0.0,0.10872627890183958,0.012155212716222535,4278
cytochrome_c,104,esm2_t33_650M_UR50D,random,20,0,0.0,0.07258772149362885,0.012155212716222535,4278
cytochrome_c,104,esm2_t33_650M_UR50D,random,20,1,0.0,0.04936537792203726,0.012155212716222535,4278
cytochrome_c,104,esm2_t33_650M_UR50D,random,20,2,0.0,0.0941164104019964,0.012155212716222535,4278
cytochrome_c,104,esm2_t33_650M_UR50D,In-class,2,0,0.9230769230769231,0.9839865306130117,0.012155212716222535,4278
cytochrome_c,104,esm2_t33_650M_UR50D,In-class,2,1,0.9230769230769231,0.9839865306130117,0.012155212716222535,4278
cytochrome_c,104,esm2_t33_650M_UR50D,In-class,2,2,0.8653846153846154,0.9455869162046294,0.012155212716222535,4278
cytochrome_c,104,esm2_t33_650M_UR50D,In-class,6,0,0.8269230769230769,0.9395364946654211,0.012155212716222535,4278
cytochrome_c,104,esm2_t33_650M_UR50D,In-class,6,1,0.8846153846153846,0.9628404096301261,0.012155212716222535,4278
cytochrome_c,104,esm2_t33_650M_UR50D,In-class,6,2,0.8653846153846154,0.9324053541307457,0.012155212716222535,4278
cytochrome_c,104,esm2_t33_650M_UR50D,In-class,10,0,0.7307692307692307,0.8480782987899902,0.012155212716222535,4278
cytochrome_c,104,esm2_t33_650M_UR50D,In-class,10,1,0.7307692307692307,0.867677242167712,0.012155212716222535,4278
cytochrome_c,104,esm2_t33_650M_UR50D,In-class,10,2,0.7307692307692307,0.8631262371143202,0.012155212716222535,4278
cytochrome_c,104,esm2_t33_650M_UR50D,In-class,20,0,0.7115384615384616,0.8281919095358784,0.012155212716222535,4278
cytochrome_c,104,esm2_t33_650M_UR50D,In-class,20,1,0.7115384615384616,0.8459116715154963,0.012155212716222535,4278
cytochrome_c,104,esm2_t33_650M_UR50D,In-class,20,2,0.6730769230769231,0.7887296594602082,0.012155212716222535,4278
cytochrome_c,104,esm2_t33_650M_UR50D,Cross-class,2,0,0.6730769230769231,0.8415878984406574,0.012155212716222535,4278
cytochrome_c,104,esm2_t33_650M_UR50D,Cross-class,2,1,0.8076923076923077,0.9336747250491417,0.012155212716222535,4278
cytochrome_c,104,esm2_t33_650M_UR50D,Cross-class,2,2,0.7307692307692307,0.7527203413759178,0.012155212716222535,4278
cytochrome_c,104,esm2_t33_650M_UR50D,Cross-class,6,0,0.019230769230769232,0.08651996247329063,0.012155212716222535,4278
cytochrome_c,104,esm2_t33_650M_UR50D,Cross-class,6,1,0.3269230769230769,0.4430004622567722,0.012155212716222535,4278
cytochrome_c,104,esm2_t33_650M_UR50D,Cross-class,6,2,0.21153846153846154,0.347410159602818,0.012155212716222535,4278
cytochrome_c,104,esm2_t33_650M_UR50D,Cross-class,10,0,0.0,0.10786244305230783,0.012155212716222535,4278
cytochrome_c,104,esm2_t33_650M_UR50D,Cross-class,10,1,0.0,0.0366409712374384,0.012155212716222535,4278
cytochrome_c,104,esm2_t33_650M_UR50D,Cross-class,10,2,0.0,0.06863931538375621,0.012155212716222535,4278
cytochrome_c,104,esm2_t33_650M_UR50D,Cross-class,20,0,0.019230769230769232,0.11550713904113728,0.012155212716222535,4278
lysozyme_T4,164,esm2_t33_650M_UR50D,identity,0,0,1.0,1.0,0.007051943584451325,11628
lysozyme_T4,164,esm2_t33_650M_UR50D,random,2,0,0.7317073170731707,0.7172742118320367,0.007051943584451325,11628
lysozyme_T4,164,esm2_t33_650M_UR50D,random,2,1,0.8292682926829268,0.8081692993527284,0.007051943584451325,11628
lysozyme_T4,164,esm2_t33_650M_UR50D,random,2,2,0.926829268292683,0.9286087025444886,0.007051943584451325,11628
lysozyme_T4,164,esm2_t33_650M_UR50D,random,6,0,0.5365853658536586,0.654675211806766,0.007051943584451325,11628
lysozyme_T4,164,esm2_t33_650M_UR50D,random,6,1,0.0,-0.10997998492776197,0.007051943584451325,11628
lysozyme_T4,164,esm2_t33_650M_UR50D,random,6,2,0.7804878048780488,0.8009465168246257,0.007051943584451325,11628
lysozyme_T4,164,esm2_t33_650M_UR50D,random,10,0,0.4024390243902439,0.5691053347710268,0.007051943584451325,11628
lysozyme_T4,164,esm2_t33_650M_UR50D,random,10,1,0.07317073170731707,0.3673951658024322,0.007051943584451325,11628
lysozyme_T4,164,esm2_t33_650M_UR50D,random,10,2,0.036585365853658534,0.2598029048963037,0.007051943584451325,11628
lysozyme_T4,164,esm2_t33_650M_UR50D,random,20,0,0.0,0.25073228387443397,0.007051943584451325,11628
lysozyme_T4,164,esm2_t33_650M_UR50D,random,20,1,0.04878048780487805,0.23972641950806417,0.007051943584451325,11628
lysozyme_T4,164,esm2_t33_650M_UR50D,random,20,2,0.0,0.18751919483703236,0.007051943584451325,11628
lysozyme_T4,164,esm2_t33_650M_UR50D,In-class,2,0,0.926829268292683,0.9586913162925926,0.007051943584451325,11628
lysozyme_T4,164,esm2_t33_650M_UR50D,In-class,2,1,0.926829268292683,0.9586913162925926,0.007051943584451325,11628
lysozyme_T4,164,esm2_t33_650M_UR50D,In-class,2,2,0.926829268292683,0.9665862292471277,0.007051943584451325,11628
lysozyme_T4,164,esm2_t33_650M_UR50D,In-class,6,0,0.9146341463414634,0.8874171498277491,0.007051943584451325,11628
lysozyme_T4,164,esm2_t33_650M_UR50D,In-class,6,1,0.8170731707317073,0.8994280559939583,0.007051943584451325,11628
lysozyme_T4,164,esm2_t33_650M_UR50D,In-class,6,2,0.8780487804878049,0.8818137351385589,0.007051943584451325,11628
lysozyme_T4,164,esm2_t33_650M_UR50D,In-class,10,0,0.8170731707317073,0.8240943473958304,0.007051943584451325,11628
lysozyme_T4,164,esm2_t33_650M_UR50D,In-class,10,1,0.7439024390243902,0.8160636120196461,0.007051943584451325,11628
lysozyme_T4,164,esm2_t33_650M_UR50D,In-class,10,2,0.7804878048780488,0.8379824552479986,0.007051943584451325,11628
lysozyme_T4,164,esm2_t33_650M_UR50D,In-class,20,0,0.7195121951219512,0.7244045675607013,0.007051943584451325,11628
lysozyme_T4,164,esm2_t33_650M_UR50D,In-class,20,1,0.7439024390243902,0.7480374370984592,0.007051943584451325,11628
lysozyme_T4,164,esm2_t33_650M_UR50D,In-class,20,2,0.7926829268292683,0.7827271608901687,0.007051943584451325,11628
lysozyme_T4,164,esm2_t33_650M_UR50D,Cross-class,2,0,0.5853658536585366,0.6118323135498582,0.007051943584451325,11628
lysozyme_T4,164,esm2_t33_650M_UR50D,Cross-class,2,1,0.8292682926829268,0.87717442246425,0.007051943584451325,11628
lysozyme_T4,164,esm2_t33_650M_UR50D,Cross-class,2,2,0.7073170731707317,0.7211132832731513,0.007051943584451325,11628
lysozyme_T4,164,esm2_t33_650M_UR50D,Cross-class,6,0,0.10975609756097561,0.4258133964385609,0.007051943584451325,11628
lysozyme_T4,164,esm2_t33_650M_UR50D,Cross-class,6,1,0.04878048780487805,0.08891106015421929,0.007051943584451325,11628
lysozyme_T4,164,esm2_t33_650M_UR50D,Cross-class,6,2,0.5365853658536586,0.6285064215768116,0.007051943584451325,11628
lysozyme_T4,164,esm2_t33_650M_UR50D,Cross-class,10,0,0.012195121951219513,0.29591589750134284,0.007051943584451325,11628
lysozyme_T4,164,esm2_t33_650M_UR50D,Cross-class,10,1,0.024390243902439025,0.3834565248075315,0.007051943584451325,11628
lysozyme_T4,164,esm2_t33_650M_UR50D,Cross-class,10,2,0.036585365853658534,0.2783359772884252,0.007051943584451325,11628
lysozyme_T4,164,esm2_t33_650M_UR50D,Cross-class,20,0,0.0,0.3009829695189853,0.007051943584451325,11628
protein_G_B1,56,esm2_t33_650M_UR50D,identity,0,0,1.0,1.0,0.028282828282828285,990
protein_G_B1,56,esm2_t33_650M_UR50D,random,2,0,0.5714285714285714,0.8212177638084613,0.028282828282828285,990
protein_G_B1,56,esm2_t33_650M_UR50D,random,2,1,0.5357142857142857,0.79719213893884,0.028282828282828285,990
protein_G_B1,56,esm2_t33_650M_UR50D,random,2,2,0.07142857142857142,0.4170032359439756,0.028282828282828285,990
protein_G_B1,56,esm2_t33_650M_UR50D,random,6,0,0.07142857142857142,0.4390291988746839,0.028282828282828285,990
protein_G_B1,56,esm2_t33_650M_UR50D,random,6,1,0.07142857142857142,0.3790131219582734,0.028282828282828285,990
protein_G_B1,56,esm2_t33_650M_UR50D,random,6,2,0.32142857142857145,0.5486826609074464,0.028282828282828285,990
protein_G_B1,56,esm2_t33_650M_UR50D,random,10,0,0.0,0.08200201296919078,0.028282828282828285,990
protein_G_B1,56,esm2_t33_650M_UR50D,random,10,1,0.03571428571428571,0.11564327747101119,0.028282828282828285,990
protein_G_B1,56,esm2_t33_650M_UR50D,random,10,2,0.10714285714285714,0.20155880356798836,0.028282828282828285,990
protein_G_B1,56,esm2_t33_650M_UR50D,random,20,0,0.03571428571428571,0.017594221387715717,0.028282828282828285,990
protein_G_B1,56,esm2_t33_650M_UR50D,random,20,1,0.03571428571428571,0.06104541634585028,0.028282828282828285,990
protein_G_B1,56,esm2_t33_650M_UR50D,random,20,2,0.07142857142857142,0.10678479078814149,0.028282828282828285,990
protein_G_B1,56,esm2_t33_650M_UR50D,In-class,2,0,0.6428571428571429,0.8477019405615396,0.028282828282828285,990
protein_G_B1,56,esm2_t33_650M_UR50D,In-class,2,1,0.6428571428571429,0.8477019405615396,0.028282828282828285,990
protein_G_B1,56,esm2_t33_650M_UR50D,In-class,2,2,0.6071428571428571,0.879000139348941,0.028282828282828285,990
protein_G_B1,56,esm2_t33_650M_UR50D,In-class,6,0,0.42857142857142855,0.68854577368452,0.028282828282828285,990
protein_G_B1,56,esm2_t33_650M_UR50D,In-class,6,1,0.5714285714285714,0.8066147615823721,0.028282828282828285,990
protein_G_B1,56,esm2_t33_650M_UR50D,In-class,6,2,0.4642857142857143,0.7682604048626257,0.028282828282828285,990
protein_G_B1,56,esm2_t33_650M_UR50D,In-class,10,0,0.14285714285714285,0.40819367443616633,0.028282828282828285,990
protein_G_B1,56,esm2_t33_650M_UR50D,In-class,10,1,0.32142857142857145,0.6534061571454733,0.028282828282828285,990
protein_G_B1,56,esm2_t33_650M_UR50D,In-class,10,2,0.2857142857142857,0.5019332586284496,0.028282828282828285,990
protein_G_B1,56,esm2_t33_650M_UR50D,In-class,20,0,0.07142857142857142,0.30826399200798116,0.028282828282828285,990
protein_G_B1,56,esm2_t33_650M_UR50D,In-class,20,1,0.10714285714285714,0.20777826185586015,0.028282828282828285,990
protein_G_B1,56,esm2_t33_650M_UR50D,In-class,20,2,0.03571428571428571,0.27484552503616905,0.028282828282828285,990
protein_G_B1,56,esm2_t33_650M_UR50D,Cross-class,2,0,0.5714285714285714,0.753225770297107,0.028282828282828285,990
protein_G_B1,56,esm2_t33_650M_UR50D,Cross-class,2,1,0.35714285714285715,0.6946857347465858,0.028282828282828285,990
protein_G_B1,56,esm2_t33_650M_UR50D,Cross-class,2,2,0.14285714285714285,0.41641709849533753,0.028282828282828285,990
protein_G_B1,56,esm2_t33_650M_UR50D,Cross-class,6,0,0.21428571428571427,0.3857342735351998,0.028282828282828285,990
protein_G_B1,56,esm2_t33_650M_UR50D,Cross-class,6,1,0.35714285714285715,0.4848412932435057,0.028282828282828285,990
protein_G_B1,56,esm2_t33_650M_UR50D,Cross-class,6,2,0.07142857142857142,0.20899275883292806,0.028282828282828285,990
protein_G_B1,56,esm2_t33_650M_UR50D,Cross-class,10,0,0.10714285714285714,0.04757632554559192,0.028282828282828285,990
protein_G_B1,56,esm2_t33_650M_UR50D,Cross-class,10,1,0.2857142857142857,0.3417231598774484,0.028282828282828285,990
protein_G_B1,56,esm2_t33_650M_UR50D,Cross-class,10,2,0.0,0.2063613858179509,0.028282828282828285,990
protein_G_B1,56,esm2_t33_650M_UR50D,Cross-class,20,0,0.10714285714285714,0.1044018651548095,0.028282828282828285,990
ubiquitin,76,esm2_t33_650M_UR50D,identity,0,0,1.0,1.0,0.01826923076923077,2080
ubiquitin,76,esm2_t33_650M_UR50D,random,2,0,0.868421052631579,0.9234640859700926,0.01826923076923077,2080
ubiquitin,76,esm2_t33_650M_UR50D,random,2,1,0.8157894736842105,0.7938815015941395,0.01826923076923077,2080
ubiquitin,76,esm2_t33_650M_UR50D,random,2,2,0.8157894736842105,0.8164425395203865,0.01826923076923077,2080
ubiquitin,76,esm2_t33_650M_UR50D,random,6,0,0.21052631578947367,0.3710060962583787,0.01826923076923077,2080
ubiquitin,76,esm2_t33_650M_UR50D,random,6,1,0.6052631578947368,0.5321966729943663,0.01826923076923077,2080
ubiquitin,76,esm2_t33_650M_UR50D,random,6,2,0.8157894736842105,0.7571058486603895,0.01826923076923077,2080
ubiquitin,76,esm2_t33_650M_UR50D,random,10,0,0.5263157894736842,0.5023258817107928,0.01826923076923077,2080
ubiquitin,76,esm2_t33_650M_UR50D,random,10,1,0.02631578947368421,0.2499798468923889,0.01826923076923077,2080
ubiquitin,76,esm2_t33_650M_UR50D,random,10,2,0.05263157894736842,0.20512555414045078,0.01826923076923077,2080
ubiquitin,76,esm2_t33_650M_UR50D,random,20,0,0.02631578947368421,0.20867305581385345,0.01826923076923077,2080
ubiquitin,76,esm2_t33_650M_UR50D,random,20,1,0.0,0.20212180232603102,0.01826923076923077,2080
ubiquitin,76,esm2_t33_650M_UR50D,random,20,2,0.0,0.13181687365973765,0.01826923076923077,2080
ubiquitin,76,esm2_t33_650M_UR50D,In-class,2,0,0.868421052631579,0.9362270598214856,0.01826923076923077,2080
ubiquitin,76,esm2_t33_650M_UR50D,In-class,2,1,0.868421052631579,0.9362270598214856,0.01826923076923077,2080
ubiquitin,76,esm2_t33_650M_UR50D,In-class,2,2,0.8947368421052632,0.9520521245533257,0.01826923076923077,2080
ubiquitin,76,esm2_t33_650M_UR50D,In-class,6,0,0.7894736842105263,0.8790715171421563,0.01826923076923077,2080
ubiquitin,76,esm2_t33_650M_UR50D,In-class,6,1,0.7368421052631579,0.8522249681548095,0.01826923076923077,2080
ubiquitin,76,esm2_t33_650M_UR50D,In-class,6,2,0.7105263157894737,0.8524848396304425,0.01826923076923077,2080
ubiquitin,76,esm2_t33_650M_UR50D,In-class,10,0,0.7105263157894737,0.8199815628335569,0.01826923076923077,2080
ubiquitin,76,esm2_t33_650M_UR50D,In-class,10,1,0.7105263157894737,0.796400789396945,0.01826923076923077,2080
ubiquitin,76,esm2_t33_650M_UR50D,In-class,10,2,0.7894736842105263,0.8157822555467917,0.01826923076923077,2080
ubiquitin,76,esm2_t33_650M_UR50D,In-class,20,0,0.631578947368421,0.7457268344341865,0.01826923076923077,2080
ubiquitin,76,esm2_t33_650M_UR50D,In-class,20,1,0.6578947368421053,0.7668229949344796,0.01826923076923077,2080
ubiquitin,76,esm2_t33_650M_UR50D,In-class,20,2,0.7368421052631579,0.7845385033035199,0.01826923076923077,2080
ubiquitin,76,esm2_t33_650M_UR50D,Cross-class,2,0,0.631578947368421,0.7407922607586229,0.01826923076923077,2080
ubiquitin,76,esm2_t33_650M_UR50D,Cross-class,2,1,0.9473684210526315,0.9770524392581095,0.01826923076923077,2080
ubiquitin,76,esm2_t33_650M_UR50D,Cross-class,2,2,0.8157894736842105,0.8606782026772414,0.01826923076923077,2080
ubiquitin,76,esm2_t33_650M_UR50D,Cross-class,6,0,0.0,0.12183476329319672,0.01826923076923077,2080
ubiquitin,76,esm2_t33_650M_UR50D,Cross-class,6,1,0.6578947368421053,0.6538045888117968,0.01826923076923077,2080
ubiquitin,76,esm2_t33_650M_UR50D,Cross-class,6,2,0.6052631578947368,0.5187596975078954,0.01826923076923077,2080
ubiquitin,76,esm2_t33_650M_UR50D,Cross-class,10,0,0.05263157894736842,0.1703699005356862,0.01826923076923077,2080
ubiquitin,76,esm2_t33_650M_UR50D,Cross-class,10,1,0.05263157894736842,0.11818085273154949,0.01826923076923077,2080
ubiquitin,76,esm2_t33_650M_UR50D,Cross-class,10,2,0.05263157894736842,0.2221107820579228,0.01826923076923077,2080
ubiquitin,76,esm2_t33_650M_UR50D,Cross-class,20,0,0.0,0.17752983441354414,0.01826923076923077,2080
