assay,n,regime,m,seed,esm_rho,pssm_rho,published_rho,gate
A0A1I9GEU1_NEIME_Kennouche_2019,922,identity,0,0,0.02971,-0.00038,0.02971,PASS
A0A1I9GEU1_NEIME_Kennouche_2019,922,random,2,0,0.02514,-0.00038,,
A0A1I9GEU1_NEIME_Kennouche_2019,922,random,2,1,-0.00576,-0.00038,,
A0A1I9GEU1_NEIME_Kennouche_2019,922,random,2,2,0.01882,-0.00038,,
A0A1I9GEU1_NEIME_Kennouche_2019,922,random,6,0,-0.02144,-0.00038,,
A0A1I9GEU1_NEIME_Kennouche_2019,922,random,6,1,-0.00379,-0.00038,,
A0A1I9GEU1_NEIME_Kennouche_2019,922,random,6,2,-0.01,-0.00038,,
A0A1I9GEU1_NEIME_Kennouche_2019,922,random,10,0,-0.02178,-0.00038,,
A0A1I9GEU1_NEIME_Kennouche_2019,922,random,10,1,-0.08697,-0.00038,,
A0A1I9GEU1_NEIME_Kennouche_2019,922,random,10,2,-0.03033,-0.00038,,
A0A1I9GEU1_NEIME_Kennouche_2019,922,random,20,0,-0.08988,-0.00038,,
A0A1I9GEU1_NEIME_Kennouche_2019,922,random,20,1,-0.07749,-0.00038,,
A0A1I9GEU1_NEIME_Kennouche_2019,922,random,20,2,-0.06427,-0.00038,,
A0A1I9GEU1_NEIME_Kennouche_2019,922,In-class,2,0,0.00199,-0.00038,,
A0A1I9GEU1_NEIME_Kennouche_2019,922,In-class,2,1,0.00199,-0.00038,,
A0A1I9GEU1_NEIME_Kennouche_2019,922,In-class,2,2,0.03031,-0.00038,,
A0A1I9GEU1_NEIME_Kennouche_2019,922,In-class,6,0,-0.0001,-0.00038,,
A0A1I9GEU1_NEIME_Kennouche_2019,922,In-class,6,1,0.01409,-0.00038,,
A0A1I9GEU1_NEIME_Kennouche_2019,922,In-class,6,2,0.0203,-0.00038,,
A0A1I9GEU1_NEIME_Kennouche_2019,922,In-class,10,0,0.05544,-0.00038,,
A0A1I9GEU1_NEIME_Kennouche_2019,922,In-class,10,1,0.01633,-0.00038,,
A0A1I9GEU1_NEIME_Kennouche_2019,922,In-class,10,2,0.01765,-0.00038,,
A0A1I9GEU1_NEIME_Kennouche_2019,922,In-class,20,0,0.01118,-0.00038,,
A0A1I9GEU1_NEIME_Kennouche_2019,922,In-class,20,1,0.03477,-0.00038,,
A0A1I9GEU1_NEIME_Kennouche_2019,922,In-class,20,2,0.03314,-0.00038,,
A0A1I9GEU1_NEIME_Kennouche_2019,922,Cross-class,2,0,-0.00616,-0.00038,,
A0A1I9GEU1_NEIME_Kennouche_2019,922,Cross-class,2,1,0.00033,-0.00038,,
A0A1I9GEU1_NEIME_Kennouche_2019,922,Cross-class,2,2,0.00052,-0.00038,,
A0A1I9GEU1_NEIME_Kennouche_2019,922,Cross-class,6,0,-0.09363,-0.00038,,
A0A1I9GEU1_NEIME_Kennouche_2019,922,Cross-class,6,1,0.00094,-0.00038,,
A0A1I9GEU1_NEIME_Kennouche_2019,922,Cross-class,6,2,-0.05138,-0.00038,,
A0A1I9GEU1_NEIME_Kennouche_2019,922,Cross-class,10,0,-0.01224,-0.00038,,
A0A1I9GEU1_NEIME_Kennouche_2019,922,Cross-class,10,1,-0.01792,-0.00038,,
A0A1I9GEU1_NEIME_Kennouche_2019,922,Cross-class,10,2,-0.07759,-0.00038,,
A0A1I9GEU1_NEIME_Kennouche_2019,922,Cross-class,20,0,-0.04347,-0.00038,,
A0A1I9GEU1_NEIME_Kennouche_2019,922,Cross-class,20,1,-0.06411,-0.00038,,
A0A1I9GEU1_NEIME_Kennouche_2019,922,Cross-class,20,2,-0.04347,-0.00038,,
A0A247D711_LISMN_Stadelmann_2021,1653,identity,0,0,0.06592,0.436,0.06592,PASS
A0A247D711_LISMN_Stadelmann_2021,1653,random,2,0,0.12794,0.436,,
A0A247D711_LISMN_Stadelmann_2021,1653,random,2,1,0.00142,0.436,,
A0A247D711_LISMN_Stadelmann_2021,1653,random,2,2,0.03603,0.436,,
A0A247D711_LISMN_Stadelmann_2021,1653,random,6,0,-0.00873,0.436,,
A0A247D711_LISMN_Stadelmann_2021,1653,random,6,1,-0.09163,0.436,,
A0A247D711_LISMN_Stadelmann_2021,1653,random,6,2,-0.00643,0.436,,
A0A247D711_LISMN_Stadelmann_2021,1653,random,10,0,-0.09714,0.436,,
A0A247D711_LISMN_Stadelmann_2021,1653,random,10,1,0.04415,0.436,,
A0A247D711_LISMN_Stadelmann_2021,1653,random,10,2,-0.05154,0.436,,
A0A247D711_LISMN_Stadelmann_2021,1653,random,20,0,-0.10133,0.436,,
A0A247D711_LISMN_Stadelmann_2021,1653,random,20,1,-0.11181,0.436,,
A0A247D711_LISMN_Stadelmann_2021,1653,random,20,2,-0.15385,0.436,,
A0A247D711_LISMN_Stadelmann_2021,1653,In-class,2,0,0.06526,0.436,,
A0A247D711_LISMN_Stadelmann_2021,1653,In-class,2,1,0.06526,0.436,,
A0A247D711_LISMN_Stadelmann_2021,1653,In-class,2,2,0.08766,0.436,,
A0A247D711_LISMN_Stadelmann_2021,1653,In-class,6,0,-0.01448,0.436,,
A0A247D711_LISMN_Stadelmann_2021,1653,In-class,6,1,0.00888,0.436,,
A0A247D711_LISMN_Stadelmann_2021,1653,In-class,6,2,0.0926,0.436,,
A0A247D711_LISMN_Stadelmann_2021,1653,In-class,10,0,-0.01127,0.436,,
A0A247D711_LISMN_Stadelmann_2021,1653,In-class,10,1,-0.1219,0.436,,
A0A247D711_LISMN_Stadelmann_2021,1653,In-class,10,2,0.00315,0.436,,
A0A247D711_LISMN_Stadelmann_2021,1653,In-class,20,0,-0.06966,0.436,,
A0A247D711_LISMN_Stadelmann_2021,1653,In-class,20,1,-0.07475,0.436,,
A0A247D711_LISMN_Stadelmann_2021,1653,In-class,20,2,-0.07473,0.436,,
A0A247D711_LISMN_Stadelmann_2021,1653,Cross-class,2,0,-0.04693,0.436,,
A0A247D711_LISMN_Stadelmann_2021,1653,Cross-class,2,1,-0.02259,0.436,,
A0A247D711_LISMN_Stadelmann_2021,1653,Cross-class,2,2,-0.01269,0.436,,
A0A247D711_LISMN_Stadelmann_2021,1653,Cross-class,6,0,-0.08343,0.436,,
A0A247D711_LISMN_Stadelmann_2021,1653,Cross-class,6,1,-0.0673,0.436,,
A0A247D711_LISMN_Stadelmann_2021,1653,Cross-class,6,2,-0.05528,0.436,,
A0A247D711_LISMN_Stadelmann_2021,1653,Cross-class,10,0,-0.04503,0.436,,
A0A247D711_LISMN_Stadelmann_2021,1653,Cross-class,10,1,-0.03549,0.436,,
A0A247D711_LISMN_Stadelmann_2021,1653,Cross-class,10,2,-0.07645,0.436,,
A0A247D711_LISMN_Stadelmann_2021,1653,Cross-class,20,0,-0.14625,0.436,,
A0A247D711_LISMN_Stadelmann_2021,1653,Cross-class,20,1,-0.05526,0.436,,
A0A247D711_LISMN_Stadelmann_2021,1653,Cross-class,20,2,-0.14625,0.436,,
A4GRB6_PSEAI_Chen_2020,5004,identity,0,0,0.73817,0.0221,0.73817,PASS
A4GRB6_PSEAI_Chen_2020,5004,random,2,0,0.6249,0.0221,,
A4GRB6_PSEAI_Chen_2020,5004,random,2,1,0.55646,0.0221,,
A4GRB6_PSEAI_Chen_2020,5004,random,2,2,0.59776,0.0221,,
A4GRB6_PSEAI_Chen_2020,5004,random,6,0,0.15072,0.0221,,
A4GRB6_PSEAI_Chen_2020,5004,random,6,1,0.27047,0.0221,,
A4GRB6_PSEAI_Chen_2020,5004,random,6,2,-0.02104,0.0221,,
A4GRB6_PSEAI_Chen_2020,5004,random,10,0,0.00097,0.0221,,
A4GRB6_PSEAI_Chen_2020,5004,random,10,1,0.01603,0.0221,,
A4GRB6_PSEAI_Chen_2020,5004,random,10,2,0.07029,0.0221,,
A4GRB6_PSEAI_Chen_2020,5004,random,20,0,0.03574,0.0221,,
A4GRB6_PSEAI_Chen_2020,5004,random,20,1,0.02906,0.0221,,
A4GRB6_PSEAI_Chen_2020,5004,random,20,2,0.03734,0.0221,,
A4GRB6_PSEAI_Chen_2020,5004,In-class,2,0,0.72394,0.0221,,
A4GRB6_PSEAI_Chen_2020,5004,In-class,2,1,0.72394,0.0221,,
A4GRB6_PSEAI_Chen_2020,5004,In-class,2,2,0.72986,0.0221,,
A4GRB6_PSEAI_Chen_2020,5004,In-class,6,0,0.67879,0.0221,,
A4GRB6_PSEAI_Chen_2020,5004,In-class,6,1,0.6353,0.0221,,
A4GRB6_PSEAI_Chen_2020,5004,In-class,6,2,0.69445,0.0221,,
A4GRB6_PSEAI_Chen_2020,5004,In-class,10,0,0.61862,0.0221,,
A4GRB6_PSEAI_Chen_2020,5004,In-class,10,1,0.5498,0.0221,,
A4GRB6_PSEAI_Chen_2020,5004,In-class,10,2,0.56468,0.0221,,
A4GRB6_PSEAI_Chen_2020,5004,In-class,20,0,0.52043,0.0221,,
A4GRB6_PSEAI_Chen_2020,5004,In-class,20,1,0.50474,0.0221,,
A4GRB6_PSEAI_Chen_2020,5004,In-class,20,2,0.52005,0.0221,,
A4GRB6_PSEAI_Chen_2020,5004,Cross-class,2,0,0.55033,0.0221,,
A4GRB6_PSEAI_Chen_2020,5004,Cross-class,2,1,0.64222,0.0221,,
A4GRB6_PSEAI_Chen_2020,5004,Cross-class,2,2,0.43063,0.0221,,
A4GRB6_PSEAI_Chen_2020,5004,Cross-class,6,0,-0.00064,0.0221,,
A4GRB6_PSEAI_Chen_2020,5004,Cross-class,6,1,0.38239,0.0221,,
A4GRB6_PSEAI_Chen_2020,5004,Cross-class,6,2,0.41606,0.0221,,
A4GRB6_PSEAI_Chen_2020,5004,Cross-class,10,0,-0.02921,0.0221,,
A4GRB6_PSEAI_Chen_2020,5004,Cross-class,10,1,0.0044,0.0221,,
A4GRB6_PSEAI_Chen_2020,5004,Cross-class,10,2,0.02013,0.0221,,
A4GRB6_PSEAI_Chen_2020,5004,Cross-class,20,0,0.00344,0.0221,,
A4GRB6_PSEAI_Chen_2020,5004,Cross-class,20,1,0.00214,0.0221,,
A4GRB6_PSEAI_Chen_2020,5004,Cross-class,20,2,0.00344,0.0221,,
BLAT_ECOLX_Firnberg_2014,4783,identity,0,0,0.73708,-0.02741,0.73709,PASS
BLAT_ECOLX_Firnberg_2014,4783,random,2,0,0.61698,-0.02741,,
BLAT_ECOLX_Firnberg_2014,4783,random,2,1,0.54083,-0.02741,,
BLAT_ECOLX_Firnberg_2014,4783,random,2,2,0.64359,-0.02741,,
BLAT_ECOLX_Firnberg_2014,4783,random,6,0,0.36949,-0.02741,,
BLAT_ECOLX_Firnberg_2014,4783,random,6,1,0.26389,-0.02741,,
BLAT_ECOLX_Firnberg_2014,4783,random,6,2,0.49571,-0.02741,,
BLAT_ECOLX_Firnberg_2014,4783,random,10,0,0.29879,-0.02741,,
BLAT_ECOLX_Firnberg_2014,4783,random,10,1,0.11334,-0.02741,,
BLAT_ECOLX_Firnberg_2014,4783,random,10,2,0.04187,-0.02741,,
BLAT_ECOLX_Firnberg_2014,4783,random,20,0,0.1106,-0.02741,,
BLAT_ECOLX_Firnberg_2014,4783,random,20,1,0.08323,-0.02741,,
BLAT_ECOLX_Firnberg_2014,4783,random,20,2,0.0542,-0.02741,,
BLAT_ECOLX_Firnberg_2014,4783,In-class,2,0,0.70534,-0.02741,,
BLAT_ECOLX_Firnberg_2014,4783,In-class,2,1,0.70534,-0.02741,,
BLAT_ECOLX_Firnberg_2014,4783,In-class,2,2,0.73076,-0.02741,,
BLAT_ECOLX_Firnberg_2014,4783,In-class,6,0,0.64538,-0.02741,,
BLAT_ECOLX_Firnberg_2014,4783,In-class,6,1,0.5882,-0.02741,,
BLAT_ECOLX_Firnberg_2014,4783,In-class,6,2,0.64003,-0.02741,,
BLAT_ECOLX_Firnberg_2014,4783,In-class,10,0,0.53042,-0.02741,,
BLAT_ECOLX_Firnberg_2014,4783,In-class,10,1,0.51379,-0.02741,,
BLAT_ECOLX_Firnberg_2014,4783,In-class,10,2,0.53951,-0.02741,,
BLAT_ECOLX_Firnberg_2014,4783,In-class,20,0,0.46367,-0.02741,,
BLAT_ECOLX_Firnberg_2014,4783,In-class,20,1,0.45286,-0.02741,,
BLAT_ECOLX_Firnberg_2014,4783,In-class,20,2,0.47626,-0.02741,,
BLAT_ECOLX_Firnberg_2014,4783,Cross-class,2,0,0.53224,-0.02741,,
BLAT_ECOLX_Firnberg_2014,4783,Cross-class,2,1,0.64732,-0.02741,,
BLAT_ECOLX_Firnberg_2014,4783,Cross-class,2,2,0.53232,-0.02741,,
BLAT_ECOLX_Firnberg_2014,4783,Cross-class,6,0,0.05842,-0.02741,,
BLAT_ECOLX_Firnberg_2014,4783,Cross-class,6,1,0.40782,-0.02741,,
BLAT_ECOLX_Firnberg_2014,4783,Cross-class,6,2,0.4537,-0.02741,,
BLAT_ECOLX_Firnberg_2014,4783,Cross-class,10,0,0.04776,-0.02741,,
BLAT_ECOLX_Firnberg_2014,4783,Cross-class,10,1,0.03844,-0.02741,,
BLAT_ECOLX_Firnberg_2014,4783,Cross-class,10,2,0.01322,-0.02741,,
BLAT_ECOLX_Firnberg_2014,4783,Cross-class,20,0,0.05684,-0.02741,,
BLAT_ECOLX_Firnberg_2014,4783,Cross-class,20,1,0.02591,-0.02741,,
BLAT_ECOLX_Firnberg_2014,4783,Cross-class,20,2,0.05684,-0.02741,,
CALM1_HUMAN_Weile_2017,1813,identity,0,0,0.21162,0.03901,0.21162,PASS
CALM1_HUMAN_Weile_2017,1813,random,2,0,0.18993,0.03901,,
CALM1_HUMAN_Weile_2017,1813,random,2,1,0.19297,0.03901,,
CALM1_HUMAN_Weile_2017,1813,random,2,2,0.19385,0.03901,,
CALM1_HUMAN_Weile_2017,1813,random,6,0,0.1402,0.03901,,
CALM1_HUMAN_Weile_2017,1813,random,6,1,0.10531,0.03901,,
CALM1_HUMAN_Weile_2017,1813,random,6,2,0.15305,0.03901,,
CALM1_HUMAN_Weile_2017,1813,random,10,0,0.1071,0.03901,,
CALM1_HUMAN_Weile_2017,1813,random,10,1,0.13032,0.03901,,
CALM1_HUMAN_Weile_2017,1813,random,10,2,0.1121,0.03901,,
CALM1_HUMAN_Weile_2017,1813,random,20,0,0.0823,0.03901,,
CALM1_HUMAN_Weile_2017,1813,random,20,1,0.05885,0.03901,,
CALM1_HUMAN_Weile_2017,1813,random,20,2,0.05334,0.03901,,
CALM1_HUMAN_Weile_2017,1813,In-class,2,0,0.22422,0.03901,,
CALM1_HUMAN_Weile_2017,1813,In-class,2,1,0.22422,0.03901,,
CALM1_HUMAN_Weile_2017,1813,In-class,2,2,0.20797,0.03901,,
CALM1_HUMAN_Weile_2017,1813,In-class,6,0,0.20436,0.03901,,
CALM1_HUMAN_Weile_2017,1813,In-class,6,1,0.213,0.03901,,
CALM1_HUMAN_Weile_2017,1813,In-class,6,2,0.20718,0.03901,,
CALM1_HUMAN_Weile_2017,1813,In-class,10,0,0.18504,0.03901,,
CALM1_HUMAN_Weile_2017,1813,In-class,10,1,0.22117,0.03901,,
CALM1_HUMAN_Weile_2017,1813,In-class,10,2,0.20738,0.03901,,
CALM1_HUMAN_Weile_2017,1813,In-class,20,0,0.20648,0.03901,,
CALM1_HUMAN_Weile_2017,1813,In-class,20,1,0.17468,0.03901,,
CALM1_HUMAN_Weile_2017,1813,In-class,20,2,0.17838,0.03901,,
CALM1_HUMAN_Weile_2017,1813,Cross-class,2,0,0.12157,0.03901,,
CALM1_HUMAN_Weile_2017,1813,Cross-class,2,1,0.20398,0.03901,,
CALM1_HUMAN_Weile_2017,1813,Cross-class,2,2,0.14397,0.03901,,
CALM1_HUMAN_Weile_2017,1813,Cross-class,6,0,0.10529,0.03901,,
CALM1_HUMAN_Weile_2017,1813,Cross-class,6,1,0.11762,0.03901,,
CALM1_HUMAN_Weile_2017,1813,Cross-class,6,2,0.13426,0.03901,,
CALM1_HUMAN_Weile_2017,1813,Cross-class,10,0,0.069,0.03901,,
CALM1_HUMAN_Weile_2017,1813,Cross-class,10,1,0.09919,0.03901,,
CALM1_HUMAN_Weile_2017,1813,Cross-class,10,2,0.07887,0.03901,,
CALM1_HUMAN_Weile_2017,1813,Cross-class,20,0,0.09004,0.03901,,
CALM1_HUMAN_Weile_2017,1813,Cross-class,20,1,0.07218,0.03901,,
CALM1_HUMAN_Weile_2017,1813,Cross-class,20,2,0.09004,0.03901,,
CCDB_ECOLI_Adkar_2012,1176,identity,0,0,0.472,-0.22615,0.472,PASS
CCDB_ECOLI_Adkar_2012,1176,random,2,0,0.45068,-0.22615,,
CCDB_ECOLI_Adkar_2012,1176,random,2,1,0.18824,-0.22615,,
CCDB_ECOLI_Adkar_2012,1176,random,2,2,0.34845,-0.22615,,
CCDB_ECOLI_Adkar_2012,1176,random,6,0,-0.2245,-0.22615,,
CCDB_ECOLI_Adkar_2012,1176,random,6,1,-0.10345,-0.22615,,
CCDB_ECOLI_Adkar_2012,1176,random,6,2,-0.17174,-0.22615,,
CCDB_ECOLI_Adkar_2012,1176,random,10,0,0.01608,-0.22615,,
CCDB_ECOLI_Adkar_2012,1176,random,10,1,0.00653,-0.22615,,
CCDB_ECOLI_Adkar_2012,1176,random,10,2,0.01495,-0.22615,,
CCDB_ECOLI_Adkar_2012,1176,random,20,0,-0.06837,-0.22615,,
CCDB_ECOLI_Adkar_2012,1176,random,20,1,-0.06891,-0.22615,,
CCDB_ECOLI_Adkar_2012,1176,random,20,2,-0.09269,-0.22615,,
CCDB_ECOLI_Adkar_2012,1176,In-class,2,0,0.39634,-0.22615,,
CCDB_ECOLI_Adkar_2012,1176,In-class,2,1,0.39634,-0.22615,,
CCDB_ECOLI_Adkar_2012,1176,In-class,2,2,0.46773,-0.22615,,
CCDB_ECOLI_Adkar_2012,1176,In-class,6,0,0.33467,-0.22615,,
CCDB_ECOLI_Adkar_2012,1176,In-class,6,1,0.34744,-0.22615,,
CCDB_ECOLI_Adkar_2012,1176,In-class,6,2,0.3975,-0.22615,,
CCDB_ECOLI_Adkar_2012,1176,In-class,10,0,0.40516,-0.22615,,
CCDB_ECOLI_Adkar_2012,1176,In-class,10,1,0.31258,-0.22615,,
CCDB_ECOLI_Adkar_2012,1176,In-class,10,2,0.41458,-0.22615,,
CCDB_ECOLI_Adkar_2012,1176,In-class,20,0,0.18606,-0.22615,,
CCDB_ECOLI_Adkar_2012,1176,In-class,20,1,-0.04182,-0.22615,,
CCDB_ECOLI_Adkar_2012,1176,In-class,20,2,0.30778,-0.22615,,
CCDB_ECOLI_Adkar_2012,1176,Cross-class,2,0,0.23577,-0.22615,,
CCDB_ECOLI_Adkar_2012,1176,Cross-class,2,1,0.4432,-0.22615,,
CCDB_ECOLI_Adkar_2012,1176,Cross-class,2,2,0.28903,-0.22615,,
CCDB_ECOLI_Adkar_2012,1176,Cross-class,6,0,-0.17757,-0.22615,,
CCDB_ECOLI_Adkar_2012,1176,Cross-class,6,1,0.09282,-0.22615,,
CCDB_ECOLI_Adkar_2012,1176,Cross-class,6,2,-0.05222,-0.22615,,
CCDB_ECOLI_Adkar_2012,1176,Cross-class,10,0,-0.07319,-0.22615,,
CCDB_ECOLI_Adkar_2012,1176,Cross-class,10,1,-0.22663,-0.22615,,
CCDB_ECOLI_Adkar_2012,1176,Cross-class,10,2,-0.15061,-0.22615,,
CCDB_ECOLI_Adkar_2012,1176,Cross-class,20,0,-0.11089,-0.22615,,
CCDB_ECOLI_Adkar_2012,1176,Cross-class,20,1,-0.24146,-0.22615,,
CCDB_ECOLI_Adkar_2012,1176,Cross-class,20,2,-0.11089,-0.22615,,
GFP_AEQVI_Sarkisyan_2016,1084,identity,0,0,0.05165,0.00086,0.05165,PASS
GFP_AEQVI_Sarkisyan_2016,1084,random,2,0,-0.03509,0.00086,,
GFP_AEQVI_Sarkisyan_2016,1084,random,2,1,0.02341,0.00086,,
GFP_AEQVI_Sarkisyan_2016,1084,random,2,2,-0.03164,0.00086,,
GFP_AEQVI_Sarkisyan_2016,1084,random,6,0,-0.02572,0.00086,,
GFP_AEQVI_Sarkisyan_2016,1084,random,6,1,-0.023,0.00086,,
GFP_AEQVI_Sarkisyan_2016,1084,random,6,2,-0.07876,0.00086,,
GFP_AEQVI_Sarkisyan_2016,1084,random,10,0,-0.04089,0.00086,,
GFP_AEQVI_Sarkisyan_2016,1084,random,10,1,0.01843,0.00086,,
GFP_AEQVI_Sarkisyan_2016,1084,random,10,2,0.01219,0.00086,,
GFP_AEQVI_Sarkisyan_2016,1084,random,20,0,0.00646,0.00086,,
GFP_AEQVI_Sarkisyan_2016,1084,random,20,1,0.0334,0.00086,,
GFP_AEQVI_Sarkisyan_2016,1084,random,20,2,-0.04812,0.00086,,
GFP_AEQVI_Sarkisyan_2016,1084,In-class,2,0,0.03993,0.00086,,
GFP_AEQVI_Sarkisyan_2016,1084,In-class,2,1,0.03993,0.00086,,
GFP_AEQVI_Sarkisyan_2016,1084,In-class,2,2,0.03498,0.00086,,
GFP_AEQVI_Sarkisyan_2016,1084,In-class,6,0,0.05056,0.00086,,
GFP_AEQVI_Sarkisyan_2016,1084,In-class,6,1,0.07439,0.00086,,
GFP_AEQVI_Sarkisyan_2016,1084,In-class,6,2,0.03242,0.00086,,
GFP_AEQVI_Sarkisyan_2016,1084,In-class,10,0,0.03184,0.00086,,
GFP_AEQVI_Sarkisyan_2016,1084,In-class,10,1,0.04932,0.00086,,
GFP_AEQVI_Sarkisyan_2016,1084,In-class,10,2,0.06158,0.00086,,
GFP_AEQVI_Sarkisyan_2016,1084,In-class,20,0,-0.0054,0.00086,,
GFP_AEQVI_Sarkisyan_2016,1084,In-class,20,1,-0.02234,0.00086,,
GFP_AEQVI_Sarkisyan_2016,1084,In-class,20,2,0.01847,0.00086,,
GFP_AEQVI_Sarkisyan_2016,1084,Cross-class,2,0,-0.01744,0.00086,,
GFP_AEQVI_Sarkisyan_2016,1084,Cross-class,2,1,-0.0103,0.00086,,
GFP_AEQVI_Sarkisyan_2016,1084,Cross-class,2,2,-0.08177,0.00086,,
GFP_AEQVI_Sarkisyan_2016,1084,Cross-class,6,0,-0.03225,0.00086,,
GFP_AEQVI_Sarkisyan_2016,1084,Cross-class,6,1,-0.03589,0.00086,,
GFP_AEQVI_Sarkisyan_2016,1084,Cross-class,6,2,0.01169,0.00086,,
GFP_AEQVI_Sarkisyan_2016,1084,Cross-class,10,0,-0.03618,0.00086,,
GFP_AEQVI_Sarkisyan_2016,1084,Cross-class,10,1,-0.03598,0.00086,,
GFP_AEQVI_Sarkisyan_2016,1084,Cross-class,10,2,-0.03264,0.00086,,
GFP_AEQVI_Sarkisyan_2016,1084,Cross-class,20,0,0.01893,0.00086,,
GFP_AEQVI_Sarkisyan_2016,1084,Cross-class,20,1,-0.03732,0.00086,,
GFP_AEQVI_Sarkisyan_2016,1084,Cross-class,20,2,0.01893,0.00086,,
MK01_HUMAN_Brenan_2016,6809,identity,0,0,0.17818,0.10646,0.17818,PASS
MK01_HUMAN_Brenan_2016,6809,random,2,0,0.14063,0.10646,,
MK01_HUMAN_Brenan_2016,6809,random,2,1,0.12953,0.10646,,
MK01_HUMAN_Brenan_2016,6809,random,2,2,0.11624,0.10646,,
MK01_HUMAN_Brenan_2016,6809,random,6,0,0.01182,0.10646,,
MK01_HUMAN_Brenan_2016,6809,random,6,1,0.01845,0.10646,,
MK01_HUMAN_Brenan_2016,6809,random,6,2,0.09955,0.10646,,
MK01_HUMAN_Brenan_2016,6809,random,10,0,-0.00605,0.10646,,
MK01_HUMAN_Brenan_2016,6809,random,10,1,-0.03872,0.10646,,
MK01_HUMAN_Brenan_2016,6809,random,10,2,-0.10878,0.10646,,
MK01_HUMAN_Brenan_2016,6809,random,20,0,-0.08405,0.10646,,
MK01_HUMAN_Brenan_2016,6809,random,20,1,-0.13948,0.10646,,
MK01_HUMAN_Brenan_2016,6809,random,20,2,-0.06545,0.10646,,
MK01_HUMAN_Brenan_2016,6809,In-class,2,0,0.15454,0.10646,,
MK01_HUMAN_Brenan_2016,6809,In-class,2,1,0.15454,0.10646,,
MK01_HUMAN_Brenan_2016,6809,In-class,2,2,0.11211,0.10646,,
MK01_HUMAN_Brenan_2016,6809,In-class,6,0,0.12809,0.10646,,
MK01_HUMAN_Brenan_2016,6809,In-class,6,1,0.11485,0.10646,,
MK01_HUMAN_Brenan_2016,6809,In-class,6,2,0.06737,0.10646,,
MK01_HUMAN_Brenan_2016,6809,In-class,10,0,0.01321,0.10646,,
MK01_HUMAN_Brenan_2016,6809,In-class,10,1,0.06716,0.10646,,
MK01_HUMAN_Brenan_2016,6809,In-class,10,2,0.06056,0.10646,,
MK01_HUMAN_Brenan_2016,6809,In-class,20,0,0.02856,0.10646,,
MK01_HUMAN_Brenan_2016,6809,In-class,20,1,0.02922,0.10646,,
MK01_HUMAN_Brenan_2016,6809,In-class,20,2,0.01448,0.10646,,
MK01_HUMAN_Brenan_2016,6809,Cross-class,2,0,0.14826,0.10646,,
MK01_HUMAN_Brenan_2016,6809,Cross-class,2,1,0.1316,0.10646,,
MK01_HUMAN_Brenan_2016,6809,Cross-class,2,2,0.09354,0.10646,,
MK01_HUMAN_Brenan_2016,6809,Cross-class,6,0,-0.11353,0.10646,,
MK01_HUMAN_Brenan_2016,6809,Cross-class,6,1,0.02932,0.10646,,
MK01_HUMAN_Brenan_2016,6809,Cross-class,6,2,0.04556,0.10646,,
MK01_HUMAN_Brenan_2016,6809,Cross-class,10,0,-0.09968,0.10646,,
MK01_HUMAN_Brenan_2016,6809,Cross-class,10,1,-0.1142,0.10646,,
MK01_HUMAN_Brenan_2016,6809,Cross-class,10,2,-0.08891,0.10646,,
MK01_HUMAN_Brenan_2016,6809,Cross-class,20,0,-0.10579,0.10646,,
MK01_HUMAN_Brenan_2016,6809,Cross-class,20,1,-0.12753,0.10646,,
MK01_HUMAN_Brenan_2016,6809,Cross-class,20,2,-0.10579,0.10646,,
MTH3_HAEAE_RockahShmuel_2015,1777,identity,0,0,0.52667,0.06008,0.52667,PASS
MTH3_HAEAE_RockahShmuel_2015,1777,random,2,0,0.39879,0.06008,,
MTH3_HAEAE_RockahShmuel_2015,1777,random,2,1,0.39094,0.06008,,
MTH3_HAEAE_RockahShmuel_2015,1777,random,2,2,0.43944,0.06008,,
MTH3_HAEAE_RockahShmuel_2015,1777,random,6,0,0.33993,0.06008,,
MTH3_HAEAE_RockahShmuel_2015,1777,random,6,1,0.14734,0.06008,,
MTH3_HAEAE_RockahShmuel_2015,1777,random,6,2,0.28344,0.06008,,
MTH3_HAEAE_RockahShmuel_2015,1777,random,10,0,0.13916,0.06008,,
MTH3_HAEAE_RockahShmuel_2015,1777,random,10,1,0.12252,0.06008,,
MTH3_HAEAE_RockahShmuel_2015,1777,random,10,2,-0.06077,0.06008,,
MTH3_HAEAE_RockahShmuel_2015,1777,random,20,0,-0.05904,0.06008,,
MTH3_HAEAE_RockahShmuel_2015,1777,random,20,1,-0.07586,0.06008,,
MTH3_HAEAE_RockahShmuel_2015,1777,random,20,2,-0.0906,0.06008,,
MTH3_HAEAE_RockahShmuel_2015,1777,In-class,2,0,0.45331,0.06008,,
MTH3_HAEAE_RockahShmuel_2015,1777,In-class,2,1,0.45331,0.06008,,
MTH3_HAEAE_RockahShmuel_2015,1777,In-class,2,2,0.49723,0.06008,,
MTH3_HAEAE_RockahShmuel_2015,1777,In-class,6,0,0.43543,0.06008,,
MTH3_HAEAE_RockahShmuel_2015,1777,In-class,6,1,0.36255,0.06008,,
MTH3_HAEAE_RockahShmuel_2015,1777,In-class,6,2,0.40217,0.06008,,
MTH3_HAEAE_RockahShmuel_2015,1777,In-class,10,0,0.36897,0.06008,,
MTH3_HAEAE_RockahShmuel_2015,1777,In-class,10,1,0.3617,0.06008,,
MTH3_HAEAE_RockahShmuel_2015,1777,In-class,10,2,0.39363,0.06008,,
MTH3_HAEAE_RockahShmuel_2015,1777,In-class,20,0,0.31379,0.06008,,
MTH3_HAEAE_RockahShmuel_2015,1777,In-class,20,1,0.30476,0.06008,,
MTH3_HAEAE_RockahShmuel_2015,1777,In-class,20,2,0.33467,0.06008,,
MTH3_HAEAE_RockahShmuel_2015,1777,Cross-class,2,0,0.38809,0.06008,,
MTH3_HAEAE_RockahShmuel_2015,1777,Cross-class,2,1,0.43597,0.06008,,
MTH3_HAEAE_RockahShmuel_2015,1777,Cross-class,2,2,0.32116,0.06008,,
MTH3_HAEAE_RockahShmuel_2015,1777,Cross-class,6,0,-0.07645,0.06008,,
MTH3_HAEAE_RockahShmuel_2015,1777,Cross-class,6,1,0.158,0.06008,,
MTH3_HAEAE_RockahShmuel_2015,1777,Cross-class,6,2,0.35137,0.06008,,
MTH3_HAEAE_RockahShmuel_2015,1777,Cross-class,10,0,-0.06442,0.06008,,
MTH3_HAEAE_RockahShmuel_2015,1777,Cross-class,10,1,-0.06497,0.06008,,
MTH3_HAEAE_RockahShmuel_2015,1777,Cross-class,10,2,-0.09169,0.06008,,
MTH3_HAEAE_RockahShmuel_2015,1777,Cross-class,20,0,-0.06201,0.06008,,
MTH3_HAEAE_RockahShmuel_2015,1777,Cross-class,20,1,-0.08184,0.06008,,
MTH3_HAEAE_RockahShmuel_2015,1777,Cross-class,20,2,-0.06201,0.06008,,
P53_HUMAN_Kotler_2018,1048,identity,0,0,0.67813,0.06625,0.67813,PASS
P53_HUMAN_Kotler_2018,1048,random,2,0,0.59441,0.06625,,
P53_HUMAN_Kotler_2018,1048,random,2,1,0.54717,0.06625,,
P53_HUMAN_Kotler_2018,1048,random,2,2,0.59395,0.06625,,
P53_HUMAN_Kotler_2018,1048,random,6,0,0.38609,0.06625,,
P53_HUMAN_Kotler_2018,1048,random,6,1,0.35681,0.06625,,
P53_HUMAN_Kotler_2018,1048,random,6,2,0.33355,0.06625,,
P53_HUMAN_Kotler_2018,1048,random,10,0,-0.02153,0.06625,,
P53_HUMAN_Kotler_2018,1048,random,10,1,-0.05591,0.06625,,
P53_HUMAN_Kotler_2018,1048,random,10,2,-0.02503,0.06625,,
P53_HUMAN_Kotler_2018,1048,random,20,0,0.02188,0.06625,,
P53_HUMAN_Kotler_2018,1048,random,20,1,-0.09145,0.06625,,
P53_HUMAN_Kotler_2018,1048,random,20,2,-0.10952,0.06625,,
P53_HUMAN_Kotler_2018,1048,In-class,2,0,0.66791,0.06625,,
P53_HUMAN_Kotler_2018,1048,In-class,2,1,0.66791,0.06625,,
P53_HUMAN_Kotler_2018,1048,In-class,2,2,0.6469,0.06625,,
P53_HUMAN_Kotler_2018,1048,In-class,6,0,0.6118,0.06625,,
P53_HUMAN_Kotler_2018,1048,In-class,6,1,0.57022,0.06625,,
P53_HUMAN_Kotler_2018,1048,In-class,6,2,0.60127,0.06625,,
P53_HUMAN_Kotler_2018,1048,In-class,10,0,0.52321,0.06625,,
P53_HUMAN_Kotler_2018,1048,In-class,10,1,0.52336,0.06625,,
P53_HUMAN_Kotler_2018,1048,In-class,10,2,0.51399,0.06625,,
P53_HUMAN_Kotler_2018,1048,In-class,20,0,0.41387,0.06625,,
P53_HUMAN_Kotler_2018,1048,In-class,20,1,0.36859,0.06625,,
P53_HUMAN_Kotler_2018,1048,In-class,20,2,0.43861,0.06625,,
P53_HUMAN_Kotler_2018,1048,Cross-class,2,0,0.53553,0.06625,,
P53_HUMAN_Kotler_2018,1048,Cross-class,2,1,0.62756,0.06625,,
P53_HUMAN_Kotler_2018,1048,Cross-class,2,2,0.43302,0.06625,,
P53_HUMAN_Kotler_2018,1048,Cross-class,6,0,-0.01415,0.06625,,
P53_HUMAN_Kotler_2018,1048,Cross-class,6,1,0.29012,0.06625,,
P53_HUMAN_Kotler_2018,1048,Cross-class,6,2,0.3467,0.06625,,
P53_HUMAN_Kotler_2018,1048,Cross-class,10,0,-0.06071,0.06625,,
P53_HUMAN_Kotler_2018,1048,Cross-class,10,1,-0.02651,0.06625,,
P53_HUMAN_Kotler_2018,1048,Cross-class,10,2,0.00589,0.06625,,
P53_HUMAN_Kotler_2018,1048,Cross-class,20,0,-0.03716,0.06625,,
P53_HUMAN_Kotler_2018,1048,Cross-class,20,1,-0.06568,0.06625,,
P53_HUMAN_Kotler_2018,1048,Cross-class,20,2,-0.03716,0.06625,,
RL40A_YEAST_Mavor_2016,1253,identity,0,0,0.51588,0.01542,0.51588,PASS
RL40A_YEAST_Mavor_2016,1253,random,2,0,0.38916,0.01542,,
RL40A_YEAST_Mavor_2016,1253,random,2,1,0.28835,0.01542,,
RL40A_YEAST_Mavor_2016,1253,random,2,2,0.37493,0.01542,,
RL40A_YEAST_Mavor_2016,1253,random,6,0,0.07016,0.01542,,
RL40A_YEAST_Mavor_2016,1253,random,6,1,0.12627,0.01542,,
RL40A_YEAST_Mavor_2016,1253,random,6,2,0.41815,0.01542,,
RL40A_YEAST_Mavor_2016,1253,random,10,0,0.21462,0.01542,,
RL40A_YEAST_Mavor_2016,1253,random,10,1,0.06167,0.01542,,
RL40A_YEAST_Mavor_2016,1253,random,10,2,0.10373,0.01542,,
RL40A_YEAST_Mavor_2016,1253,random,20,0,-0.02862,0.01542,,
RL40A_YEAST_Mavor_2016,1253,random,20,1,0.04816,0.01542,,
RL40A_YEAST_Mavor_2016,1253,random,20,2,-0.04498,0.01542,,
RL40A_YEAST_Mavor_2016,1253,In-class,2,0,0.48132,0.01542,,
RL40A_YEAST_Mavor_2016,1253,In-class,2,1,0.48132,0.01542,,
RL40A_YEAST_Mavor_2016,1253,In-class,2,2,0.43241,0.01542,,
RL40A_YEAST_Mavor_2016,1253,In-class,6,0,0.43396,0.01542,,
RL40A_YEAST_Mavor_2016,1253,In-class,6,1,0.43339,0.01542,,
RL40A_YEAST_Mavor_2016,1253,In-class,6,2,0.40017,0.01542,,
RL40A_YEAST_Mavor_2016,1253,In-class,10,0,0.36118,0.01542,,
RL40A_YEAST_Mavor_2016,1253,In-class,10,1,0.30008,0.01542,,
RL40A_YEAST_Mavor_2016,1253,In-class,10,2,0.3484,0.01542,,
RL40A_YEAST_Mavor_2016,1253,In-class,20,0,0.28151,0.01542,,
RL40A_YEAST_Mavor_2016,1253,In-class,20,1,0.28373,0.01542,,
RL40A_YEAST_Mavor_2016,1253,In-class,20,2,0.30308,0.01542,,
RL40A_YEAST_Mavor_2016,1253,Cross-class,2,0,0.27975,0.01542,,
RL40A_YEAST_Mavor_2016,1253,Cross-class,2,1,0.49594,0.01542,,
RL40A_YEAST_Mavor_2016,1253,Cross-class,2,2,0.28698,0.01542,,
RL40A_YEAST_Mavor_2016,1253,Cross-class,6,0,0.03174,0.01542,,
RL40A_YEAST_Mavor_2016,1253,Cross-class,6,1,0.1213,0.01542,,
RL40A_YEAST_Mavor_2016,1253,Cross-class,6,2,0.19016,0.01542,,
RL40A_YEAST_Mavor_2016,1253,Cross-class,10,0,0.06347,0.01542,,
RL40A_YEAST_Mavor_2016,1253,Cross-class,10,1,-0.0095,0.01542,,
RL40A_YEAST_Mavor_2016,1253,Cross-class,10,2,0.02579,0.01542,,
RL40A_YEAST_Mavor_2016,1253,Cross-class,20,0,-0.08753,0.01542,,
RL40A_YEAST_Mavor_2016,1253,Cross-class,20,1,-0.03692,0.01542,,
RL40A_YEAST_Mavor_2016,1253,Cross-class,20,2,-0.08753,0.01542,,
TPK1_HUMAN_Weile_2017,3181,identity,0,0,0.3386,0.02033,0.33859,PASS
TPK1_HUMAN_Weile_2017,3181,random,2,0,0.26832,0.02033,,
TPK1_HUMAN_Weile_2017,3181,random,2,1,0.2653,0.02033,,
TPK1_HUMAN_Weile_2017,3181,random,2,2,0.25723,0.02033,,
TPK1_HUMAN_Weile_2017,3181,random,6,0,0.14267,0.02033,,
TPK1_HUMAN_Weile_2017,3181,random,6,1,0.05894,0.02033,,
TPK1_HUMAN_Weile_2017,3181,random,6,2,0.17577,0.02033,,
TPK1_HUMAN_Weile_2017,3181,random,10,0,0.04252,0.02033,,
TPK1_HUMAN_Weile_2017,3181,random,10,1,0.07221,0.02033,,
TPK1_HUMAN_Weile_2017,3181,random,10,2,0.0532,0.02033,,
TPK1_HUMAN_Weile_2017,3181,random,20,0,0.0211,0.02033,,
TPK1_HUMAN_Weile_2017,3181,random,20,1,0.0665,0.02033,,
TPK1_HUMAN_Weile_2017,3181,random,20,2,0.00111,0.02033,,
TPK1_HUMAN_Weile_2017,3181,In-class,2,0,0.32488,0.02033,,
TPK1_HUMAN_Weile_2017,3181,In-class,2,1,0.32488,0.02033,,
TPK1_HUMAN_Weile_2017,3181,In-class,2,2,0.30794,0.02033,,
TPK1_HUMAN_Weile_2017,3181,In-class,6,0,0.29978,0.02033,,
TPK1_HUMAN_Weile_2017,3181,In-class,6,1,0.28314,0.02033,,
TPK1_HUMAN_Weile_2017,3181,In-class,6,2,0.29754,0.02033,,
TPK1_HUMAN_Weile_2017,3181,In-class,10,0,0.26244,0.02033,,
TPK1_HUMAN_Weile_2017,3181,In-class,10,1,0.26767,0.02033,,
TPK1_HUMAN_Weile_2017,3181,In-class,10,2,0.26601,0.02033,,
TPK1_HUMAN_Weile_2017,3181,In-class,20,0,0.23978,0.02033,,
TPK1_HUMAN_Weile_2017,3181,In-class,20,1,0.24127,0.02033,,
TPK1_HUMAN_Weile_2017,3181,In-class,20,2,0.24507,0.02033,,
TPK1_HUMAN_Weile_2017,3181,Cross-class,2,0,0.16672,0.02033,,
TPK1_HUMAN_Weile_2017,3181,Cross-class,2,1,0.27982,0.02033,,
TPK1_HUMAN_Weile_2017,3181,Cross-class,2,2,0.20176,0.02033,,
TPK1_HUMAN_Weile_2017,3181,Cross-class,6,0,0.07501,0.02033,,
TPK1_HUMAN_Weile_2017,3181,Cross-class,6,1,0.14697,0.02033,,
TPK1_HUMAN_Weile_2017,3181,Cross-class,6,2,0.17908,0.02033,,
TPK1_HUMAN_Weile_2017,3181,Cross-class,10,0,0.0656,0.02033,,
TPK1_HUMAN_Weile_2017,3181,Cross-class,10,1,0.10311,0.02033,,
TPK1_HUMAN_Weile_2017,3181,Cross-class,10,2,0.08097,0.02033,,
TPK1_HUMAN_Weile_2017,3181,Cross-class,20,0,0.08517,0.02033,,
TPK1_HUMAN_Weile_2017,3181,Cross-class,20,1,0.08568,0.02033,,
TPK1_HUMAN_Weile_2017,3181,Cross-class,20,2,0.08517,0.02033,,
TRPC_SACS2_Chan_2017,1519,identity,0,0,0.65253,0.02689,0.65253,PASS
TRPC_SACS2_Chan_2017,1519,random,2,0,0.50057,0.02689,,
TRPC_SACS2_Chan_2017,1519,random,2,1,0.40771,0.02689,,
TRPC_SACS2_Chan_2017,1519,random,2,2,0.59963,0.02689,,
TRPC_SACS2_Chan_2017,1519,random,6,0,0.26243,0.02689,,
TRPC_SACS2_Chan_2017,1519,random,6,1,-0.02571,0.02689,,
TRPC_SACS2_Chan_2017,1519,random,6,2,0.50275,0.02689,,
TRPC_SACS2_Chan_2017,1519,random,10,0,0.19598,0.02689,,
TRPC_SACS2_Chan_2017,1519,random,10,1,0.02819,0.02689,,
TRPC_SACS2_Chan_2017,1519,random,10,2,0.02065,0.02689,,
TRPC_SACS2_Chan_2017,1519,random,20,0,-0.02802,0.02689,,
TRPC_SACS2_Chan_2017,1519,random,20,1,-0.06519,0.02689,,
TRPC_SACS2_Chan_2017,1519,random,20,2,-0.07025,0.02689,,
TRPC_SACS2_Chan_2017,1519,In-class,2,0,0.62218,0.02689,,
TRPC_SACS2_Chan_2017,1519,In-class,2,1,0.62218,0.02689,,
TRPC_SACS2_Chan_2017,1519,In-class,2,2,0.57669,0.02689,,
TRPC_SACS2_Chan_2017,1519,In-class,6,0,0.54359,0.02689,,
TRPC_SACS2_Chan_2017,1519,In-class,6,1,0.54853,0.02689,,
TRPC_SACS2_Chan_2017,1519,In-class,6,2,0.48931,0.02689,,
TRPC_SACS2_Chan_2017,1519,In-class,10,0,0.4432,0.02689,,
TRPC_SACS2_Chan_2017,1519,In-class,10,1,0.37383,0.02689,,
TRPC_SACS2_Chan_2017,1519,In-class,10,2,0.39674,0.02689,,
TRPC_SACS2_Chan_2017,1519,In-class,20,0,0.30978,0.02689,,
TRPC_SACS2_Chan_2017,1519,In-class,20,1,0.35718,0.02689,,
TRPC_SACS2_Chan_2017,1519,In-class,20,2,0.35364,0.02689,,
TRPC_SACS2_Chan_2017,1519,Cross-class,2,0,0.23495,0.02689,,
TRPC_SACS2_Chan_2017,1519,Cross-class,2,1,0.59024,0.02689,,
TRPC_SACS2_Chan_2017,1519,Cross-class,2,2,0.45606,0.02689,,
TRPC_SACS2_Chan_2017,1519,Cross-class,6,0,0.00884,0.02689,,
TRPC_SACS2_Chan_2017,1519,Cross-class,6,1,0.23225,0.02689,,
TRPC_SACS2_Chan_2017,1519,Cross-class,6,2,0.32171,0.02689,,
TRPC_SACS2_Chan_2017,1519,Cross-class,10,0,-0.07716,0.02689,,
TRPC_SACS2_Chan_2017,1519,Cross-class,10,1,-0.00954,0.02689,,
TRPC_SACS2_Chan_2017,1519,Cross-class,10,2,-0.03635,0.02689,,
TRPC_SACS2_Chan_2017,1519,Cross-class,20,0,-0.0452,0.02689,,
TRPC_SACS2_Chan_2017,1519,Cross-class,20,1,-0.05506,0.02689,,
TRPC_SACS2_Chan_2017,1519,Cross-class,20,2,-0.0452,0.02689,,
VKOR1_HUMAN_Chiasson_2020_abundance,2695,identity,0,0,0.4933,0.07378,0.4933,PASS
VKOR1_HUMAN_Chiasson_2020_abundance,2695,random,2,0,0.49165,0.07378,,
VKOR1_HUMAN_Chiasson_2020_abundance,2695,random,2,1,0.34785,0.07378,,
VKOR1_HUMAN_Chiasson_2020_abundance,2695,random,2,2,0.49905,0.07378,,
VKOR1_HUMAN_Chiasson_2020_abundance,2695,random,6,0,0.35915,0.07378,,
VKOR1_HUMAN_Chiasson_2020_abundance,2695,random,6,1,0.2524,0.07378,,
VKOR1_HUMAN_Chiasson_2020_abundance,2695,random,6,2,0.21508,0.07378,,
VKOR1_HUMAN_Chiasson_2020_abundance,2695,random,10,0,0.12068,0.07378,,
VKOR1_HUMAN_Chiasson_2020_abundance,2695,random,10,1,0.05921,0.07378,,
VKOR1_HUMAN_Chiasson_2020_abundance,2695,random,10,2,0.04823,0.07378,,
VKOR1_HUMAN_Chiasson_2020_abundance,2695,random,20,0,0.07797,0.07378,,
VKOR1_HUMAN_Chiasson_2020_abundance,2695,random,20,1,0.02365,0.07378,,
VKOR1_HUMAN_Chiasson_2020_abundance,2695,random,20,2,0.11784,0.07378,,
VKOR1_HUMAN_Chiasson_2020_abundance,2695,In-class,2,0,0.46621,0.07378,,
VKOR1_HUMAN_Chiasson_2020_abundance,2695,In-class,2,1,0.46621,0.07378,,
VKOR1_HUMAN_Chiasson_2020_abundance,2695,In-class,2,2,0.49722,0.07378,,
VKOR1_HUMAN_Chiasson_2020_abundance,2695,In-class,6,0,0.48073,0.07378,,
VKOR1_HUMAN_Chiasson_2020_abundance,2695,In-class,6,1,0.48943,0.07378,,
VKOR1_HUMAN_Chiasson_2020_abundance,2695,In-class,6,2,0.45901,0.07378,,
VKOR1_HUMAN_Chiasson_2020_abundance,2695,In-class,10,0,0.43886,0.07378,,
VKOR1_HUMAN_Chiasson_2020_abundance,2695,In-class,10,1,0.47284,0.07378,,
VKOR1_HUMAN_Chiasson_2020_abundance,2695,In-class,10,2,0.49044,0.07378,,
VKOR1_HUMAN_Chiasson_2020_abundance,2695,In-class,20,0,0.42462,0.07378,,
VKOR1_HUMAN_Chiasson_2020_abundance,2695,In-class,20,1,0.44885,0.07378,,
VKOR1_HUMAN_Chiasson_2020_abundance,2695,In-class,20,2,0.44489,0.07378,,
VKOR1_HUMAN_Chiasson_2020_abundance,2695,Cross-class,2,0,0.38024,0.07378,,
VKOR1_HUMAN_Chiasson_2020_abundance,2695,Cross-class,2,1,0.41928,0.07378,,
VKOR1_HUMAN_Chiasson_2020_abundance,2695,Cross-class,2,2,0.38489,0.07378,,
VKOR1_HUMAN_Chiasson_2020_abundance,2695,Cross-class,6,0,-0.04191,0.07378,,
VKOR1_HUMAN_Chiasson_2020_abundance,2695,Cross-class,6,1,0.31861,0.07378,,
VKOR1_HUMAN_Chiasson_2020_abundance,2695,Cross-class,6,2,0.03089,0.07378,,
VKOR1_HUMAN_Chiasson_2020_abundance,2695,Cross-class,10,0,0.01736,0.07378,,
VKOR1_HUMAN_Chiasson_2020_abundance,2695,Cross-class,10,1,0.05609,0.07378,,
VKOR1_HUMAN_Chiasson_2020_abundance,2695,Cross-class,10,2,-0.02609,0.07378,,
VKOR1_HUMAN_Chiasson_2020_abundance,2695,Cross-class,20,0,0.04042,0.07378,,
VKOR1_HUMAN_Chiasson_2020_abundance,2695,Cross-class,20,1,0.09142,0.07378,,
VKOR1_HUMAN_Chiasson_2020_abundance,2695,Cross-class,20,2,0.04042,0.07378,,
VKOR1_HUMAN_Chiasson_2020_activity,697,identity,0,0,0.43025,0.02024,0.43025,PASS
VKOR1_HUMAN_Chiasson_2020_activity,697,random,2,0,0.38001,0.02024,,
VKOR1_HUMAN_Chiasson_2020_activity,697,random,2,1,0.30315,0.02024,,
VKOR1_HUMAN_Chiasson_2020_activity,697,random,2,2,0.43389,0.02024,,
VKOR1_HUMAN_Chiasson_2020_activity,697,random,6,0,0.35063,0.02024,,
VKOR1_HUMAN_Chiasson_2020_activity,697,random,6,1,0.20596,0.02024,,
VKOR1_HUMAN_Chiasson_2020_activity,697,random,6,2,0.11786,0.02024,,
VKOR1_HUMAN_Chiasson_2020_activity,697,random,10,0,0.03495,0.02024,,
VKOR1_HUMAN_Chiasson_2020_activity,697,random,10,1,0.06416,0.02024,,
VKOR1_HUMAN_Chiasson_2020_activity,697,random,10,2,0.01172,0.02024,,
VKOR1_HUMAN_Chiasson_2020_activity,697,random,20,0,0.02665,0.02024,,
VKOR1_HUMAN_Chiasson_2020_activity,697,random,20,1,-0.00904,0.02024,,
VKOR1_HUMAN_Chiasson_2020_activity,697,random,20,2,0.07469,0.02024,,
VKOR1_HUMAN_Chiasson_2020_activity,697,In-class,2,0,0.36694,0.02024,,
VKOR1_HUMAN_Chiasson_2020_activity,697,In-class,2,1,0.36694,0.02024,,
VKOR1_HUMAN_Chiasson_2020_activity,697,In-class,2,2,0.43174,0.02024,,
VKOR1_HUMAN_Chiasson_2020_activity,697,In-class,6,0,0.38514,0.02024,,
VKOR1_HUMAN_Chiasson_2020_activity,697,In-class,6,1,0.36824,0.02024,,
VKOR1_HUMAN_Chiasson_2020_activity,697,In-class,6,2,0.35747,0.02024,,
VKOR1_HUMAN_Chiasson_2020_activity,697,In-class,10,0,0.35063,0.02024,,
VKOR1_HUMAN_Chiasson_2020_activity,697,In-class,10,1,0.35956,0.02024,,
VKOR1_HUMAN_Chiasson_2020_activity,697,In-class,10,2,0.44043,0.02024,,
VKOR1_HUMAN_Chiasson_2020_activity,697,In-class,20,0,0.35569,0.02024,,
VKOR1_HUMAN_Chiasson_2020_activity,697,In-class,20,1,0.3452,0.02024,,
VKOR1_HUMAN_Chiasson_2020_activity,697,In-class,20,2,0.36979,0.02024,,
VKOR1_HUMAN_Chiasson_2020_activity,697,Cross-class,2,0,0.36738,0.02024,,
VKOR1_HUMAN_Chiasson_2020_activity,697,Cross-class,2,1,0.35118,0.02024,,
VKOR1_HUMAN_Chiasson_2020_activity,697,Cross-class,2,2,0.31729,0.02024,,
VKOR1_HUMAN_Chiasson_2020_activity,697,Cross-class,6,0,-0.04428,0.02024,,
VKOR1_HUMAN_Chiasson_2020_activity,697,Cross-class,6,1,0.28102,0.02024,,
VKOR1_HUMAN_Chiasson_2020_activity,697,Cross-class,6,2,-0.02832,0.02024,,
VKOR1_HUMAN_Chiasson_2020_activity,697,Cross-class,10,0,-0.00252,0.02024,,
VKOR1_HUMAN_Chiasson_2020_activity,697,Cross-class,10,1,0.09709,0.02024,,
VKOR1_HUMAN_Chiasson_2020_activity,697,Cross-class,10,2,-0.06292,0.02024,,
VKOR1_HUMAN_Chiasson_2020_activity,697,Cross-class,20,0,-0.05566,0.02024,,
VKOR1_HUMAN_Chiasson_2020_activity,697,Cross-class,20,1,0.03436,0.02024,,
VKOR1_HUMAN_Chiasson_2020_activity,697,Cross-class,20,2,-0.05566,0.02024,,
